name	count	dlls	context
P291                             	21	BCCPlus.dll	p291 | `291
Effect Presets & Docs            	16	AE_16Bit.dll,AE_8Bit.dll,AE_Float.dll,BCCPlus.dll	Unused|Center X|Center Y|R
Single Path                      	15	AE_16Bit.dll,AE_8Bit.dll,AE_Float.dll	All Paths Separate|All Pat
Audio Graph Options              	13	AE_16Bit.dll,AE_8Bit.dll,AE_Float.dll,BCCPlus.dll	
Beat Reactor                     	13	AE_16Bit.dll,AE_8Bit.dll,AE_Float.dll,BCCPlus.dll	Unused|Center X|Center Y|R | Effect Presets & Docs
Chromatic Aberration             	13	AE_16Bit.dll,AE_8Bit.dll,AE_Float.dll,BCCPlus.dll	
External File                    	13	3DObjects,AE_16Bit.dll,AE_8Bit.dll,AE_Float.dll	Host Layer|External File | Host Sound Layer
Flare                            	13	AE_16Bit.dll,AE_8Bit.dll,AE_Float.dll,BCCPlus.dll	16 x 9
Light Flicker                    	13	AE_16Bit.dll,AE_8Bit.dll,AE_Float.dll,BCCPlus.dll	Edge Map | Location Map Layer
Orbs                             	13	AE_16Bit.dll,AE_8Bit.dll,AE_Float.dll,BCCPlus.dll	None|Image1 | Texture Custom Layer
Rays                             	13	AE_16Bit.dll,AE_8Bit.dll,AE_Float.dll,BCCPlus.dll	Final Apply Mode
Audio Apply Options A            	12	AE_16Bit.dll,AE_8Bit.dll,AE_Float.dll	Unused|Scale X|Scale Y|Tum
Audio Apply Options B            	12	AE_16Bit.dll,AE_8Bit.dll,AE_Float.dll	
Audio Apply Options C            	12	AE_16Bit.dll,AE_8Bit.dll,AE_Float.dll	
Audio Spectrum Options           	12	AE_16Bit.dll,AE_8Bit.dll,AE_Float.dll	Audio Apply Options C
Auto-Shimmer                     	12	AE_16Bit.dll,AE_8Bit.dll,AE_Float.dll	Light Flicker | Smooth|Sharp | Type
Background Map Layer             	12	AE_16Bit.dll,AE_8Bit.dll,AE_Float.dll	
Built-in Camera                  	12	AE_16Bit.dll,AE_8Bit.dll,AE_Float.dll	None|Grid Only|Grid & Refl
Chroma Fan                       	12	AE_16Bit.dll,AE_8Bit.dll,AE_Float.dll	
Chroma Hoop                      	12	AE_16Bit.dll,AE_8Bit.dll,AE_Float.dll	
Discs                            	12	AE_16Bit.dll,AE_8Bit.dll,AE_Float.dll	
Elliptical Caustic               	12	AE_16Bit.dll,AE_8Bit.dll,AE_Float.dll	
Faded Ring                       	12	AE_16Bit.dll,AE_8Bit.dll,AE_Float.dll	
Flare Trigger                    	12	AE_16Bit.dll,AE_8Bit.dll,AE_Float.dll	
Glows                            	12	AE_16Bit.dll,AE_8Bit.dll,AE_Float.dll	
Hollows                          	12	AE_16Bit.dll,AE_8Bit.dll,AE_Float.dll	
Host Sound Layer                 	12	AE_16Bit.dll,AE_8Bit.dll,AE_Float.dll	Beat Reactor | Host Layer|External File
Orb Custom Layer                 	12	AE_16Bit.dll,AE_8Bit.dll,AE_Float.dll	None|Image1
Polygons                         	12	AE_16Bit.dll,AE_8Bit.dll,AE_Float.dll	Fog
Star Caustic                     	12	AE_16Bit.dll,AE_8Bit.dll,AE_Float.dll	
Stripe                           	12	AE_16Bit.dll,AE_8Bit.dll,AE_Float.dll	
Texture Custom Layer             	12	AE_16Bit.dll,AE_8Bit.dll,AE_Float.dll	Texture/Orbs On Lens | None|Texture|Custom Layer | None|Image1
None                             	11	3DObjects,AE_16Bit.dll,AE_8Bit.dll,AE_Float.dll,BCCPlus.dll,Common	I
Edge                             	10	AE_16Bit.dll,AE_8Bit.dll,AE_Float.dll,BCCPlus.dll	Luminance | Luma Map
Luminance                        	10	AE_16Bit.dll,AE_8Bit.dll,AE_Float.dll,BCCPlus.dll	Forward|Backward|Forward_B
Built-in                          	9	AE_16Bit.dll,AE_8Bit.dll,AE_Float.dll	Built-in|Luminance|Edge Ma
Edge Map                          	9	AE_16Bit.dll,AE_8Bit.dll,AE_Float.dll	Luminance | Luma Map | Edge
Location Map Layer                	9	AE_16Bit.dll,AE_8Bit.dll,AE_Float.dll	Edge | Edge Map
Luma Map                          	9	AE_16Bit.dll,AE_8Bit.dll,AE_Float.dll	Forward|Backward|Forward_B | Luminance
Obscuration Map Layer             	9	AE_16Bit.dll,AE_8Bit.dll,AE_Float.dll	Fog | Scale By Distance
Scale By Distance                 	9	AE_16Bit.dll,AE_8Bit.dll,AE_Float.dll	Fog
Time                              	9	3DObjects,AE_16Bit.dll,AE_8Bit.dll,AE_Float.dll,BCCPlus.dll,Common	BCC Fast Lens Blur
AE Mask                           	8	3DObjects,AE_16Bit.dll,AE_8Bit.dll,AE_Float.dll	
CDATA                             	8	BCCPlus.dll,Common	xml=http://www.w3.org/XML/ | #
ENTITIES                          	8	BCCPlus.dll,Common	CDATA | ID | IDREF | IDREFS | ENTITY | |
ENTITY                            	8	BCCPlus.dll,Common	xml=http://www.w3.org/XML/ | # | CDATA | ID | IDREF | IDREFS
HASP-SL-AdminMode                 	8	BCCPlus.dll,Common	HASP-SL | SL-AdminMode | Net250+ | unknown | HASP-HL
IDREF                             	8	BCCPlus.dll,Common	xml=http://www.w3.org/XML/ | # | CDATA | ID
IDREFS                            	8	BCCPlus.dll,Common	xml=http://www.w3.org/XML/ | # | CDATA | ID | IDREF
INCLUDE                           	8	3DObjects,AE_16Bit.dll,AE_8Bit.dll,AE_Float.dll,BCCPlus.dll,Common	IESNA91 | IESNA:LM-63-1995 | IESNA:LM-63-2002 | TILT | NONE
NMTOKEN                           	8	BCCPlus.dll,Common	IDREF | IDREFS | ENTITY | | | ENTITIES | (
NMTOKENS                          	8	BCCPlus.dll,Common	IDREFS | ENTITY | | | ENTITIES | ( | NMTOKEN
NOT SET                           	8	AE_16Bit.dll,AE_8Bit.dll,AE_Float.dll,BCCPlus.dll	%d %d %d %d %d %d %f %f %f
PF Param Utils Suite              	8	3DObjects,AE_16Bit.dll,AE_8Bit.dll,AE_Float.dll,BCCPlus.dll	SetControl - controlID != | AEGP Dynamic Stream Suite
SL-UserMode                       	8	BCCPlus.dll,Common	Pro | Drive | NetTime250+ | SuperDog | HASP-SL-UserMode
SYSTEM                            	8	3DObjects,BCCPlus.dll,Common	clGetKernelWorkGroupInfo
US-ASCII                          	8	3DObjects,AE_16Bit.dll,AE_8Bit.dll,AE_Float.dll,BCCPlus.dll,Common	timeHndl1 | timeHndl2 | SpatialTangentX | SpatialTangentY | in | .bap
Comp                              	7	3DObjects,AE_16Bit.dll,AE_8Bit.dll,AE_Float.dll	Built-in
ENDLAYER                          	7	AE_16Bit.dll,AE_8Bit.dll,AE_Float.dll,BCCPlus.dll	# 6 | # 7 | %d
Host Mask                         	7	AE_16Bit.dll,AE_8Bit.dll,AE_Float.dll,BCCPlus.dll	
Point                             	7	AE_16Bit.dll,AE_8Bit.dll,AE_Float.dll,BCCPlus.dll	Crop | Mocha Mask | Host Mask
Unknown                           	7	3DObjects,BCCPlus.dll,Common	\\.\Cdrom%u | \\.\PhysicalDrive%u | SOFTWARE\Microsoft\Windows
ADVAPI32.DLL                      	6	BCCPlus.dll,Common	SOFTWARE\Microsoft\Virtual | FreeSid
BCC Match Move                    	6	3DObjects,AE_16Bit.dll,AE_8Bit.dll,AE_Float.dll,BCCPlus.dll,Common	BCC Pan and Zoom | BCC UpRez OBSOLETE
BCC Warp                          	6	3DObjects,AE_16Bit.dll,AE_8Bit.dll,AE_Float.dll,BCCPlus.dll,Common	BCC Spline Color Grade | BCC Organic Strands | BCC Scatter 3D | BCC Fire And Smoke
Corner Pins                       	6	AE_16Bit.dll,AE_8Bit.dll,AE_Float.dll	Foreground / Insert Layer | Show Foreground / Insert
Crop                              	6	AE_16Bit.dll,AE_8Bit.dll,AE_Float.dll	4D | Corner Pin Source
FreeSid                           	6	BCCPlus.dll,Common	SOFTWARE\Microsoft\Virtual
HASP-HL                           	6	BCCPlus.dll,Common	HASP-SL | SL-AdminMode | Net250+ | unknown
HASP-SL-UserMode                  	6	BCCPlus.dll,Common	Max | Basic | Pro | Drive | NetTime250+ | SuperDog
Inverse Path                      	6	AE_16Bit.dll,AE_8Bit.dll,AE_Float.dll	None|Use All Paths|Choose  | %s
Light Source 1                    	6	AE_16Bit.dll,AE_8Bit.dll,AE_Float.dll	Target Map Layer
Light Source 2                    	6	AE_16Bit.dll,AE_8Bit.dll,AE_Float.dll	Cone Feather 1 | Light Model 1 | Offset Source 1 | Target 1
Light Source 3                    	6	AE_16Bit.dll,AE_8Bit.dll,AE_Float.dll	Off|Natural | Light Model 2 | Offset Source 2 | Target 2
Main                              	6	3DObjects,AE_16Bit.dll,AE_8Bit.dll,AE_Float.dll,BCCPlus.dll,Common	Take System Branch
Oct 27 2025                       	6	3DObjects,AE_16Bit.dll,AE_8Bit.dll,AE_Float.dll,BCCPlus.dll	
SleepConditionVariableCS          	6	3DObjects,AE_16Bit.dll,AE_8Bit.dll,AE_Float.dll,BCCPlus.dll,Common	3 | 2 | . | d | l | l
Source Pins                       	6	AE_16Bit.dll,AE_8Bit.dll,AE_Float.dll	Background Preview | Corner Pins
WSAGetLastError                   	6	BCCPlus.dll,Common	ntohl | gethostname | gethostbyaddr | WSAAsyncSelect | WSAStartup | WSACleanup
WSAStartup                        	6	BCCPlus.dll,Common	htons | htonl | ntohl | gethostname | gethostbyaddr | WSAAsyncSelect
WakeAllConditionVariable          	6	3DObjects,AE_16Bit.dll,AE_8Bit.dll,AE_Float.dll,BCCPlus.dll,Common	2 | . | d | l | l | SleepConditionVariableCS
AE Plugin Helper Suite2           	5	3DObjects,AE_16Bit.dll,AE_8Bit.dll,AE_Float.dll,BCCPlus.dll	
AEGP Layer Mask Suite             	5	3DObjects,AE_16Bit.dll,AE_8Bit.dll,AE_Float.dll,BCCPlus.dll	Mask | mask
AEGP Memory Suite                 	5	3DObjects,AE_16Bit.dll,AE_8Bit.dll,AE_Float.dll,BCCPlus.dll	AEGP Light Suite | light
AEGP PF Interface Suite           	5	3DObjects,AE_16Bit.dll,AE_8Bit.dll,AE_Float.dll,BCCPlus.dll	
AEGP Stream Suite                 	5	3DObjects,AE_16Bit.dll,AE_8Bit.dll,AE_Float.dll,BCCPlus.dll	AEGP PF Interface Suite | AEGP Effect Suite
AEGP Utility Suite                	5	3DObjects,AE_16Bit.dll,AE_8Bit.dll,AE_Float.dll,BCCPlus.dll	GlobalBankQueue::SetIsDisa
Application transferred too few scanlines	5	3DObjects,AE_16Bit.dll,AE_8Bit.dll,AE_Float.dll,BCCPlus.dll	Seek failed on temporary f | Write failed on temporary
Application transferred too many scanlines	5	3DObjects,AE_16Bit.dll,AE_8Bit.dll,AE_Float.dll,BCCPlus.dll	Invalid SOS parameters for
BCC 2D Particles                  	5	3DObjects,AE_16Bit.dll,AE_8Bit.dll,AE_Float.dll,Common	BCC Scatterize | BCC 3D Image Shatter
BCC 3 Way Color Grade             	5	3DObjects,AE_16Bit.dll,AE_8Bit.dll,AE_Float.dll,Common	BCC Particle Array 3D | BCC Lens Shape | BCC Noise Reduction OBSOLE
BCC 3D Extruded Image Shatter     	5	3DObjects,AE_16Bit.dll,AE_8Bit.dll,AE_Float.dll,Common	BCC Particle Array 3D OBS | BCC Particle System | BCC Pin Art 3D OBS
BCC 3D Extruded ImageShatter      	5	3DObjects,AE_16Bit.dll,AE_8Bit.dll,AE_Float.dll,Common	BCC Radial Pattern Wipe | BCC Safe Colors | BCC Film Process OBS | BCC Glow OBS
BCC 3D Image Shatter              	5	3DObjects,AE_16Bit.dll,AE_8Bit.dll,AE_Float.dll,Common	BCC Scatterize
BCC 3D Image Shatter OBS          	5	3DObjects,AE_16Bit.dll,AE_8Bit.dll,AE_Float.dll,Common	BCC Particle System | BCC Pin Art 3D OBS | BCC 3D Extruded Image Shat
BCC Alpha Pixel Noise OBS         	5	3DObjects,AE_16Bit.dll,AE_8Bit.dll,AE_Float.dll,Common	BCC Polar Displacement | BCC Ripple | BCC Twirl | BCC Vector Displacement | BCC Wave
BCC Alpha Process                 	5	3DObjects,AE_16Bit.dll,AE_8Bit.dll,AE_Float.dll,Common	BCC Weave OBSOLETE | BCC Wood Grain OBSOLETE | BCC Wooden Planks OBSOLETE
BCC Alpha Spotlight OBS           	5	3DObjects,AE_16Bit.dll,AE_8Bit.dll,AE_Float.dll,Common	BCC 2D Particles | BCC Spotlight | BCC Reverse Spotlight | BCC Light Sweep | BCC Edge Light
BCC Artists Poster                	5	3DObjects,AE_16Bit.dll,AE_8Bit.dll,AE_Float.dll,Common	BCC Unsharp Mask | BCC Radial Blur OBSOLETE | BCC Spiral Blur OBSOLETE
BCC Artists Poster OBS            	5	3DObjects,AE_16Bit.dll,AE_8Bit.dll,AE_Float.dll,Common	BCC Pixel Chooser OBS | BCC Two Way Key OBS | BCC Artist's Poster
BCC Beat Reactor                  	5	3DObjects,AE_16Bit.dll,AE_8Bit.dll,AE_Float.dll,Common	BCC Noise Reduction OBSOLE | BCC 3 Way Color Grade | BCC Particle Emitter 3D
BCC Beauty Studio OBSOLETE        	5	3DObjects,AE_16Bit.dll,AE_8Bit.dll,AE_Float.dll,Common	BCC Noise Reduction 2
BCC Blobs Wipe                    	5	3DObjects,AE_16Bit.dll,AE_8Bit.dll,AE_Float.dll,Common	BCC Lens Flare Dissolve | BCC Film Damage Dissolve | BCC Ribbon Wipe
BCC Blur                          	5	3DObjects,AE_16Bit.dll,AE_8Bit.dll,AE_Float.dll,BCCPlus.dll	BCC Matte Cleanup | BCC Star Matte OBS | BCC Two Way Key OBSOLETE
BCC Blur Dissolve OBSOLETE        	5	3DObjects,AE_16Bit.dll,AE_8Bit.dll,AE_Float.dll,Common	BCC Vignette OBSOLETE | BCC Film Glow Dissolve OBS | BCC Flutter Cut OBSOLETE
BCC Boost Blend                   	5	3DObjects,AE_16Bit.dll,AE_8Bit.dll,AE_Float.dll,Common	BCC Radial Wipe OBS | BCC Rectangular Wipe OBS | BCC Textured Wipe OBS
BCC Boost Blend OBS               	5	3DObjects,AE_16Bit.dll,AE_8Bit.dll,AE_Float.dll,Common	BCC Radial Blur OBSOLETE | BCC Spiral Blur OBSOLETE | BCC Artists Poster
BCC Brick OBSOLETE                	5	3DObjects,AE_16Bit.dll,AE_8Bit.dll,AE_Float.dll,Common	BCC Displacement Map | BCC Fast Flipper | BCC Bump Map
BCC Brightness Contrast           	5	3DObjects,AE_16Bit.dll,AE_8Bit.dll,AE_Float.dll,Common	BCC Spray Paint Noise | BCC Unsharp Mask OBS | BCC Brightness-Contrast
BCC Brightness Contrast OBS       	5	3DObjects,AE_16Bit.dll,AE_8Bit.dll,AE_Float.dll,Common	BCC Unsharp Mask OBS | BCC Brightness-Contrast | BCC Brightness Contrast
BCC Brightness-Contrast           	5	3DObjects,AE_16Bit.dll,AE_8Bit.dll,AE_Float.dll,Common	BCC Posterize OBS | BCC Spray Paint Noise | BCC Unsharp Mask OBS
BCC Broadcast Safe                	5	3DObjects,AE_16Bit.dll,AE_8Bit.dll,AE_Float.dll,Common	BCC VR Insert | BCC VR Sharpen
BCC Bulge                         	5	3DObjects,AE_16Bit.dll,AE_8Bit.dll,AE_Float.dll,Common	BCC Sphere | BCC Cylinder | BCC Cube | BCC Sphere Transition
BCC Bump Map                      	5	3DObjects,AE_16Bit.dll,AE_8Bit.dll,AE_Float.dll,Common	BCC Bulge | BCC Displacement Map | BCC Fast Flipper
BCC Burnt Film                    	5	3DObjects,AE_16Bit.dll,AE_8Bit.dll,AE_Float.dll,Common	BCC Bump Map | BCC Brick OBSOLETE | BCC Rock OBSOLETE
BCC Cartoon Look                  	5	3DObjects,AE_16Bit.dll,AE_8Bit.dll,AE_Float.dll,Common	BCC Soften | BCC Difference Edges
BCC Cartooner                     	5	3DObjects,AE_16Bit.dll,AE_8Bit.dll,AE_Float.dll,Common	BCC Twirl | BCC Vector Displacement | BCC Wave | BCC Alpha Pixel Noise OBS
BCC Cast Shadow                   	5	3DObjects,AE_16Bit.dll,AE_8Bit.dll,AE_Float.dll,Common	BCC Curl | BCC Corner Pin Studio | BCC Reflection
BCC Caustics                      	5	3DObjects,AE_16Bit.dll,AE_8Bit.dll,AE_Float.dll,Common	BCC Trails Basic | BCC Z Space I OBS | BCC Witness Protection OBS | BCC Z-Blur
BCC Charcoal Sketch               	5	3DObjects,AE_16Bit.dll,AE_8Bit.dll,AE_Float.dll,Common	BCC Water Color | BCC Free Glitter | BCC Pencil Sketch
BCC Checker Wipe                  	5	3DObjects,AE_16Bit.dll,AE_8Bit.dll,AE_Float.dll,Common	BCC Waves Dissolve | BCC Ripple Dissolve | BCC Rays Dissolve OBSOLETE | BCC Cloud Wipe
BCC Chroma Key                    	5	3DObjects,AE_16Bit.dll,AE_8Bit.dll,AE_Float.dll,Common	BCC Wood Grain OBSOLETE | BCC Wooden Planks OBSOLETE | BCC Alpha Process
BCC Chroma Key Studio             	5	3DObjects,AE_16Bit.dll,AE_8Bit.dll,AE_Float.dll,Common	BCC Rings Wipe | BCC Lens Flash | BCC Lens Flare Round | BCC Lens Flare Spiked
BCC Cloth OBSOLETE                	5	3DObjects,AE_16Bit.dll,AE_8Bit.dll,AE_Float.dll,Common	BCC Bump Map | BCC Brick OBSOLETE | BCC Rock OBSOLETE | BCC Burnt Film
BCC Clouds OBSOLETE               	5	3DObjects,AE_16Bit.dll,AE_8Bit.dll,AE_Float.dll,Common	BCC Brick OBSOLETE | BCC Rock OBSOLETE | BCC Burnt Film | BCC Cloth OBSOLETE
BCC Color Balance                 	5	3DObjects,AE_16Bit.dll,AE_8Bit.dll,AE_Float.dll,Common	BCC Artists Poster | BCC Boost Blend OBS | BCC Brightness Contrast OB
BCC Color Balance OBS             	5	3DObjects,AE_16Bit.dll,AE_8Bit.dll,AE_Float.dll,Common	BCC Brightness-Contrast | BCC Brightness Contrast | BCC Brightness Contrast OB
BCC Color Choker                  	5	3DObjects,AE_16Bit.dll,AE_8Bit.dll,AE_Float.dll,Common	BCC Corner Pin OBS | BCC Shift Channels | BCC Edge Bevel OBS | BCC Turbulence
BCC Color Correction              	5	3DObjects,AE_16Bit.dll,AE_8Bit.dll,AE_Float.dll,Common	BCC Boost Blend OBS | BCC Brightness Contrast OB | BCC Color Balance
BCC Color Correction OBS          	5	3DObjects,AE_16Bit.dll,AE_8Bit.dll,AE_Float.dll,Common	BCC Brightness Contrast | BCC Brightness Contrast OB | BCC Color Balance OBS
BCC Color Match                   	5	3DObjects,AE_16Bit.dll,AE_8Bit.dll,AE_Float.dll,Common	BCC Glitter OBSOLETE | BCC Criss-Cross Wipe | BCC Cartooner DL | BCC Halftone
BCC Color Palette OBS             	5	3DObjects,AE_16Bit.dll,AE_8Bit.dll,AE_Float.dll,Common	BCC Brightness Contrast OB | BCC Color Balance | BCC Color Correction
BCC Colorize                      	5	3DObjects,AE_16Bit.dll,AE_8Bit.dll,AE_Float.dll,Common	BCC Light Zoom OBS | BCC Make Alpha | BCC Film Damage OBSOLETE | BCC Film Grain OBSOLETE
BCC Colorize Glow                 	5	3DObjects,AE_16Bit.dll,AE_8Bit.dll,AE_Float.dll,Common	BCC Vector Displacement | BCC Wave | BCC Alpha Pixel Noise OBS | BCC Cartooner
BCC Colorize Glow Dissolve        	5	3DObjects,AE_16Bit.dll,AE_8Bit.dll,AE_Float.dll,Common	BCC Prism Dissolve OBSOLET | BCC Curl Dissolve | BCC Grunge Dissolve
BCC Comet OBSOLETE                	5	3DObjects,AE_16Bit.dll,AE_8Bit.dll,AE_Float.dll,Common	BCC Spotlight | BCC Reverse Spotlight | BCC Light Sweep | BCC Edge Light | BCC Alpha Spotlight OBS
BCC Composite                     	5	3DObjects,AE_16Bit.dll,AE_8Bit.dll,AE_Float.dll,Common	BCC Color Balance | BCC Color Correction | BCC Color Palette OBS
BCC Composite Choker              	5	3DObjects,AE_16Bit.dll,AE_8Bit.dll,AE_Float.dll,Common	BCC Wood Grain OBSOLETE | BCC Wooden Planks OBSOLETE | BCC Alpha Process | BCC Chroma Key
BCC Composite Dissolve            	5	3DObjects,AE_16Bit.dll,AE_8Bit.dll,AE_Float.dll,Common	BCC Vector Blur Dissolve | BCC Tritone Dissolve | BCC Water Waves Dissolve
BCC Composite OBS                 	5	3DObjects,AE_16Bit.dll,AE_8Bit.dll,AE_Float.dll,Common	BCC Textured Wipe OBS | BCC Boost Blend | BCC RT Chroma Key
BCC Corner Pin OBS                	5	3DObjects,AE_16Bit.dll,AE_8Bit.dll,AE_Float.dll,Common	BCC Halftone | BCC Color Match | BCC Median | BCC Optical Stabilizer | BCC Motion Key OBSOLETE
BCC Corner Pin Studio             	5	3DObjects,AE_16Bit.dll,AE_8Bit.dll,AE_Float.dll,Common	BCC Curl
BCC Correct Selected              	5	3DObjects,AE_16Bit.dll,AE_8Bit.dll,AE_Float.dll,Common	BCC Color Balance | BCC Color Correction | BCC Color Palette OBS | BCC Composite
BCC Correct Selected Color        	5	3DObjects,AE_16Bit.dll,AE_8Bit.dll,AE_Float.dll,Common	BCC Brightness Contrast OB | BCC Color Balance OBS | BCC Color Correction OBS
BCC Crash Zoom Dissolve OBSOLETE  	5	3DObjects,AE_16Bit.dll,AE_8Bit.dll,AE_Float.dll,Common	BCC Curl | BCC Corner Pin Studio | BCC Reflection | BCC Cast Shadow
BCC Criss-Cross Wipe              	5	3DObjects,AE_16Bit.dll,AE_8Bit.dll,AE_Float.dll,Common	BCC Multi Stripe Wipe | BCC Misalignment | BCC Glare OBSOLETE | BCC Glitter OBSOLETE
BCC Cross Glitch                  	5	3DObjects,AE_16Bit.dll,AE_8Bit.dll,AE_Float.dll,Common	BCC Dropout Fixer | BCC Cross Melt | BCC Cross Zoom OBSOLETE | BCC Video Glitch OBSOLETE
BCC Cross Melt                    	5	3DObjects,AE_16Bit.dll,AE_8Bit.dll,AE_Float.dll,Common	BCC Noise Reduction 2 | BCC Beauty Studio OBSOLETE | BCC Dropout Fixer
BCC Cross Zoom OBSOLETE           	5	3DObjects,AE_16Bit.dll,AE_8Bit.dll,AE_Float.dll,Common	BCC Noise Reduction 2 | BCC Beauty Studio OBSOLETE | BCC Dropout Fixer | BCC Cross Melt
BCC Cube                          	5	3DObjects,AE_16Bit.dll,AE_8Bit.dll,AE_Float.dll,Common	We don't use name 0 | BCC Page Turn | BCC Sphere | BCC Cylinder
BCC Curl                          	5	3DObjects,AE_16Bit.dll,AE_8Bit.dll,AE_Float.dll,Common	
BCC Curl Dissolve                 	5	3DObjects,AE_16Bit.dll,AE_8Bit.dll,AE_Float.dll,Common	BCC Particle Illusion Diss | BCC Spill Remover OBSOLETE | BCC Prism Dissolve OBSOLET
BCC Cylinder                      	5	3DObjects,AE_16Bit.dll,AE_8Bit.dll,AE_Float.dll,Common	We don't use name 0 | BCC Page Turn | BCC Sphere
BCC DV Fixer OBSOLETE             	5	3DObjects,AE_16Bit.dll,AE_8Bit.dll,AE_Float.dll,Common	BCC Free Glitter | BCC Pencil Sketch | BCC Charcoal Sketch | BCC Smooth Tone OBS
BCC Damaged TV                    	5	3DObjects,AE_16Bit.dll,AE_8Bit.dll,AE_Float.dll,Common	
BCC Damaged TV Dissolve           	5	3DObjects,AE_16Bit.dll,AE_8Bit.dll,AE_Float.dll,Common	BCC Tritone Dissolve | BCC Water Waves Dissolve | BCC Composite Dissolve
BCC DeGrain OBS                   	5	3DObjects,AE_16Bit.dll,AE_8Bit.dll,AE_Float.dll,Common	BCC Rays_Ring OBSOLETE | BCC Rays_Radiant Edges | BCC Rays_Radiant Spotlight
BCC DeNoise OBS                   	5	3DObjects,AE_16Bit.dll,AE_8Bit.dll,AE_Float.dll,Common	BCC Z-Blur | BCC Caustics | BCC Glow Alpha Edges | BCC Rays_Puffy
BCC Deinterlace                   	5	3DObjects,AE_16Bit.dll,AE_8Bit.dll,AE_Float.dll,Common	BCC Light Wrap OBSOLETE | BCC Z Space II OBS | BCC Match Grain
BCC Directional Blur OBSOLETE     	5	3DObjects,AE_16Bit.dll,AE_8Bit.dll,AE_Float.dll,Common	BCC Matte Cleanup | BCC Star Matte OBS | BCC Two Way Key OBSOLETE | BCC Blur
BCC Displacement Map              	5	3DObjects,AE_16Bit.dll,AE_8Bit.dll,AE_Float.dll,Common	BCC Cylinder | BCC Cube | BCC Sphere Transition | BCC Bulge
BCC Drop Shadow                   	5	3DObjects,AE_16Bit.dll,AE_8Bit.dll,AE_Float.dll,Common	BCC Wave | BCC Alpha Pixel Noise OBS | BCC Cartooner | BCC Colorize Glow
BCC Dropout Fixer                 	5	3DObjects,AE_16Bit.dll,AE_8Bit.dll,AE_Float.dll,Common	BCC Noise Reduction 2 | BCC Beauty Studio OBSOLETE
BCC Dust and Scratches            	5	3DObjects,AE_16Bit.dll,AE_8Bit.dll,AE_Float.dll,Common	BCC Z-Blur | BCC Caustics | BCC Glow Alpha Edges | BCC Rays_Puffy | BCC DeNoise OBS
BCC Edge Bevel                    	5	3DObjects,AE_16Bit.dll,AE_8Bit.dll,AE_Float.dll,Common	BCC Fast Flipper OBS | BCC Pan And Zoom | BCC RT Pan and Zoom | BCC RT Pan And Zoom
BCC Edge Bevel OBS                	5	3DObjects,AE_16Bit.dll,AE_8Bit.dll,AE_Float.dll,Common	BCC Optical Stabilizer | BCC Motion Key OBSOLETE | BCC Corner Pin OBS | BCC Shift Channels
BCC Edge Cleaner OBSOLETE         	5	3DObjects,AE_16Bit.dll,AE_8Bit.dll,AE_Float.dll,Common	BCC Cast Shadow | BCC Crash Zoom Dissolve OB | BCC Spin Blur Dissolve OBS
BCC Edge Grunge                   	5	3DObjects,AE_16Bit.dll,AE_8Bit.dll,AE_Float.dll,Common	BCC Water Waves Dissolve | BCC Composite Dissolve | BCC Damaged TV Dissolve
BCC Edge Light                    	5	3DObjects,AE_16Bit.dll,AE_8Bit.dll,AE_Float.dll,Common	BCC 2D Particles | BCC Spotlight | BCC Reverse Spotlight | BCC Light Sweep
BCC Edge Lighting                 	5	3DObjects,AE_16Bit.dll,AE_8Bit.dll,AE_Float.dll,Common	BCC Safe Colors OBS | Lens Correction
BCC Emboss                        	5	3DObjects,AE_16Bit.dll,AE_8Bit.dll,AE_Float.dll,Common	BCC Optical Flow OBSOLETE | BCC Looper | BCC Pyramid Blur OBSOLETE
BCC Extruded Spline               	5	3DObjects,AE_16Bit.dll,AE_8Bit.dll,AE_Float.dll,Common	BCC Swish Pan OBSOLETE | BCC Swish Wipe | BCC Convolution | BCC Extruded Text
BCC Extruded Text                 	5	3DObjects,AE_16Bit.dll,AE_8Bit.dll,AE_Float.dll,Common	BCC Swish Pan OBSOLETE | BCC Swish Wipe | BCC Convolution
BCC Fast Film Glow Dissolve OBSOLETE	5	3DObjects,AE_16Bit.dll,AE_8Bit.dll,AE_Float.dll,Common	BCC Fast Lens Blur OBSOLET | BCC Fast Film Glow OBSOLET | BCC Lens Blur Dissolve
BCC Fast Film Glow OBSOLETE       	5	3DObjects,AE_16Bit.dll,AE_8Bit.dll,AE_Float.dll,Common	BCC Edge Grunge | BCC Fast Film Process OBSO | BCC Fast Lens Blur OBSOLET
BCC Fast Film Process OBSOLETE    	5	3DObjects,AE_16Bit.dll,AE_8Bit.dll,AE_Float.dll,Common	BCC Water Waves Dissolve | BCC Composite Dissolve | BCC Damaged TV Dissolve | BCC Edge Grunge
BCC Fast Flipper                  	5	3DObjects,AE_16Bit.dll,AE_8Bit.dll,AE_Float.dll,Common	BCC Cylinder | BCC Cube | BCC Sphere Transition | BCC Bulge | BCC Displacement Map
BCC Fast Flipper OBS              	5	3DObjects,AE_16Bit.dll,AE_8Bit.dll,AE_Float.dll,Common	BCC Pin Art 3D OBS | BCC 3D Extruded Image Shat | BCC 3D Image Shatter OBS
BCC Fast Lens Blur OBSOLETE       	5	3DObjects,AE_16Bit.dll,AE_8Bit.dll,AE_Float.dll,Common	BCC Composite Dissolve | BCC Damaged TV Dissolve | BCC Edge Grunge | BCC Fast Film Process OBSO
BCC Film Damage OBSOLETE          	5	3DObjects,AE_16Bit.dll,AE_8Bit.dll,AE_Float.dll,Common	BCC Emboss | BCC Rough Glow OBS | BCC Light Zoom OBS | BCC Make Alpha
BCC Film Glow Dissolve OBS        	5	3DObjects,AE_16Bit.dll,AE_8Bit.dll,AE_Float.dll,Common	BCC Two Strip Color OBSOLE | BCC Vignette Wipe OBSOLETE | BCC Vignette OBSOLETE
BCC Film Glow OBS                 	5	3DObjects,AE_16Bit.dll,AE_8Bit.dll,AE_Float.dll,Common	FEC Rays_Directional | BCC Flicker Fixer
BCC Film Grain OBSOLETE           	5	3DObjects,AE_16Bit.dll,AE_8Bit.dll,AE_Float.dll,Common	BCC Rough Glow OBS | BCC Light Zoom OBS | BCC Make Alpha | BCC Film Damage OBSOLETE
BCC Film Process                  	5	3DObjects,AE_16Bit.dll,AE_8Bit.dll,AE_Float.dll,Common	> | < | / | n | l | >
BCC Film Process OBS              	5	3DObjects,AE_16Bit.dll,AE_8Bit.dll,AE_Float.dll,Common	BCC Rectangular Wipe OBSOL | BCC Radial Pattern Wipe | BCC Safe Colors
BCC Fire OBS                      	5	3DObjects,AE_16Bit.dll,AE_8Bit.dll,AE_Float.dll,Common	BCC Rock OBSOLETE | BCC Burnt Film | BCC Cloth OBSOLETE | BCC Clouds OBSOLETE
BCC Flicker Fixer                 	5	3DObjects,AE_16Bit.dll,AE_8Bit.dll,AE_Float.dll,Common	BCC Wild Cards | BCC Lens Flare 3D | FEC Rays_Directional
BCC Flutter Cut OBSOLETE          	5	3DObjects,AE_16Bit.dll,AE_8Bit.dll,AE_Float.dll,Common	BCC Vignette Wipe OBSOLETE | BCC Vignette OBSOLETE | BCC Film Glow Dissolve OBS
BCC Fractal Noise OBSOLETE        	5	3DObjects,AE_16Bit.dll,AE_8Bit.dll,AE_Float.dll,Common	BCC Burnt Film | BCC Cloth OBSOLETE | BCC Clouds OBSOLETE | BCC Fire OBS
BCC Gaussian Blur OBSOLETE        	5	3DObjects,AE_16Bit.dll,AE_8Bit.dll,AE_Float.dll,Common	BCC Two Way Key OBSOLETE | BCC Blur | BCC Directional Blur OBSOL
BCC Glare OBSOLETE                	5	3DObjects,AE_16Bit.dll,AE_8Bit.dll,AE_Float.dll,Common	BCC Glint OBSOLETE | BCC Multi Stripe Wipe | BCC Misalignment
BCC Glint OBSOLETE                	5	3DObjects,AE_16Bit.dll,AE_8Bit.dll,AE_Float.dll,Common	BCC Safe Colors | BCC Film Process OBS | BCC Glow OBS | BCC 3D Extruded ImageShatt
BCC Glitter OBSOLETE              	5	3DObjects,AE_16Bit.dll,AE_8Bit.dll,AE_Float.dll,Common	BCC Glint OBSOLETE | BCC Multi Stripe Wipe | BCC Misalignment | BCC Glare OBSOLETE
BCC Glow                          	5	3DObjects,AE_16Bit.dll,AE_8Bit.dll,AE_Float.dll,Common	/ | n | l | > | BCC Film Process | BCC WitnessProtection OBSO
BCC Glow Alpha Edges              	5	3DObjects,AE_16Bit.dll,AE_8Bit.dll,AE_Float.dll,Common	BCC Z Space I OBS | BCC Witness Protection OBS | BCC Z-Blur | BCC Caustics
BCC Glow Matte OBS                	5	3DObjects,AE_16Bit.dll,AE_8Bit.dll,AE_Float.dll,Common	BCC Super Blend OBS | BCC Tritone | BCC Pixel Chooser OBSOLETE | BCC Light Matte OBS
BCC Glow OBS                      	5	3DObjects,AE_16Bit.dll,AE_8Bit.dll,AE_Float.dll,Common	BCC Rectangular Wipe OBSOL | BCC Radial Pattern Wipe | BCC Safe Colors | BCC Film Process OBS
BCC Gradient                      	5	3DObjects,AE_16Bit.dll,AE_8Bit.dll,AE_Float.dll	http://www.borisfx.com | http://www.borisfx.com/log
BCC Granite OBSOLETE              	5	3DObjects,AE_16Bit.dll,AE_8Bit.dll,AE_Float.dll,Common	BCC Cloth OBSOLETE | BCC Clouds OBSOLETE | BCC Fire OBS | BCC Fractal Noise OBSOLETE
BCC Grid Wipe                     	5	3DObjects,AE_16Bit.dll,AE_8Bit.dll,AE_Float.dll,Common	BCC Lens Correction | BCC Light Wipe | BCC Lens Distortion Wipe | BCC Twister
BCC Grunge                        	5	3DObjects,AE_16Bit.dll,AE_8Bit.dll,AE_Float.dll,Common	BCC Wedge Wipe | BCC Double Wedge Wipe | BCC Star Wipe | BCC Tile Wipe
BCC Halftone                      	5	3DObjects,AE_16Bit.dll,AE_8Bit.dll,AE_Float.dll,Common	BCC Glare OBSOLETE | BCC Glitter OBSOLETE | BCC Criss-Cross Wipe | BCC Cartooner DL
BCC Hue-Sat-Lightness             	5	3DObjects,AE_16Bit.dll,AE_8Bit.dll,AE_Float.dll,Common	BCC Color Balance OBS | BCC Color Correction OBS | BCC Correct Selected Color
BCC Invert Solarize               	5	3DObjects,AE_16Bit.dll,AE_8Bit.dll,AE_Float.dll,Common	BCC Color Correction OBS | BCC Correct Selected Color | BCC Hue-Sat-Lightness
BCC Invert-Solarize               	5	3DObjects,AE_16Bit.dll,AE_8Bit.dll,AE_Float.dll,Common	BCC Color Correction | BCC Color Palette OBS | BCC Composite | BCC Correct Selected | BCC HSL
BCC Invert-Solarize OBS           	5	3DObjects,AE_16Bit.dll,AE_8Bit.dll,AE_Float.dll,Common	BCC Correct Selected Color | BCC Hue-Sat-Lightness | BCC Invert Solarize
BCC Jitter                        	5	3DObjects,AE_16Bit.dll,AE_8Bit.dll,AE_Float.dll,Common	BCC Particle Systems OBSOL | BCC Rain | BCC Snow | BCC Sparks OBSOLETE
BCC Jitter Basic                  	5	3DObjects,AE_16Bit.dll,AE_8Bit.dll,AE_Float.dll,Common	BCC Rain | BCC Snow | BCC Sparks OBSOLETE | BCC Jitter
BCC Kaleida Dissolve              	5	3DObjects,AE_16Bit.dll,AE_8Bit.dll,AE_Float.dll,Common	BCC Grunge Dissolve | BCC Colorize Glow Dissolve | BCC Temporal Blur Dissolve
BCC Laser Beam                    	5	3DObjects,AE_16Bit.dll,AE_8Bit.dll,AE_Float.dll,Common	BCC Color Range Key | BCC Multi Color Key | BCC Multi Color Key 2 | BCC Stage Light
BCC Layer Deformer                	5	3DObjects,AE_16Bit.dll,AE_8Bit.dll,AE_Float.dll,Common	BCC Swish Wipe | BCC Convolution | BCC Extruded Text | BCC Extruded Spline
BCC Lens Blur Dissolve            	5	3DObjects,AE_16Bit.dll,AE_8Bit.dll,AE_Float.dll,Common	BCC Fast Film Process OBSO | BCC Fast Lens Blur OBSOLET | BCC Fast Film Glow OBSOLET
BCC Lens Blur OBS                 	5	3DObjects,AE_16Bit.dll,AE_8Bit.dll,AE_Float.dll,Common	BCC Type On Text | BCC Extruded Particle
BCC Lens Correction               	5	3DObjects,AE_16Bit.dll,AE_8Bit.dll,AE_Float.dll,Common	BCC Lens Flare Spiked | BCC Chroma Key Studio | BCC Magic Sharp OBSOLETE
BCC Lens Distortion Wipe          	5	3DObjects,AE_16Bit.dll,AE_8Bit.dll,AE_Float.dll,Common	BCC Chroma Key Studio | BCC Magic Sharp OBSOLETE | BCC Lens Correction | BCC Light Wipe
BCC Lens Flare                    	5	3DObjects,AE_16Bit.dll,AE_8Bit.dll,AE_Float.dll,Common	Lens Correction | BCC Edge Lighting | BCC Lens Flare Advanced
BCC Lens Flare 3D                 	5	3DObjects,AE_16Bit.dll,AE_8Bit.dll,AE_Float.dll,Common	BCC Particle Emitter 3D | BCC Beat Reactor | BCC Pin Art 3D | BCC Wild Cards
BCC Lens Flare Adv OBS            	5	3DObjects,AE_16Bit.dll,AE_8Bit.dll,AE_Float.dll,Common	BCC Edge Lighting | BCC Lens Flare Advanced | BCC Lens Flare
BCC Lens Flare Advanced           	5	3DObjects,AE_16Bit.dll,AE_8Bit.dll,AE_Float.dll,Common	Lens Correction | BCC Edge Lighting
BCC Lens Flare Advanced OBS       	5	3DObjects,AE_16Bit.dll,AE_8Bit.dll,AE_Float.dll,Common	BCC Rays_Radiant Spotlight | BCC DeGrain OBS | BCC Motion Blur OBSOLETE
BCC Lens Flare Dissolve           	5	3DObjects,AE_16Bit.dll,AE_8Bit.dll,AE_Float.dll,Common	BCC Star Wipe | BCC Tile Wipe | BCC Grunge | BCC Twirl Dissolve
BCC Lens Flare OBS                	5	3DObjects,AE_16Bit.dll,AE_8Bit.dll,AE_Float.dll,Common	BCC Deinterlace | BCC Radial Wipe OBSOLETE | BCC Multi Stretch Wipe
BCC Lens Flare Round              	5	3DObjects,AE_16Bit.dll,AE_8Bit.dll,AE_Float.dll,Common	BCC Blobs Wipe | BCC Rings Wipe | BCC Lens Flash
BCC Lens Flare Spiked             	5	3DObjects,AE_16Bit.dll,AE_8Bit.dll,AE_Float.dll,Common	BCC Rings Wipe | BCC Lens Flash | BCC Lens Flare Round
BCC Lens Flash                    	5	3DObjects,AE_16Bit.dll,AE_8Bit.dll,AE_Float.dll,Common	BCC Ribbon Wipe | BCC Blobs Wipe | BCC Rings Wipe
BCC Lens Shape                    	5	3DObjects,AE_16Bit.dll,AE_8Bit.dll,AE_Float.dll,Common	BCC Lens Blur OBS | BCC Lens Transition OBS | BCC Particle Array 3D
BCC Lens Transition OBS           	5	3DObjects,AE_16Bit.dll,AE_8Bit.dll,AE_Float.dll,Common	BCC Extruded Particle | BCC Lens Blur OBS
BCC Levels Gamma                  	5	3DObjects,AE_16Bit.dll,AE_8Bit.dll,AE_Float.dll,Common	BCC Hue-Sat-Lightness | BCC Invert Solarize | BCC Invert-Solarize OBS
BCC Levels-Gamma                  	5	3DObjects,AE_16Bit.dll,AE_8Bit.dll,AE_Float.dll,Common	BCC Color Palette OBS | BCC Composite | BCC Correct Selected | BCC HSL | BCC Invert-Solarize
BCC Levels-Gamma OBS              	5	3DObjects,AE_16Bit.dll,AE_8Bit.dll,AE_Float.dll,Common	BCC Hue-Sat-Lightness | BCC Invert Solarize | BCC Invert-Solarize OBS | BCC Levels Gamma
BCC Light Leaks Dissolve OBSOLETE 	5	3DObjects,AE_16Bit.dll,AE_8Bit.dll,AE_Float.dll,Common	BCC Cross Glitch | BCC Tilt Shift | BCC Light Leaks OBSOLETE
BCC Light Leaks OBSOLETE          	5	3DObjects,AE_16Bit.dll,AE_8Bit.dll,AE_Float.dll,Common	BCC Cross Zoom OBSOLETE | BCC Video Glitch OBSOLETE | BCC Cross Glitch | BCC Tilt Shift
BCC Light Matte OBS               	5	3DObjects,AE_16Bit.dll,AE_8Bit.dll,AE_Float.dll,Common	BCC Super Blend OBS | BCC Tritone | BCC Pixel Chooser OBSOLETE
BCC Light Sweep                   	5	3DObjects,AE_16Bit.dll,AE_8Bit.dll,AE_Float.dll,Common	BCC 3D Image Shatter | BCC 2D Particles | BCC Spotlight | BCC Reverse Spotlight
BCC Light Wipe                    	5	3DObjects,AE_16Bit.dll,AE_8Bit.dll,AE_Float.dll,Common	BCC Chroma Key Studio | BCC Magic Sharp OBSOLETE | BCC Lens Correction
BCC Light Wrap OBSOLETE           	5	3DObjects,AE_16Bit.dll,AE_8Bit.dll,AE_Float.dll,Common	BCC DeGrain OBS | BCC Motion Blur OBSOLETE | BCC Lens Flare Advanced OB
BCC Light Zoom OBS                	5	3DObjects,AE_16Bit.dll,AE_8Bit.dll,AE_Float.dll,Common	BCC Looper | BCC Pyramid Blur OBSOLETE | BCC Emboss | BCC Rough Glow OBS
BCC Lightning                     	5	3DObjects,AE_16Bit.dll,AE_8Bit.dll,AE_Float.dll,Common	BCC UpRez OBSOLETE | BCC Match Move
BCC Linear Color Key OBSOLETE     	5	3DObjects,AE_16Bit.dll,AE_8Bit.dll,AE_Float.dll,Common	BCC Wooden Planks OBSOLETE | BCC Alpha Process | BCC Chroma Key | BCC Composite Choker
BCC Linear Luma Key OBS           	5	3DObjects,AE_16Bit.dll,AE_8Bit.dll,AE_Float.dll,Common	BCC RT Chroma Key | BCC Composite OBS | BCC RT Light Wrap
BCC Linear Luma Key OBSOLETE      	5	3DObjects,AE_16Bit.dll,AE_8Bit.dll,AE_Float.dll,Common	BCC Alpha Process | BCC Chroma Key | BCC Composite Choker | BCC Linear Color Key OBSOL
BCC Linear Wipe OBS               	5	3DObjects,AE_16Bit.dll,AE_8Bit.dll,AE_Float.dll,Common	BCC WitnessProtection OBSO | BCC Glow | BCC Mosaic OBS
BCC Linear Wipe OBSOLETE          	5	3DObjects,AE_16Bit.dll,AE_8Bit.dll,AE_Float.dll,Common	BCC Not Used Ignore | BCC Textured Wipe OBSOLETE
BCC Looper                        	5	3DObjects,AE_16Bit.dll,AE_8Bit.dll,AE_Float.dll,Common	BCC Sequencer OBS | BCC Posterize Time | BCC Optical Flow OBSOLETE
BCC Magic Sharp OBSOLETE          	5	3DObjects,AE_16Bit.dll,AE_8Bit.dll,AE_Float.dll,Common	BCC Lens Flash | BCC Lens Flare Round | BCC Lens Flare Spiked | BCC Chroma Key Studio
BCC Make Alpha                    	5	3DObjects,AE_16Bit.dll,AE_8Bit.dll,AE_Float.dll,Common	BCC Pyramid Blur OBSOLETE | BCC Emboss | BCC Rough Glow OBS | BCC Light Zoom OBS
BCC Make Alpha Key                	5	3DObjects,AE_16Bit.dll,AE_8Bit.dll,AE_Float.dll,Common	BCC Composite OBS | BCC RT Light Wrap | BCC Linear Luma Key OBS | BCC Make Alpha OBS
BCC Make Alpha OBS                	5	3DObjects,AE_16Bit.dll,AE_8Bit.dll,AE_Float.dll,Common	BCC RT Chroma Key | BCC Composite OBS | BCC RT Light Wrap | BCC Linear Luma Key OBS
BCC Match Grain                   	5	3DObjects,AE_16Bit.dll,AE_8Bit.dll,AE_Float.dll,Common	BCC Light Wrap OBSOLETE | BCC Z Space II OBS
BCC Matte Choker                  	5	3DObjects,AE_16Bit.dll,AE_8Bit.dll,AE_Float.dll,Common	BCC Composite Choker | BCC Linear Color Key OBSOL | BCC Linear Luma Key OBSOLE
BCC Matte Cleanup                 	5	3DObjects,AE_16Bit.dll,AE_8Bit.dll,AE_Float.dll,Common	BCC Linear Color Key OBSOL | BCC Linear Luma Key OBSOLE | BCC Matte Choker
BCC Median                        	5	3DObjects,AE_16Bit.dll,AE_8Bit.dll,AE_Float.dll,Common	BCC Criss-Cross Wipe | BCC Cartooner DL | BCC Halftone | BCC Color Match
BCC Misalignment                  	5	3DObjects,AE_16Bit.dll,AE_8Bit.dll,AE_Float.dll,Common	BCC Glow OBS | BCC 3D Extruded ImageShatt | BCC Glint OBSOLETE | BCC Multi Stripe Wipe
BCC Mixed Colors                  	5	3DObjects,AE_16Bit.dll,AE_8Bit.dll,AE_Float.dll,Common	BCC Clouds OBSOLETE | BCC Fire OBS | BCC Fractal Noise OBSOLETE | BCC Granite OBSOLETE
BCC Morph                         	5	3DObjects,AE_16Bit.dll,AE_8Bit.dll,AE_Float.dll,Common	
BCC Mosaic OBS                    	5	3DObjects,AE_16Bit.dll,AE_8Bit.dll,AE_Float.dll,Common	n | l | > | BCC Film Process | BCC WitnessProtection OBSO | BCC Glow
BCC Mosaic OBSOLETE               	5	3DObjects,AE_16Bit.dll,AE_8Bit.dll,AE_Float.dll,Common	BCC Alpha Pixel Noise OBS | BCC Cartooner | BCC Colorize Glow | BCC Drop Shadow
BCC Motion Blur OBSOLETE          	5	3DObjects,AE_16Bit.dll,AE_8Bit.dll,AE_Float.dll,Common	BCC Rays_Radiant Edges | BCC Rays_Radiant Spotlight | BCC DeGrain OBS
BCC Motion Key OBSOLETE           	5	3DObjects,AE_16Bit.dll,AE_8Bit.dll,AE_Float.dll,Common	BCC Cartooner DL | BCC Halftone | BCC Color Match | BCC Median | BCC Optical Stabilizer
BCC Multi Shadow                  	5	3DObjects,AE_16Bit.dll,AE_8Bit.dll,AE_Float.dll,Common	BCC Cartooner | BCC Colorize Glow | BCC Drop Shadow | BCC Mosaic OBSOLETE
BCC Multi Stretch Wipe            	5	3DObjects,AE_16Bit.dll,AE_8Bit.dll,AE_Float.dll,Common	BCC Match Grain | BCC Deinterlace | BCC Radial Wipe OBSOLETE
BCC Multi Stretch Wipe OBS        	5	3DObjects,AE_16Bit.dll,AE_8Bit.dll,AE_Float.dll,Common	BCC Glow | BCC Mosaic OBS | BCC Linear Wipe OBS
BCC Multi Stripe Wipe             	5	3DObjects,AE_16Bit.dll,AE_8Bit.dll,AE_Float.dll,Common	BCC Film Process OBS | BCC Glow OBS | BCC 3D Extruded ImageShatt | BCC Glint OBSOLETE
BCC Multi Stripe Wipe OBS         	5	3DObjects,AE_16Bit.dll,AE_8Bit.dll,AE_Float.dll,Common	BCC Linear Wipe OBS | BCC Multi Stretch Wipe OBS
BCC MultiTone Mix                 	5	3DObjects,AE_16Bit.dll,AE_8Bit.dll,AE_Float.dll,Common	BCC Invert Solarize | BCC Invert-Solarize OBS | BCC Levels Gamma | BCC Levels-Gamma OBS
BCC Multitone                     	5	3DObjects,AE_16Bit.dll,AE_8Bit.dll,AE_Float.dll,Common	BCC Composite | BCC Correct Selected | BCC HSL | BCC Invert-Solarize | BCC Levels-Gamma
BCC Multitone OBS                 	5	3DObjects,AE_16Bit.dll,AE_8Bit.dll,AE_Float.dll,Common	BCC Invert-Solarize OBS | BCC Levels Gamma | BCC Levels-Gamma OBS | BCC MultiTone Mix
BCC Noise Map 2                   	5	3DObjects,AE_16Bit.dll,AE_8Bit.dll,AE_Float.dll,Common	BCC Shift Channels | BCC Edge Bevel OBS | BCC Turbulence | BCC Color Choker
BCC Noise Map OBS                 	5	3DObjects,AE_16Bit.dll,AE_8Bit.dll,AE_Float.dll,Common	BCC Fire OBS | BCC Fractal Noise OBSOLETE | BCC Granite OBSOLETE | BCC Mixed Colors
BCC Noise Reduction OBSOLETE      	5	3DObjects,AE_16Bit.dll,AE_8Bit.dll,AE_Float.dll,Common	BCC Lens Blur OBS | BCC Lens Transition OBS | BCC Particle Array 3D | BCC Lens Shape
BCC Optical Flow OBSOLETE         	5	3DObjects,AE_16Bit.dll,AE_8Bit.dll,AE_Float.dll,Common	BCC Time Displacement | BCC Temporal Blur | BCC Sequencer OBS | BCC Posterize Time
BCC Optical Stabilizer            	5	3DObjects,AE_16Bit.dll,AE_8Bit.dll,AE_Float.dll,Common	BCC Criss-Cross Wipe | BCC Cartooner DL | BCC Halftone | BCC Color Match | BCC Median
BCC Organic Strands               	5	3DObjects,AE_16Bit.dll,AE_8Bit.dll,AE_Float.dll,Common	BCC Flicker Fixer | BCC Film Glow OBS | BCC Videoscope | BCC Spline Color Grade
BCC Organic Strands OBS           	5	3DObjects,AE_16Bit.dll,AE_8Bit.dll,AE_Float.dll,Common	BCC Rays Streaky OBSOLETE | BCC Rays Textured OBSOLETE | BCC Rays Wedge OBSOLETE
BCC Page Turn                     	5	3DObjects,AE_16Bit.dll,AE_8Bit.dll,AE_Float.dll,Common	Save To... | Load From... | We don't use name 0
BCC Pan And Zoom                  	5	3DObjects,AE_16Bit.dll,AE_8Bit.dll,AE_Float.dll,Common	BCC 3D Extruded Image Shat | BCC 3D Image Shatter OBS | BCC Fast Flipper OBS
BCC Pan and Zoom                  	5	3DObjects,AE_16Bit.dll,AE_8Bit.dll,AE_Float.dll,Common	
BCC Pan and Zoom OBS              	5	3DObjects,AE_16Bit.dll,AE_8Bit.dll,AE_Float.dll,Common	BCC Title Studio | BCC VR Blur | BCC VR Reorient | BCC Cube Map
BCC Particle Array 3D             	5	3DObjects,AE_16Bit.dll,AE_8Bit.dll,AE_Float.dll,Common	BCC Extruded Particle | BCC Lens Blur OBS | BCC Lens Transition OBS
BCC Particle Array 3D OBS         	5	3DObjects,AE_16Bit.dll,AE_8Bit.dll,AE_Float.dll,Common	BCC Rays Textured OBSOLETE | BCC Rays Wedge OBSOLETE | BCC Organic Strands OBS
BCC Particle Emitter 3D           	5	3DObjects,AE_16Bit.dll,AE_8Bit.dll,AE_Float.dll,Common	BCC Lens Shape | BCC Noise Reduction OBSOLE | BCC 3 Way Color Grade
BCC Particle Illusion             	5	3DObjects,AE_16Bit.dll,AE_8Bit.dll,AE_Float.dll,Common	BCC Broadcast Safe | BCC Comp Test | BCC VR Flicker Fixer
BCC Particle Illusion Dissolve    	5	3DObjects,AE_16Bit.dll,AE_8Bit.dll,AE_Float.dll,Common	BCC Broadcast Safe | BCC Comp Test | BCC VR Flicker Fixer | BCC Particle Illusion
BCC Particle System               	5	3DObjects,AE_16Bit.dll,AE_8Bit.dll,AE_Float.dll,Common	BCC Rays Wedge OBSOLETE | BCC Organic Strands OBS | BCC Particle Array 3D OBS
BCC Particle Systems OBSOLETE     	5	3DObjects,AE_16Bit.dll,AE_8Bit.dll,AE_Float.dll,Common	BCC Light Sweep | BCC Edge Light | BCC Alpha Spotlight OBS | BCC Comet OBSOLETE
BCC Pencil Sketch                 	5	3DObjects,AE_16Bit.dll,AE_8Bit.dll,AE_Float.dll,Common	BCC Cartoon Look | BCC Water Color | BCC Free Glitter
BCC Pin Art 3D                    	5	3DObjects,AE_16Bit.dll,AE_8Bit.dll,AE_Float.dll,Common	BCC 3 Way Color Grade | BCC Particle Emitter 3D | BCC Beat Reactor
BCC Pin Art 3D OBS                	5	3DObjects,AE_16Bit.dll,AE_8Bit.dll,AE_Float.dll,Common	BCC Organic Strands OBS | BCC Particle Array 3D OBS | BCC Particle System
BCC Pixel Chooser                 	5	3DObjects,AE_16Bit.dll,AE_8Bit.dll,AE_Float.dll	Current | AEGP Keyframe Suite
BCC Pixel Chooser OBS             	5	3DObjects,AE_16Bit.dll,AE_8Bit.dll,AE_Float.dll,Common	BCC Linear Luma Key OBS | BCC Make Alpha OBS | BCC Make Alpha Key | BCC RT Matte Choker
BCC Pixel Chooser OBSOLETE        	5	3DObjects,AE_16Bit.dll,AE_8Bit.dll,AE_Float.dll,Common	BCC Multitone | BCC Posterize | BCC Super Blend OBS | BCC Tritone
BCC Pixel Fixer                   	5	3DObjects,AE_16Bit.dll,AE_8Bit.dll,AE_Float.dll,Common	BCC Free Rays_Cartoon
BCC Polar Displacement            	5	3DObjects,AE_16Bit.dll,AE_8Bit.dll,AE_Float.dll,Common	BCC Pixel Chooser OBSOLETE | BCC Light Matte OBS | BCC Glow Matte OBS | BCC Premult
BCC Posterize                     	5	3DObjects,AE_16Bit.dll,AE_8Bit.dll,AE_Float.dll,Common	BCC Correct Selected | BCC HSL | BCC Invert-Solarize | BCC Levels-Gamma | BCC Multitone
BCC Posterize OBS                 	5	3DObjects,AE_16Bit.dll,AE_8Bit.dll,AE_Float.dll,Common	BCC Two Way Key OBS | BCC Artist's Poster | BCC Artists Poster OBS
BCC Posterize Time                	5	3DObjects,AE_16Bit.dll,AE_8Bit.dll,AE_Float.dll,Common	BCC Time Displacement | BCC Temporal Blur | BCC Sequencer OBS
BCC Premult                       	5	3DObjects,AE_16Bit.dll,AE_8Bit.dll,AE_Float.dll,Common	BCC Tritone | BCC Pixel Chooser OBSOLETE | BCC Light Matte OBS | BCC Glow Matte OBS
BCC Prism Dissolve OBSOLETE       	5	3DObjects,AE_16Bit.dll,AE_8Bit.dll,AE_Float.dll,Common	BCC Particle Illusion | BCC Particle Illusion Diss | BCC Spill Remover OBSOLETE
BCC Prism OBSOLETE                	5	3DObjects,AE_16Bit.dll,AE_8Bit.dll,AE_Float.dll,Common	BCC Damaged TV
BCC Pyramid Blur OBSOLETE         	5	3DObjects,AE_16Bit.dll,AE_8Bit.dll,AE_Float.dll,Common	BCC Sequencer OBS | BCC Posterize Time | BCC Optical Flow OBSOLETE | BCC Looper
BCC RT Chroma Key                 	5	3DObjects,AE_16Bit.dll,AE_8Bit.dll,AE_Float.dll,Common	BCC Rectangular Wipe OBS | BCC Textured Wipe OBS | BCC Boost Blend
BCC RT Light Wrap                 	5	3DObjects,AE_16Bit.dll,AE_8Bit.dll,AE_Float.dll,Common	BCC Boost Blend | BCC RT Chroma Key | BCC Composite OBS
BCC RT Matte Choker               	5	3DObjects,AE_16Bit.dll,AE_8Bit.dll,AE_Float.dll,Common	BCC RT Light Wrap | BCC Linear Luma Key OBS | BCC Make Alpha OBS | BCC Make Alpha Key
BCC RT Pan And Zoom               	5	3DObjects,AE_16Bit.dll,AE_8Bit.dll,AE_Float.dll,Common	BCC Fast Flipper OBS | BCC Pan And Zoom | BCC RT Pan and Zoom
BCC RT Pan and Zoom               	5	3DObjects,AE_16Bit.dll,AE_8Bit.dll,AE_Float.dll,Common	BCC 3D Image Shatter OBS | BCC Fast Flipper OBS | BCC Pan And Zoom
BCC Radial Blur OBSOLETE          	5	3DObjects,AE_16Bit.dll,AE_8Bit.dll,AE_Float.dll,Common	BCC Directional Blur OBSOL | BCC Gaussian Blur OBSOLETE | BCC Unsharp Mask
BCC Radial Wipe OBS               	5	3DObjects,AE_16Bit.dll,AE_8Bit.dll,AE_Float.dll,Common	BCC Linear Wipe OBS | BCC Multi Stretch Wipe OBS | BCC Multi Stripe Wipe OBS
BCC Radial Wipe OBSOLETE          	5	3DObjects,AE_16Bit.dll,AE_8Bit.dll,AE_Float.dll,Common	BCC Match Grain | BCC Deinterlace
BCC Rain                          	5	3DObjects,AE_16Bit.dll,AE_8Bit.dll,AE_Float.dll,Common	BCC Edge Light | BCC Alpha Spotlight OBS | BCC Comet OBSOLETE | BCC Particle Systems OBSOL
BCC Rays Cartoon OBSOLETE         	5	3DObjects,AE_16Bit.dll,AE_8Bit.dll,AE_Float.dll,Common	BCC Edge Lighting | BCC Lens Flare Advanced | BCC Lens Flare | BCC Lens Flare Adv OBS
BCC Rays Dissolve OBSOLETE        	5	3DObjects,AE_16Bit.dll,AE_8Bit.dll,AE_Float.dll,Common	BCC Blur Dissolve OBSOLETE | BCC Waves Dissolve | BCC Ripple Dissolve
BCC Rays OBSOLETE                 	5	3DObjects,AE_16Bit.dll,AE_8Bit.dll,AE_Float.dll,Common	BCC Match Move | BCC Lightning
BCC Rays Puffy                    	5	3DObjects,AE_16Bit.dll,AE_8Bit.dll,AE_Float.dll,Common	BCC Lens Flare Advanced | BCC Lens Flare | BCC Lens Flare Adv OBS | BCC Rays Cartoon OBSOLETE
BCC Rays Radiant Edges            	5	3DObjects,AE_16Bit.dll,AE_8Bit.dll,AE_Float.dll,Common	BCC Lens Flare | BCC Lens Flare Adv OBS | BCC Rays Cartoon OBSOLETE | BCC Rays Puffy
BCC Rays Radiant Spotlight OBSOLETE	5	3DObjects,AE_16Bit.dll,AE_8Bit.dll,AE_Float.dll,Common	BCC Lens Flare Adv OBS | BCC Rays Cartoon OBSOLETE | BCC Rays Puffy | BCC Rays Radiant Edges
BCC Rays Ring OBSOLETE            	5	3DObjects,AE_16Bit.dll,AE_8Bit.dll,AE_Float.dll,Common	BCC Rays Puffy | BCC Rays Radiant Edges | BCC Rays Radiant Spotlight
BCC Rays Ripply OBSOLETE          	5	3DObjects,AE_16Bit.dll,AE_8Bit.dll,AE_Float.dll,Common	BCC Rays Radiant Edges | BCC Rays Radiant Spotlight | BCC Rays Ring OBSOLETE
BCC Rays Streaky OBSOLETE         	5	3DObjects,AE_16Bit.dll,AE_8Bit.dll,AE_Float.dll,Common	BCC Rays Radiant Spotlight | BCC Rays Ring OBSOLETE | BCC Rays Ripply OBSOLETE
BCC Rays Textured OBSOLETE        	5	3DObjects,AE_16Bit.dll,AE_8Bit.dll,AE_Float.dll,Common	BCC Rays Ring OBSOLETE | BCC Rays Ripply OBSOLETE | BCC Rays Streaky OBSOLETE
BCC Rays Wedge OBSOLETE           	5	3DObjects,AE_16Bit.dll,AE_8Bit.dll,AE_Float.dll,Common	BCC Rays Ripply OBSOLETE | BCC Rays Streaky OBSOLETE | BCC Rays Textured OBSOLETE
BCC Rectangular Wipe OBS          	5	3DObjects,AE_16Bit.dll,AE_8Bit.dll,AE_Float.dll,Common	BCC Multi Stretch Wipe OBS | BCC Multi Stripe Wipe OBS | BCC Radial Wipe OBS
BCC Rectangular Wipe OBSOLETE     	5	3DObjects,AE_16Bit.dll,AE_8Bit.dll,AE_Float.dll,Common	BCC Not Used Ignore | BCC Textured Wipe OBSOLETE | BCC Linear Wipe OBSOLETE
BCC Reflection                    	5	3DObjects,AE_16Bit.dll,AE_8Bit.dll,AE_Float.dll,Common	BCC Curl | BCC Corner Pin Studio
BCC Reframer                      	5	3DObjects,AE_16Bit.dll,AE_8Bit.dll,AE_Float.dll,Common	BCC Shake | BCC Shake Dissolve | BCC Remover | BCC JPEG Damage | BCC Film Roll Dissolve
BCC Remover                       	5	3DObjects,AE_16Bit.dll,AE_8Bit.dll,AE_Float.dll,Common	BCC Light Leaks Dissolve O | BCC Shake | BCC Shake Dissolve
BCC Reptilian OBSOLETE            	5	3DObjects,AE_16Bit.dll,AE_8Bit.dll,AE_Float.dll,Common	BCC Granite OBSOLETE | BCC Mixed Colors | BCC Noise Map OBS
BCC Reverse Spotlight             	5	3DObjects,AE_16Bit.dll,AE_8Bit.dll,AE_Float.dll,Common	BCC 3D Image Shatter | BCC 2D Particles | BCC Spotlight
BCC Ribbon Wipe                   	5	3DObjects,AE_16Bit.dll,AE_8Bit.dll,AE_Float.dll,Common	BCC Twirl Dissolve | BCC Lens Flare Dissolve | BCC Film Damage Dissolve
BCC Rings Wipe                    	5	3DObjects,AE_16Bit.dll,AE_8Bit.dll,AE_Float.dll,Common	BCC Film Damage Dissolve | BCC Ribbon Wipe | BCC Blobs Wipe
BCC Ripple                        	5	3DObjects,AE_16Bit.dll,AE_8Bit.dll,AE_Float.dll,Common	BCC Light Matte OBS | BCC Glow Matte OBS | BCC Premult | BCC Polar Displacement
BCC Ripple Dissolve               	5	3DObjects,AE_16Bit.dll,AE_8Bit.dll,AE_Float.dll,Common	BCC Flutter Cut OBSOLETE | BCC Blur Dissolve OBSOLETE | BCC Waves Dissolve
BCC Rock OBSOLETE                 	5	3DObjects,AE_16Bit.dll,AE_8Bit.dll,AE_Float.dll,Common	BCC Fast Flipper | BCC Bump Map | BCC Brick OBSOLETE
BCC Rough Glow OBS                	5	3DObjects,AE_16Bit.dll,AE_8Bit.dll,AE_Float.dll,Common	BCC Optical Flow OBSOLETE | BCC Looper | BCC Pyramid Blur OBSOLETE | BCC Emboss
BCC Safe Colors                   	5	3DObjects,AE_16Bit.dll,AE_8Bit.dll,AE_Float.dll,Common	BCC Linear Wipe OBSOLETE | BCC Rectangular Wipe OBSOL | BCC Radial Pattern Wipe
BCC Safe Colors OBS               	5	3DObjects,AE_16Bit.dll,AE_8Bit.dll,AE_Float.dll,Common	BCC Levels Gamma | BCC Levels-Gamma OBS | BCC MultiTone Mix | BCC Multitone OBS
BCC Scanline OBSOLETE             	5	3DObjects,AE_16Bit.dll,AE_8Bit.dll,AE_Float.dll,Common	BCC Damaged TV | BCC Prism OBSOLETE
BCC Scatterize                    	5	3DObjects,AE_16Bit.dll,AE_8Bit.dll,AE_Float.dll,Common	BCC Mosaic OBSOLETE | BCC Multi Shadow
BCC Sequencer OBS                 	5	3DObjects,AE_16Bit.dll,AE_8Bit.dll,AE_Float.dll,Common	BCC Velocity Remap OBSOLET | BCC Time Displacement | BCC Temporal Blur
BCC Smooth Tone OBS               	5	3DObjects,AE_16Bit.dll,AE_8Bit.dll,AE_Float.dll,Common	BCC Water Color | BCC Free Glitter | BCC Pencil Sketch | BCC Charcoal Sketch
BCC Snow                          	5	3DObjects,AE_16Bit.dll,AE_8Bit.dll,AE_Float.dll,Common	BCC Alpha Spotlight OBS | BCC Comet OBSOLETE | BCC Particle Systems OBSOL | BCC Rain
BCC Sparks OBSOLETE               	5	3DObjects,AE_16Bit.dll,AE_8Bit.dll,AE_Float.dll,Common	BCC Comet OBSOLETE | BCC Particle Systems OBSOL | BCC Rain | BCC Snow
BCC Sphere                        	5	3DObjects,AE_16Bit.dll,AE_8Bit.dll,AE_Float.dll,Common	Save To... | Load From... | We don't use name 0 | BCC Page Turn
BCC Sphere Transition             	5	3DObjects,AE_16Bit.dll,AE_8Bit.dll,AE_Float.dll,Common	BCC Page Turn | BCC Sphere | BCC Cylinder | BCC Cube
BCC Spill Remover OBSOLETE        	5	3DObjects,AE_16Bit.dll,AE_8Bit.dll,AE_Float.dll,Common	BCC Comp Test | BCC VR Flicker Fixer | BCC Particle Illusion | BCC Particle Illusion Diss
BCC Spin Blur Dissolve OBSOLETE   	5	3DObjects,AE_16Bit.dll,AE_8Bit.dll,AE_Float.dll,Common	BCC Corner Pin Studio | BCC Reflection | BCC Cast Shadow | BCC Crash Zoom Dissolve OB
BCC Spiral Blur OBSOLETE          	5	3DObjects,AE_16Bit.dll,AE_8Bit.dll,AE_Float.dll,Common	BCC Gaussian Blur OBSOLETE | BCC Unsharp Mask | BCC Radial Blur OBSOLETE
BCC Spotlight                     	5	3DObjects,AE_16Bit.dll,AE_8Bit.dll,AE_Float.dll,Common	BCC Scatterize | BCC 3D Image Shatter | BCC 2D Particles
BCC Spray Paint Noise             	5	3DObjects,AE_16Bit.dll,AE_8Bit.dll,AE_Float.dll,Common	BCC Two Way Key OBS | BCC Artist's Poster | BCC Artists Poster OBS | BCC Posterize OBS
BCC Stage Light                   	5	3DObjects,AE_16Bit.dll,AE_8Bit.dll,AE_Float.dll,Common	BCC Video Morph | BCC Color Range Key | BCC Multi Color Key | BCC Multi Color Key 2
BCC Star Matte OBS                	5	3DObjects,AE_16Bit.dll,AE_8Bit.dll,AE_Float.dll,Common	BCC Linear Luma Key OBSOLE | BCC Matte Choker | BCC Matte Cleanup
BCC Stars OBSOLETE                	5	3DObjects,AE_16Bit.dll,AE_8Bit.dll,AE_Float.dll,Common	BCC Granite OBSOLETE | BCC Mixed Colors | BCC Noise Map OBS | BCC Reptilian OBSOLETE
BCC Steel Plate OBSOLETE          	5	3DObjects,AE_16Bit.dll,AE_8Bit.dll,AE_Float.dll,Common	BCC Mixed Colors | BCC Noise Map OBS | BCC Reptilian OBSOLETE | BCC Stars OBSOLETE
BCC Super Blend OBS               	5	3DObjects,AE_16Bit.dll,AE_8Bit.dll,AE_Float.dll,Common	BCC Invert-Solarize | BCC Levels-Gamma | BCC Multitone | BCC Posterize
BCC Swish Pan OBSOLETE            	5	3DObjects,AE_16Bit.dll,AE_8Bit.dll,AE_Float.dll,Common	BCC Smooth Tone OBS | BCC DV Fixer OBSOLETE
BCC Temporal Blur                 	5	3DObjects,AE_16Bit.dll,AE_8Bit.dll,AE_Float.dll,Common	BCC Jitter | BCC Jitter Basic | BCC Velocity Remap OBSOLET | BCC Time Displacement
BCC Textured Wipe OBS             	5	3DObjects,AE_16Bit.dll,AE_8Bit.dll,AE_Float.dll,Common	BCC Multi Stripe Wipe OBS | BCC Radial Wipe OBS | BCC Rectangular Wipe OBS
BCC Textured Wipe OBSOLETE        	5	3DObjects,AE_16Bit.dll,AE_8Bit.dll,AE_Float.dll,Common	BCC Multi Stretch Wipe | BCC Lens Flare OBS | BCC Not Used Ignore
BCC Tile Mosaic                   	5	3DObjects,AE_16Bit.dll,AE_8Bit.dll,AE_Float.dll,Common	
BCC Tile Wipe                     	5	3DObjects,AE_16Bit.dll,AE_8Bit.dll,AE_Float.dll,Common	BCC Wedge Wipe | BCC Double Wedge Wipe | BCC Star Wipe
BCC Time Displacement             	5	3DObjects,AE_16Bit.dll,AE_8Bit.dll,AE_Float.dll,Common	BCC Sparks OBSOLETE | BCC Jitter | BCC Jitter Basic | BCC Velocity Remap OBSOLET
BCC Title Studio                  	5	3DObjects,AE_16Bit.dll,AE_8Bit.dll,AE_Float.dll,Common	BCC Shake Dissolve | BCC Remover | BCC JPEG Damage | BCC Film Roll Dissolve | BCC Reframer
BCC Trails                        	5	3DObjects,AE_16Bit.dll,AE_8Bit.dll,AE_Float.dll,Common	BCC Make Alpha | BCC Film Damage OBSOLETE | BCC Film Grain OBSOLETE | BCC Colorize
BCC Trails Basic                  	5	3DObjects,AE_16Bit.dll,AE_8Bit.dll,AE_Float.dll,Common	BCC Film Damage OBSOLETE | BCC Film Grain OBSOLETE | BCC Colorize | BCC Trails
BCC Tritone                       	5	3DObjects,AE_16Bit.dll,AE_8Bit.dll,AE_Float.dll,Common	BCC Levels-Gamma | BCC Multitone | BCC Posterize | BCC Super Blend OBS
BCC Tritone Dissolve              	5	3DObjects,AE_16Bit.dll,AE_8Bit.dll,AE_Float.dll,Common	BCC Lens Distortion Wipe | BCC Twister | BCC Grid Wipe | BCC Vector Blur Dissolve
BCC Turbulence                    	5	3DObjects,AE_16Bit.dll,AE_8Bit.dll,AE_Float.dll,Common	BCC Motion Key OBSOLETE | BCC Corner Pin OBS | BCC Shift Channels | BCC Edge Bevel OBS
BCC Twirl                         	5	3DObjects,AE_16Bit.dll,AE_8Bit.dll,AE_Float.dll,Common	BCC Glow Matte OBS | BCC Premult | BCC Polar Displacement | BCC Ripple
BCC Twirl Dissolve                	5	3DObjects,AE_16Bit.dll,AE_8Bit.dll,AE_Float.dll,Common	BCC Double Wedge Wipe | BCC Star Wipe | BCC Tile Wipe | BCC Grunge
BCC Twister                       	5	3DObjects,AE_16Bit.dll,AE_8Bit.dll,AE_Float.dll,Common	BCC Lens Correction | BCC Light Wipe | BCC Lens Distortion Wipe
BCC Two Strip Color OBSOLETE      	5	3DObjects,AE_16Bit.dll,AE_8Bit.dll,AE_Float.dll,Common	BCC Color Key Test | BCC FX Browser
BCC Two Way Key OBS               	5	3DObjects,AE_16Bit.dll,AE_8Bit.dll,AE_Float.dll,Common	BCC Make Alpha Key | BCC RT Matte Choker | BCC Pixel Chooser OBS
BCC Two Way Key OBSOLETE          	5	3DObjects,AE_16Bit.dll,AE_8Bit.dll,AE_Float.dll,Common	BCC Matte Choker | BCC Matte Cleanup | BCC Star Matte OBS
BCC Type On Text                  	5	3DObjects,AE_16Bit.dll,AE_8Bit.dll,AE_Float.dll,Common	BCC Convolution | BCC Extruded Text | BCC Extruded Spline | BCC Layer Deformer
BCC Unsharp Mask                  	5	3DObjects,AE_16Bit.dll,AE_8Bit.dll,AE_Float.dll,Common	BCC Blur | BCC Directional Blur OBSOL | BCC Gaussian Blur OBSOLETE
BCC Unsharp Mask OBS              	5	3DObjects,AE_16Bit.dll,AE_8Bit.dll,AE_Float.dll,Common	BCC Artists Poster OBS | BCC Posterize OBS | BCC Spray Paint Noise
BCC UpRez OBSOLETE                	5	3DObjects,AE_16Bit.dll,AE_8Bit.dll,AE_Float.dll,Common	BCC Pan and Zoom
BCC VR Blur                       	5	3DObjects,AE_16Bit.dll,AE_8Bit.dll,AE_Float.dll,Common	BCC Remover | BCC JPEG Damage | BCC Film Roll Dissolve | BCC Reframer | BCC Title Studio
BCC VR Flicker Fixer              	5	3DObjects,AE_16Bit.dll,AE_8Bit.dll,AE_Float.dll,Common	BCC VR Sharpen | BCC Broadcast Safe | BCC Comp Test
BCC VR Insert                     	5	3DObjects,AE_16Bit.dll,AE_8Bit.dll,AE_Float.dll,Common	BCC VR Reorient | BCC Cube Map | BCC Pan and Zoom OBS
BCC VR Reorient                   	5	3DObjects,AE_16Bit.dll,AE_8Bit.dll,AE_Float.dll,Common	BCC JPEG Damage | BCC Film Roll Dissolve | BCC Reframer | BCC Title Studio | BCC VR Blur
BCC VR Sharpen                    	5	3DObjects,AE_16Bit.dll,AE_8Bit.dll,AE_Float.dll,Common	BCC Cube Map | BCC Pan and Zoom OBS | BCC VR Insert
BCC Vector Blur Dissolve          	5	3DObjects,AE_16Bit.dll,AE_8Bit.dll,AE_Float.dll,Common	BCC Light Wipe | BCC Lens Distortion Wipe | BCC Twister | BCC Grid Wipe
BCC Vector Displacement           	5	3DObjects,AE_16Bit.dll,AE_8Bit.dll,AE_Float.dll,Common	BCC Glow Matte OBS | BCC Premult | BCC Polar Displacement | BCC Ripple | BCC Twirl
BCC Veined Marble OBSOLETE        	5	3DObjects,AE_16Bit.dll,AE_8Bit.dll,AE_Float.dll,Common	BCC Reptilian OBSOLETE | BCC Stars OBSOLETE | BCC Steel Plate OBSOLETE
BCC Velocity Remap OBSOLETE       	5	3DObjects,AE_16Bit.dll,AE_8Bit.dll,AE_Float.dll,Common	BCC Rain | BCC Snow | BCC Sparks OBSOLETE | BCC Jitter | BCC Jitter Basic
BCC Video Glitch OBSOLETE         	5	3DObjects,AE_16Bit.dll,AE_8Bit.dll,AE_Float.dll,Common	BCC Beauty Studio OBSOLETE | BCC Dropout Fixer | BCC Cross Melt | BCC Cross Zoom OBSOLETE
BCC Video Morph                   	5	3DObjects,AE_16Bit.dll,AE_8Bit.dll,AE_Float.dll,Common	BCC Organic Strands | BCC Scatter 3D | BCC Fire And Smoke | BCC Warp
BCC Videoscope                    	5	3DObjects,AE_16Bit.dll,AE_8Bit.dll,AE_Float.dll,Common	FEC Rays_Directional | BCC Flicker Fixer | BCC Film Glow OBS
BCC Vignette OBSOLETE             	5	3DObjects,AE_16Bit.dll,AE_8Bit.dll,AE_Float.dll,Common	BCC FX Browser | BCC Two Strip Color OBSOLE | BCC Vignette Wipe OBSOLETE
BCC Vignette Wipe OBSOLETE        	5	3DObjects,AE_16Bit.dll,AE_8Bit.dll,AE_Float.dll,Common	BCC Color Key Test | BCC FX Browser | BCC Two Strip Color OBSOLE
BCC Water Color                   	5	3DObjects,AE_16Bit.dll,AE_8Bit.dll,AE_Float.dll,Common	BCC Difference Edges | BCC Cartoon Look
BCC Water Waves Dissolve          	5	3DObjects,AE_16Bit.dll,AE_8Bit.dll,AE_Float.dll,Common	BCC Twister | BCC Grid Wipe | BCC Vector Blur Dissolve | BCC Tritone Dissolve
BCC Wave                          	5	3DObjects,AE_16Bit.dll,AE_8Bit.dll,AE_Float.dll,Common	BCC Premult | BCC Polar Displacement | BCC Ripple | BCC Twirl | BCC Vector Displacement
BCC Weave OBSOLETE                	5	3DObjects,AE_16Bit.dll,AE_8Bit.dll,AE_Float.dll,Common	BCC Stars OBSOLETE | BCC Steel Plate OBSOLETE | BCC Veined Marble OBSOLETE
BCC Wild Cards                    	5	3DObjects,AE_16Bit.dll,AE_8Bit.dll,AE_Float.dll,Common	BCC 3 Way Color Grade | BCC Particle Emitter 3D | BCC Beat Reactor | BCC Pin Art 3D
BCC Wire Remover                  	5	3DObjects,AE_16Bit.dll,AE_8Bit.dll,AE_Float.dll,Common	BCC Caustics | BCC Glow Alpha Edges | BCC Rays_Puffy | BCC DeNoise OBS | BCC Dust and Scratches
BCC Witness Protection OBSOLETE   	5	3DObjects,AE_16Bit.dll,AE_8Bit.dll,AE_Float.dll,Common	BCC Colorize | BCC Trails | BCC Trails Basic | BCC Z Space I OBS
BCC WitnessProtection OBSOLETE    	5	3DObjects,AE_16Bit.dll,AE_8Bit.dll,AE_Float.dll,Common	< | / | n | l | > | BCC Film Process
BCC Wood Grain OBSOLETE           	5	3DObjects,AE_16Bit.dll,AE_8Bit.dll,AE_Float.dll,Common	BCC Steel Plate OBSOLETE | BCC Veined Marble OBSOLETE | BCC Weave OBSOLETE
BCC Wooden Planks OBSOLETE        	5	3DObjects,AE_16Bit.dll,AE_8Bit.dll,AE_Float.dll,Common	BCC Veined Marble OBSOLETE | BCC Weave OBSOLETE | BCC Wood Grain OBSOLETE
BCC Z Space I OBS                 	5	3DObjects,AE_16Bit.dll,AE_8Bit.dll,AE_Float.dll,Common	BCC Film Grain OBSOLETE | BCC Colorize | BCC Trails | BCC Trails Basic
BCC Z Space II OBS                	5	3DObjects,AE_16Bit.dll,AE_8Bit.dll,AE_Float.dll,Common	BCC Motion Blur OBSOLETE | BCC Lens Flare Advanced OB | BCC Light Wrap OBSOLETE
BCC Z-Blur                        	5	3DObjects,AE_16Bit.dll,AE_8Bit.dll,AE_Float.dll,Common	BCC Trails | BCC Trails Basic | BCC Z Space I OBS | BCC Witness Protection OBS
BFXContinuumInterface             	5	3DObjects,AE_16Bit.dll,AE_8Bit.dll,AE_Float.dll,BCCPlus.dll	bccunitchromakeystudio | bccunitpluslensflare | bccunitlflicker | bccunitsuperled | unknown
Backing store not supported       	5	3DObjects,AE_16Bit.dll,AE_8Bit.dll,AE_Float.dll,BCCPlus.dll	Requested feature was omit | Arithmetic table 0x%02x wa
Bogus DAC index %d                	5	3DObjects,AE_16Bit.dll,AE_8Bit.dll,AE_Float.dll,BCCPlus.dll	Too many color components: | Unsupported color conversi
Bogus DAC value 0x%x              	5	3DObjects,AE_16Bit.dll,AE_8Bit.dll,AE_Float.dll,BCCPlus.dll	Unsupported color conversi | Bogus DAC index %d
Bogus DHT index %d                	5	3DObjects,AE_16Bit.dll,AE_8Bit.dll,AE_Float.dll,BCCPlus.dll	Unsupported color conversi | Bogus DAC index %d | Bogus DAC value 0x%x
Bogus DQT index %d                	5	3DObjects,AE_16Bit.dll,AE_8Bit.dll,AE_Float.dll,BCCPlus.dll	Bogus DAC index %d | Bogus DAC value 0x%x | Bogus DHT index %d
Bogus Huffman table definition    	5	3DObjects,AE_16Bit.dll,AE_8Bit.dll,AE_Float.dll,BCCPlus.dll	Component index %d: mismat
Bogus JPEG colorspace             	5	3DObjects,AE_16Bit.dll,AE_8Bit.dll,AE_Float.dll,BCCPlus.dll	Bogus Huffman table defini | Bogus input colorspace
Bogus buffer control mode         	5	3DObjects,AE_16Bit.dll,AE_8Bit.dll,AE_Float.dll,BCCPlus.dll	Bogus message code %d | ALIGN_TYPE is wrong, pleas | MAX_ALLOC_CHUNK is wrong,
Bogus input colorspace            	5	3DObjects,AE_16Bit.dll,AE_8Bit.dll,AE_Float.dll,BCCPlus.dll	Component index %d: mismat | Bogus Huffman table defini
Bogus marker length               	5	3DObjects,AE_16Bit.dll,AE_8Bit.dll,AE_Float.dll,BCCPlus.dll	Bogus Huffman table defini | Bogus input colorspace | Bogus JPEG colorspace
Bogus message code %d             	5	3DObjects,AE_16Bit.dll,AE_8Bit.dll,AE_Float.dll,BCCPlus.dll	
Bogus sampling factors            	5	3DObjects,AE_16Bit.dll,AE_8Bit.dll,AE_Float.dll,BCCPlus.dll	Invalid progressive parame
Bogus virtual array access        	5	3DObjects,AE_16Bit.dll,AE_8Bit.dll,AE_Float.dll,BCCPlus.dll	JPEG parameter struct mism
BorisFX                           	5	AE_16Bit.dll,AE_8Bit.dll,AE_Float.dll,BCCPlus.dll,Common	&quot; | &apos; | Boris Language Pack.ecs
Buffer passed to JPEG library is too small	5	3DObjects,AE_16Bit.dll,AE_8Bit.dll,AE_Float.dll,BCCPlus.dll	Bogus virtual array access
CCIR601 sampling not implemented yet	5	3DObjects,AE_16Bit.dll,AE_8Bit.dll,AE_Float.dll,BCCPlus.dll	Buffer passed to JPEG libr | Suspension not allowed her
Cannot quantize more than %d color components	5	3DObjects,AE_16Bit.dll,AE_8Bit.dll,AE_Float.dll,BCCPlus.dll	Not a JPEG file: starts wi | Insufficient memory (case
Cannot quantize to fewer than %d colors	5	3DObjects,AE_16Bit.dll,AE_8Bit.dll,AE_Float.dll,BCCPlus.dll	Insufficient memory (case  | Cannot quantize more than
Cannot quantize to more than %d colors	5	3DObjects,AE_16Bit.dll,AE_8Bit.dll,AE_Float.dll,BCCPlus.dll	Cannot quantize more than  | Cannot quantize to fewer t
Chaos                             	5	3DObjects,AE_16Bit.dll,AE_8Bit.dll,AE_Float.dll,BCCPlus.dll	BCC3Ripple
Circle                            	5	3DObjects,AE_16Bit.dll,AE_8Bit.dll,AE_Float.dll,BCCPlus.dll	64 x 64 | 128 x 128 | 256 x 256 | 16 x 16 x 16 | 32 x 32 x 32 | 64 x 64 x 64
Clip                              	5	3DObjects,AE_16Bit.dll,AE_8Bit.dll,AE_Float.dll,BCCPlus.dll	Folder | BlendShader | B/C/G | HLS | Posterize | Clamp
Closed temporary file %s          	5	3DObjects,AE_16Bit.dll,AE_8Bit.dll,AE_Float.dll,BCCPlus.dll	Start Of Scan: %d componen |     Component %d: dc=%d ac |   Ss=%d, Se=%d, Ah=%d, Al=
Colorize                          	5	3DObjects,AE_16Bit.dll,AE_8Bit.dll,AE_Float.dll,BCCPlus.dll	Color Preset | Gradient
Common                            	5	3DObjects,AE_16Bit.dll,AE_8Bit.dll,AE_Float.dll,Common	
Composite                         	5	3DObjects,AE_16Bit.dll,AE_8Bit.dll,AE_Float.dll,Common	
Continuum                         	5	AE_16Bit.dll,AE_8Bit.dll,AE_Float.dll,BCCPlus.dll,Common	bccrendermultiavx | bfxrender | bccae | bccaemulti | bccavxmulti
Current                           	5	3DObjects,AE_16Bit.dll,AE_8Bit.dll,AE_Float.dll,BCCPlus.dll	
DCT coefficient out of range      	5	3DObjects,AE_16Bit.dll,AE_8Bit.dll,AE_Float.dll,BCCPlus.dll	Bogus buffer control mode | Invalid component ID %d in | Invalid crop request
DRAWBOT Draw Suite                	5	3DObjects,AE_16Bit.dll,AE_8Bit.dll,AE_Float.dll,BCCPlus.dll	PF ColorParamSuite | PF SamplingFloat Suite | PF Effect Custom UI Overla
DRAWBOT Path Suite                	5	3DObjects,AE_16Bit.dll,AE_8Bit.dll,AE_Float.dll,BCCPlus.dll	DRAWBOT Draw Suite | DRAWBOT Supplier Suite | DRAWBOT Surface Suite
DRAWBOT Supplier Suite            	5	3DObjects,AE_16Bit.dll,AE_8Bit.dll,AE_Float.dll,BCCPlus.dll	PF SamplingFloat Suite | PF Effect Custom UI Overla | DRAWBOT Draw Suite
DRAWBOT Surface Suite             	5	3DObjects,AE_16Bit.dll,AE_8Bit.dll,AE_Float.dll,BCCPlus.dll	PF Effect Custom UI Overla | DRAWBOT Draw Suite | DRAWBOT Supplier Suite
Define Huffman Table 0x%02x       	5	3DObjects,AE_16Bit.dll,AE_8Bit.dll,AE_Float.dll,BCCPlus.dll	Unknown APP14 marker (not  | Define Arithmetic Table 0x
Define Quantization Table %d  precision %d	5	3DObjects,AE_16Bit.dll,AE_8Bit.dll,AE_Float.dll,BCCPlus.dll	Define Arithmetic Table 0x | Define Huffman Table 0x%02
Define Restart Interval %u        	5	3DObjects,AE_16Bit.dll,AE_8Bit.dll,AE_Float.dll,BCCPlus.dll	Define Huffman Table 0x%02 | Define Quantization Table
Display                           	5	AE_16Bit.dll,AE_8Bit.dll,AE_Float.dll,BCCPlus.dll,Common	Sweep | IRE|Volts|RGB | Full|Half|Quarter|Eighth
ERROR                             	5	3DObjects,BCCPlus.dll,Common	Continuum 2026 19.0 | EMERGENCY | ALERT | CRITICAL
Empty input file                  	5	3DObjects,AE_16Bit.dll,AE_8Bit.dll,AE_Float.dll,BCCPlus.dll	Missing Huffman code table | Maximum supported image di
End Of Image                      	5	3DObjects,AE_16Bit.dll,AE_8Bit.dll,AE_Float.dll,BCCPlus.dll	Define Restart Interval %u | Freed EMS handle %u | Obtained EMS handle %u
FALSE                             	5	3DObjects,AE_16Bit.dll,AE_8Bit.dll,AE_Float.dll,BCCPlus.dll	untyped | recursive | count | False | 0 | opencv-sequence-tree
FX Browser used                   	5	3DObjects,AE_16Bit.dll,AE_8Bit.dll,AE_Float.dll,BCCPlus.dll	
Failed to create temporary file %s	5	3DObjects,AE_16Bit.dll,AE_8Bit.dll,AE_Float.dll,BCCPlus.dll	Invalid JPEG file structur | Invalid JPEG file structur
Fractional sampling not implemented yet	5	3DObjects,AE_16Bit.dll,AE_8Bit.dll,AE_Float.dll,BCCPlus.dll	Input file read error | Output file write error --
Freed EMS handle %u               	5	3DObjects,AE_16Bit.dll,AE_8Bit.dll,AE_Float.dll,BCCPlus.dll	Define Quantization Table  | Define Restart Interval %u
Freed XMS handle %u               	5	3DObjects,AE_16Bit.dll,AE_8Bit.dll,AE_Float.dll,BCCPlus.dll	Unrecognized component IDs
Geometry                          	5	3DObjects,AE_16Bit.dll,AE_8Bit.dll,AE_Float.dll,BCCPlus.dll	
Gradient                          	5	3DObjects,AE_16Bit.dll,AE_8Bit.dll,AE_Float.dll,BCCPlus.dll	Color Preset
Huffman code size table overflow  	5	3DObjects,AE_16Bit.dll,AE_8Bit.dll,AE_Float.dll,BCCPlus.dll	Output file write error -- | Fractional sampling not im
Huffman table 0x%02x was not defined	5	3DObjects,AE_16Bit.dll,AE_8Bit.dll,AE_Float.dll,BCCPlus.dll	Arithmetic table 0x%02x wa | Backing store not supporte
Image too wide for this implementation	5	3DObjects,AE_16Bit.dll,AE_8Bit.dll,AE_Float.dll,BCCPlus.dll	Unsupported marker type 0x | Virtual array controller m
Improper call to JPEG library in state %d	5	3DObjects,AE_16Bit.dll,AE_8Bit.dll,AE_Float.dll,BCCPlus.dll	Bogus sampling factors | Invalid scan script at ent
Input file read error             	5	3DObjects,AE_16Bit.dll,AE_8Bit.dll,AE_Float.dll,BCCPlus.dll	Read from EMS failed | Write to EMS failed | Didn't expect more than on
Invalid SOS parameters for sequential JPEG	5	3DObjects,AE_16Bit.dll,AE_8Bit.dll,AE_Float.dll,BCCPlus.dll	Premature end of JPEG file | Corrupt JPEG data: found m
Invalid color quantization mode change	5	3DObjects,AE_16Bit.dll,AE_8Bit.dll,AE_Float.dll,BCCPlus.dll	Scan script does not trans
Invalid component ID %d in SOS    	5	3DObjects,AE_16Bit.dll,AE_8Bit.dll,AE_Float.dll,BCCPlus.dll	MAX_ALLOC_CHUNK is wrong,  | Bogus buffer control mode
Invalid memory pool code %d       	5	3DObjects,AE_16Bit.dll,AE_8Bit.dll,AE_Float.dll,BCCPlus.dll	Sampling factors too large
Invalid scan script at entry %d   	5	3DObjects,AE_16Bit.dll,AE_8Bit.dll,AE_Float.dll,BCCPlus.dll	Invalid progressive parame | Bogus sampling factors
JPEG datastream contains no image 	5	3DObjects,AE_16Bit.dll,AE_8Bit.dll,AE_Float.dll,BCCPlus.dll	Backing store not supporte | Huffman table 0x%02x was n
JPEGMEM                           	5	3DObjects,AE_16Bit.dll,AE_8Bit.dll,AE_Float.dll,BCCPlus.dll	
Lens Correction                   	5	3DObjects,AE_16Bit.dll,AE_8Bit.dll,AE_Float.dll,Common	BCC MultiTone Mix | BCC Multitone OBS | BCC Safe Colors OBS
Line                              	5	3DObjects,AE_16Bit.dll,AE_8Bit.dll,AE_Float.dll,BCCPlus.dll	glGetProgramInfoLog | glGetShaderiv | glGetShaderInfoLog | glLinkProgram | glShaderSource
Maximum supported image dimension is %u pixels	5	3DObjects,AE_16Bit.dll,AE_8Bit.dll,AE_Float.dll,BCCPlus.dll	Huffman code size table ov | Missing Huffman code table
Missing Huffman code table entry  	5	3DObjects,AE_16Bit.dll,AE_8Bit.dll,AE_Float.dll,BCCPlus.dll	Fractional sampling not im | Huffman code size table ov
Not implemented yet               	5	3DObjects,AE_16Bit.dll,AE_8Bit.dll,AE_Float.dll,BCCPlus.dll	Scan script does not trans | Invalid color quantization
Obtained EMS handle %u            	5	3DObjects,AE_16Bit.dll,AE_8Bit.dll,AE_Float.dll,BCCPlus.dll	Define Restart Interval %u | Freed EMS handle %u
Obtained XMS handle %u            	5	3DObjects,AE_16Bit.dll,AE_8Bit.dll,AE_Float.dll,BCCPlus.dll	Unrecognized component IDs | Freed XMS handle %u
Opened temporary file %s          	5	3DObjects,AE_16Bit.dll,AE_8Bit.dll,AE_Float.dll,BCCPlus.dll	Component %d: dc=%d ac |   Ss=%d, Se=%d, Ah=%d, Al= | Closed temporary file %s
Optical Flow                      	5	3DObjects,AE_16Bit.dll,AE_8Bit.dll,AE_Float.dll,BCCPlus.dll	
PF Effect Sequence Data Suite     	5	3DObjects,AE_16Bit.dll,AE_8Bit.dll,AE_Float.dll,BCCPlus.dll	
PF Fill Matte Suite               	5	3DObjects,AE_16Bit.dll,AE_8Bit.dll,AE_Float.dll,BCCPlus.dll	AEGP Command Suite | AEGP Render Suite | PF ANSI Suite | PF Handle Suite
PF Handle Suite                   	5	3DObjects,AE_16Bit.dll,AE_8Bit.dll,AE_Float.dll,BCCPlus.dll	PF AE Adv App Suite | AEGP Command Suite | AEGP Render Suite | PF ANSI Suite
PF Path Data Suite                	5	3DObjects,AE_16Bit.dll,AE_8Bit.dll,AE_Float.dll,BCCPlus.dll	
PF Path Query Suite               	5	3DObjects,AE_16Bit.dll,AE_8Bit.dll,AE_Float.dll,BCCPlus.dll	AEGP PF Interface Suite | AEGP Effect Suite | AEGP Stream Suite
Premature end of JPEG file        	5	3DObjects,AE_16Bit.dll,AE_8Bit.dll,AE_Float.dll,BCCPlus.dll	Corrupt JPEG data: bad Huf | Warning: unknown JFIF revi
Premature end of input file       	5	3DObjects,AE_16Bit.dll,AE_8Bit.dll,AE_Float.dll,BCCPlus.dll	Maximum supported image di | Empty input file
Quantization table 0x%02x was not defined	5	3DObjects,AE_16Bit.dll,AE_8Bit.dll,AE_Float.dll,BCCPlus.dll	Huffman table 0x%02x was n | JPEG datastream contains n
Quantizing to %d colors           	5	3DObjects,AE_16Bit.dll,AE_8Bit.dll,AE_Float.dll,BCCPlus.dll	%4u %4u %4u %4u %4 | Quantizing to %d = %d*%d*%
RST%d                             	5	3DObjects,AE_16Bit.dll,AE_8Bit.dll,AE_Float.dll,BCCPlus.dll	Selected %d colors for qua | At marker 0x%02x, recovery
Read failed on temporary file     	5	3DObjects,AE_16Bit.dll,AE_8Bit.dll,AE_Float.dll,BCCPlus.dll	Invalid JPEG file structur | Failed to create temporary
Read from EMS failed              	5	3DObjects,AE_16Bit.dll,AE_8Bit.dll,AE_Float.dll,BCCPlus.dll	Bogus DHT index %d | Bogus DQT index %d | Empty JPEG image (DNL not
Read from XMS failed              	5	3DObjects,AE_16Bit.dll,AE_8Bit.dll,AE_Float.dll,BCCPlus.dll	Virtual array controller m | Image too wide for this im
Requested feature was omitted at compile time	5	3DObjects,AE_16Bit.dll,AE_8Bit.dll,AE_Float.dll,BCCPlus.dll	Invalid color quantization | Not implemented yet
Sampling factors too large for interleaved scan	5	3DObjects,AE_16Bit.dll,AE_8Bit.dll,AE_Float.dll,BCCPlus.dll	Bogus marker length | Wrong JPEG library version
Scan script does not transmit all data	5	3DObjects,AE_16Bit.dll,AE_8Bit.dll,AE_Float.dll,BCCPlus.dll	Premature end of input fil | Cannot transcode due to mu
Seek failed on temporary file     	5	3DObjects,AE_16Bit.dll,AE_8Bit.dll,AE_Float.dll,BCCPlus.dll	Failed to create temporary | Read failed on temporary f
Selected %d colors for quantization	5	3DObjects,AE_16Bit.dll,AE_8Bit.dll,AE_Float.dll,BCCPlus.dll	Quantizing to %d = %d*%d*% | Quantizing to %d colors
Spill                             	5	3DObjects,AE_16Bit.dll,AE_8Bit.dll,AE_Float.dll,BCCPlus.dll	
Start of Image                    	5	3DObjects,AE_16Bit.dll,AE_8Bit.dll,AE_Float.dll,BCCPlus.dll	Start Of Frame 0x%02x: wid |     Component %d: %dhx%dv
Suspension not allowed here       	5	3DObjects,AE_16Bit.dll,AE_8Bit.dll,AE_Float.dll,BCCPlus.dll	Bogus virtual array access | Buffer passed to JPEG libr
Text Color                        	5	3DObjects,AE_16Bit.dll,AE_8Bit.dll,AE_Float.dll,BCCPlus.dll	Bin View Mode | History View Mode
Transform                         	5	3DObjects,AE_16Bit.dll,AE_8Bit.dll,AE_Float.dll,BCCPlus.dll	Automate Progress
UTF-16                            	5	BCCPlus.dll,Common	ISO-8859-1 | US-ASCII | UTF-8
Unexpected marker 0x%02x          	5	3DObjects,AE_16Bit.dll,AE_8Bit.dll,AE_Float.dll,BCCPlus.dll	with %d x %d thumbnail | Miscellaneous marker 0x%02
Unknown Adobe color transform code %d	5	3DObjects,AE_16Bit.dll,AE_8Bit.dll,AE_Float.dll,BCCPlus.dll	Freed XMS handle %u | Obtained XMS handle %u
Unsupported JPEG data precision %d	5	3DObjects,AE_16Bit.dll,AE_8Bit.dll,AE_Float.dll,BCCPlus.dll	Sampling factors too large | Invalid memory pool code %
Unsupported color conversion request	5	3DObjects,AE_16Bit.dll,AE_8Bit.dll,AE_Float.dll,BCCPlus.dll	CCIR601 sampling not imple | Too many color components:
Unsupported marker type 0x%02x    	5	3DObjects,AE_16Bit.dll,AE_8Bit.dll,AE_Float.dll,BCCPlus.dll	Application transferred to
Virtual array controller messed up	5	3DObjects,AE_16Bit.dll,AE_8Bit.dll,AE_Float.dll,BCCPlus.dll	Application transferred to | Unsupported marker type 0x
Write to EMS failed               	5	3DObjects,AE_16Bit.dll,AE_8Bit.dll,AE_Float.dll,BCCPlus.dll	Bogus DQT index %d | Empty JPEG image (DNL not  | Read from EMS failed
Write to XMS failed               	5	3DObjects,AE_16Bit.dll,AE_8Bit.dll,AE_Float.dll,BCCPlus.dll	Image too wide for this im | Read from XMS failed
XPosition                         	5	3DObjects,AE_16Bit.dll,AE_8Bit.dll,AE_Float.dll,BCCPlus.dll	IsFloating | Top | CBFXTabView | SelectedTab | IsSelected
YPosition                         	5	3DObjects,AE_16Bit.dll,AE_8Bit.dll,AE_Float.dll,BCCPlus.dll	Top | CBFXTabView | SelectedTab | IsSelected | XPosition
ADVAPI32.dll                      	4	AE_16Bit.dll,AE_8Bit.dll,AE_Float.dll,Common	
AEGP Artisan Util Suite           	4	3DObjects,AE_16Bit.dll,AE_8Bit.dll,AE_Float.dll	AEGP Collection Suite | AEGP Text Document Suite | AEGP Sound Data Suite
AEGP Camera Suite                 	4	3DObjects,AE_16Bit.dll,AE_8Bit.dll,AE_Float.dll	AEGP Layer Suite | AEGP Comp Suite | AEGP Item Suite | PF Utility Suite
AEGP Canvas Suite                 	4	3DObjects,AE_16Bit.dll,AE_8Bit.dll,AE_Float.dll	AEGP Marker Suite
AEGP Collection Suite             	4	3DObjects,AE_16Bit.dll,AE_8Bit.dll,AE_Float.dll	PF Sampling16 Suite | PF Iterate8 Suite | PF iterate16 Suite | PF iterateFloat Suite
AEGP Command Suite                	4	3DObjects,AE_16Bit.dll,AE_8Bit.dll,AE_Float.dll	AEGP Register Suite | AEGP Item View Suite | AEGP Math Suite | PF AE Adv App Suite
AEGP Comp Suite                   	4	AE_16Bit.dll,AE_8Bit.dll,AE_Float.dll,BCCPlus.dll	Bfx Error Code: %i | AEGP Layer Suite
AEGP Composite Suite              	4	3DObjects,AE_16Bit.dll,AE_8Bit.dll,AE_Float.dll	PF Handle Suite | PF Fill Matte Suite | PF World Transform Suite | AEGP QueryXform Suite
AEGP Dynamic Stream Suite         	4	3DObjects,AE_16Bit.dll,AE_8Bit.dll,AE_Float.dll	placeholder |  SetControl - controlID !=
AEGP Effect Suite                 	4	3DObjects,AE_16Bit.dll,AE_8Bit.dll,AE_Float.dll	AEGP PF Interface Suite
AEGP File Import Manager Suite    	4	3DObjects,AE_16Bit.dll,AE_8Bit.dll,AE_Float.dll	AEGP Render Queue Suite | AEGP Render Queue Item Sui | AEGP Output Module Suite
AEGP Footage Suite                	4	3DObjects,AE_16Bit.dll,AE_8Bit.dll,AE_Float.dll	AEGP Layer Render Options  | AEGP Render Asyc Manager S | AEGP Proj Suite
AEGP IO In Suite                  	4	3DObjects,AE_16Bit.dll,AE_8Bit.dll,AE_Float.dll	PF World Transform Suite | AEGP QueryXform Suite | AEGP Composite Suite | PF World Suite
AEGP IO Out Suite                 	4	3DObjects,AE_16Bit.dll,AE_8Bit.dll,AE_Float.dll	AEGP QueryXform Suite | AEGP Composite Suite | PF World Suite | AEGP IO In Suite
AEGP Item View Suite              	4	3DObjects,AE_16Bit.dll,AE_8Bit.dll,AE_Float.dll	AEGP Marker Suite | AEGP Canvas Suite | AEGP Register Suite
AEGP Keyframe Suite               	4	3DObjects,AE_16Bit.dll,AE_8Bit.dll,AE_Float.dll	Current
AEGP Layer Render Options Suite   	4	3DObjects,AE_16Bit.dll,AE_8Bit.dll,AE_Float.dll	AEGP Tracker Suite | AEGP Tracker Utility Suite | PF AE Adv Item Suite
AEGP Layer Suite                  	4	AE_16Bit.dll,AE_8Bit.dll,AE_Float.dll,BCCPlus.dll	Bfx Error Code: %i
AEGP Light Suite                  	4	3DObjects,AE_16Bit.dll,AE_8Bit.dll,AE_Float.dll	AEGP Camera Suite
AEGP Marker Suite                 	4	3DObjects,AE_16Bit.dll,AE_8Bit.dll,AE_Float.dll	
AEGP Mask Outline Suite           	4	3DObjects,AE_16Bit.dll,AE_8Bit.dll,AE_Float.dll	Mask | mask | AEGP Layer Mask Suite
AEGP Math Suite                   	4	3DObjects,AE_16Bit.dll,AE_8Bit.dll,AE_Float.dll	AEGP Marker Suite | AEGP Canvas Suite | AEGP Register Suite | AEGP Item View Suite
AEGP Output Module Suite          	4	3DObjects,AE_16Bit.dll,AE_8Bit.dll,AE_Float.dll	AEGP IO Out Suite | AEGP Render Queue Suite | AEGP Render Queue Item Sui
AEGP Persistent Data Suite        	4	3DObjects,AE_16Bit.dll,AE_8Bit.dll,AE_Float.dll	AEGP Render Asyc Manager S | AEGP Proj Suite | AEGP Footage Suite
AEGP Proj Suite                   	4	3DObjects,AE_16Bit.dll,AE_8Bit.dll,AE_Float.dll	PF AE Adv Item Suite | AEGP Layer Render Options  | AEGP Render Asyc Manager S
AEGP QueryXform Suite             	4	3DObjects,AE_16Bit.dll,AE_8Bit.dll,AE_Float.dll	PF ANSI Suite | PF Handle Suite | PF Fill Matte Suite | PF World Transform Suite
AEGP Register Suite               	4	3DObjects,AE_16Bit.dll,AE_8Bit.dll,AE_Float.dll	AEGP Marker Suite | AEGP Canvas Suite
AEGP Render Asyc Manager Suite    	4	3DObjects,AE_16Bit.dll,AE_8Bit.dll,AE_Float.dll	AEGP Tracker Utility Suite | PF AE Adv Item Suite | AEGP Layer Render Options
AEGP Render Options Suite         	4	3DObjects,AE_16Bit.dll,AE_8Bit.dll,AE_Float.dll	AEGP Sound Data Suite | AEGP Artisan Util Suite | AEGP World Suite
AEGP Render Queue Item Suite      	4	3DObjects,AE_16Bit.dll,AE_8Bit.dll,AE_Float.dll	PF World Suite | AEGP IO In Suite | AEGP IO Out Suite | AEGP Render Queue Suite
AEGP Render Queue Suite           	4	3DObjects,AE_16Bit.dll,AE_8Bit.dll,AE_Float.dll	AEGP Composite Suite | PF World Suite | AEGP IO In Suite | AEGP IO Out Suite
AEGP Render Suite                 	4	3DObjects,AE_16Bit.dll,AE_8Bit.dll,AE_Float.dll	AEGP Item View Suite | AEGP Math Suite | PF AE Adv App Suite | AEGP Command Suite
AEGP Sound Data Suite             	4	3DObjects,AE_16Bit.dll,AE_8Bit.dll,AE_Float.dll	PF iterateFloat Suite | AEGP Collection Suite | AEGP Text Document Suite
AEGP Text Document Suite          	4	3DObjects,AE_16Bit.dll,AE_8Bit.dll,AE_Float.dll	PF Iterate8 Suite | PF iterate16 Suite | PF iterateFloat Suite | AEGP Collection Suite
AEGP Text Layer Suite             	4	3DObjects,AE_16Bit.dll,AE_8Bit.dll,AE_Float.dll	Mask | mask | AEGP Layer Mask Suite | AEGP Mask Outline Suite
AEGP Tracker Suite                	4	3DObjects,AE_16Bit.dll,AE_8Bit.dll,AE_Float.dll	AEGP Artisan Util Suite | AEGP World Suite | AEGP Render Options Suite
AEGP Tracker Utility Suite        	4	3DObjects,AE_16Bit.dll,AE_8Bit.dll,AE_Float.dll	AEGP World Suite | AEGP Render Options Suite | AEGP Tracker Suite
AEGP World Suite                  	4	3DObjects,AE_16Bit.dll,AE_8Bit.dll,AE_Float.dll	AEGP Text Document Suite | AEGP Sound Data Suite | AEGP Artisan Util Suite
AEMultifilterEntry                	4	3DObjects,AE_16Bit.dll,AE_8Bit.dll,AE_Float.dll	??4ShmemManager@IPC@Sapphi | ??_7EM_Display@@6B@ | ??_7EM_XIImage@@6B@
ATTLIST                           	4	BCCPlus.dll,Common	ANY | ID
AUTO -F                           	4	3DObjects,AE_16Bit.dll,AE_8Bit.dll,AE_Float.dll	%.2f  |  -A |  -H |  -W | -i | -p
Absolute                          	4	AE_16Bit.dll,AE_8Bit.dll,AE_Float.dll,BCCPlus.dll	BCC3MatchMove
AddMediaDataRef                   	4	3DObjects,AE_16Bit.dll,AE_8Bit.dll,AE_Float.dll	InsertTrackSegment | CopyTrackSettings | GetMediaDataRefCount | GetMediaDataRef
AddMediaSample                    	4	3DObjects,AE_16Bit.dll,AE_8Bit.dll,AE_Float.dll	CloseComponent | OpenDefaultComponent | CreateMovieFile | SCCompressSequenceFrame
AddMovieResource                  	4	3DObjects,AE_16Bit.dll,AE_8Bit.dll,AE_Float.dll	EndMediaEdits | InsertMediaIntoTrack | GetMediaDuration | PutMovieIntoDataFork
Advanced                          	4	AE_16Bit.dll,AE_8Bit.dll,AE_Float.dll,BCCPlus.dll	
Align To Path Tag                 	4	3DObjects,AE_16Bit.dll,AE_8Bit.dll,AE_Float.dll	C.o.f.f.e.e. Expression Ta
Align To Spline Tag               	4	3DObjects,AE_16Bit.dll,AE_8Bit.dll,AE_Float.dll	
Ambient Occlusion Effect Shader   	4	3DObjects,AE_16Bit.dll,AE_8Bit.dll,AE_Float.dll	Vertex Map Shader Effect | Legacy Subsurface Scatteri
Analyzing Motion                  	4	3DObjects,AE_16Bit.dll,AE_8Bit.dll,AE_Float.dll	%d sec | %d min, %d sec
Anchor Tag                        	4	3DObjects,AE_16Bit.dll,AE_8Bit.dll,AE_Float.dll	Target Expression
Animation Tuning                  	4	AE_16Bit.dll,AE_8Bit.dll,AE_Float.dll,BCCPlus.dll	Post Process
Apply Parameter                   	4	AE_16Bit.dll,AE_8Bit.dll,AE_Float.dll,BCCPlus.dll	Animation Tuning | Unused|Wipe Amount
Arial Black                       	4	3DObjects,AE_16Bit.dll,AE_8Bit.dll,AE_Float.dll	
Arithmetic table 0x%02x was not defined	4	3DObjects,AE_16Bit.dll,AE_8Bit.dll,AE_Float.dll	Not implemented yet | Requested feature was omit
Array should be CvMat or IplImage 	4	AE_16Bit.dll,AE_8Bit.dll,AE_Float.dll,BCCPlus.dll	cvReleaseData | cvGetElemType | cvGetDims | cvGetSize
Art Sketch Shader                 	4	3DObjects,AE_16Bit.dll,AE_8Bit.dll,AE_Float.dll	Variation Shader Effect | Thin Film Shader Effect | Spots Sketch Shader
Assertion failed                  	4	AE_16Bit.dll,AE_8Bit.dll,AE_Float.dll,BCCPlus.dll	Parsing error | The function/feature is no | Memory block has been corr
Auto Analyze                      	4	AE_16Bit.dll,AE_8Bit.dll,AE_Float.dll,BCCPlus.dll	
Auto Launch Title Studio FX Browser	4	3DObjects,AE_16Bit.dll,AE_8Bit.dll,AE_Float.dll	Load PixelChooser and Moch
Autotrace call                    	4	AE_16Bit.dll,AE_8Bit.dll,AE_Float.dll,BCCPlus.dll	Internal error | Insufficient memory | Bad argument | Iterations do not converge
BCC                               	4	3DObjects,AE_16Bit.dll,AE_8Bit.dll,AE_Float.dll	.bcp | .bsp | Preset000
BCC 3D Relief Dissolve            	4	3DObjects,AE_16Bit.dll,AE_8Bit.dll,AE_Float.dll	BCC Mosaic Dissolve | BCC Tile Mosaic Dissolve
BCC AE Licensing                  	4	3DObjects,AE_16Bit.dll,AE_8Bit.dll,AE_Float.dll	bcc-lens-flash | bcc-blur-dissolve | bcc-film-glow-dissolve | bcc-ae-licensing
BCC Brick                         	4	3DObjects,AE_16Bit.dll,AE_8Bit.dll,AE_Float.dll	
BCC Brightness Contrast OBSOLETE  	4	3DObjects,AE_16Bit.dll,AE_8Bit.dll,AE_Float.dll	BCC Spiral Blur OBSOLETE | BCC Artists Poster | BCC Boost Blend OBS
BCC Cartooner DL                  	4	3DObjects,AE_16Bit.dll,AE_8Bit.dll,AE_Float.dll	BCC Misalignment | BCC Glare OBSOLETE | BCC Glitter OBSOLETE | BCC Criss-Cross Wipe
BCC Cloud Wipe                    	4	3DObjects,AE_16Bit.dll,AE_8Bit.dll,AE_Float.dll	BCC Waves Dissolve | BCC Ripple Dissolve | BCC Rays Dissolve OBSOLETE
BCC Color Key Test                	4	3DObjects,AE_16Bit.dll,AE_8Bit.dll,AE_Float.dll	
BCC Color Range Key               	4	3DObjects,AE_16Bit.dll,AE_8Bit.dll,AE_Float.dll	BCC Organic Strands | BCC Scatter 3D | BCC Fire And Smoke | BCC Warp | BCC Video Morph
BCC Common Controls               	4	3DObjects,AE_16Bit.dll,AE_8Bit.dll,AE_Float.dll	BCC Motion Tracker | bcc-presets | BCC Presets | bcc-common-controls
BCC Comp Test                     	4	3DObjects,AE_16Bit.dll,AE_8Bit.dll,AE_Float.dll	BCC VR Insert | BCC VR Sharpen | BCC Broadcast Safe
BCC Compare Mode                  	4	3DObjects,AE_16Bit.dll,AE_8Bit.dll,AE_Float.dll	bcc-overview-in-adobe | bcc-compare-mode
BCC Convolution                   	4	3DObjects,AE_16Bit.dll,AE_8Bit.dll,AE_Float.dll	BCC Swish Pan OBSOLETE | BCC Swish Wipe
BCC Cube Map                      	4	3DObjects,AE_16Bit.dll,AE_8Bit.dll,AE_Float.dll	BCC Film Roll Dissolve | BCC Reframer | BCC Title Studio | BCC VR Blur | BCC VR Reorient
BCC DeGrain                       	4	3DObjects,AE_16Bit.dll,AE_8Bit.dll,AE_Float.dll	
BCC DeNoise                       	4	3DObjects,AE_16Bit.dll,AE_8Bit.dll,AE_Float.dll	
BCC Difference Edges              	4	3DObjects,AE_16Bit.dll,AE_8Bit.dll,AE_Float.dll	BCC Free Rays_Cartoon | BCC Pixel Fixer | BCC Soften
BCC Double Wedge Wipe             	4	3DObjects,AE_16Bit.dll,AE_8Bit.dll,AE_Float.dll	BCC Cloud Wipe | BCC Checker Wipe | BCC Wedge Wipe
BCC Extruded Particle             	4	3DObjects,AE_16Bit.dll,AE_8Bit.dll,AE_Float.dll	BCC Extruded Spline | BCC Layer Deformer | BCC Type On Text
BCC Extruded Spline Curves        	4	3DObjects,AE_16Bit.dll,AE_8Bit.dll,AE_Float.dll	BCC Extrusion Bevel Curves | BCC Extrusion Side Curves
BCC Extrusion Bevel Curves        	4	3DObjects,AE_16Bit.dll,AE_8Bit.dll,AE_Float.dll	BCC Color & Tone\BCC Gradi | Extrusion Style | Material Style
BCC Extrusion Side Curves         	4	3DObjects,AE_16Bit.dll,AE_8Bit.dll,AE_Float.dll	BCC Color & Tone\BCC Gradi | Extrusion Style | Material Style | BCC Extrusion Bevel Curves
BCC FX Browser                    	4	3DObjects,AE_16Bit.dll,AE_8Bit.dll,AE_Float.dll	BCC Color Key Test
BCC Film Damage                   	4	3DObjects,AE_16Bit.dll,AE_8Bit.dll,AE_Float.dll	
BCC Film Damage Dissolve          	4	3DObjects,AE_16Bit.dll,AE_8Bit.dll,AE_Float.dll	BCC Tile Wipe | BCC Grunge | BCC Twirl Dissolve | BCC Lens Flare Dissolve
BCC Film Grain                    	4	3DObjects,AE_16Bit.dll,AE_8Bit.dll,AE_Float.dll	
BCC Film Roll Dissolve            	4	3DObjects,AE_16Bit.dll,AE_8Bit.dll,AE_Float.dll	BCC Shake | BCC Shake Dissolve | BCC Remover | BCC JPEG Damage
BCC Fire And Smoke                	4	3DObjects,AE_16Bit.dll,AE_8Bit.dll,AE_Float.dll	BCC Videoscope | BCC Spline Color Grade | BCC Organic Strands | BCC Scatter 3D
BCC Free Glitter                  	4	3DObjects,AE_16Bit.dll,AE_8Bit.dll,AE_Float.dll	BCC Cartoon Look | BCC Water Color
BCC Free Snow                     	4	3DObjects,AE_16Bit.dll,AE_8Bit.dll,AE_Float.dll	BCC Morph
BCC Glow Matte                    	4	3DObjects,AE_16Bit.dll,AE_8Bit.dll,AE_Float.dll	
BCC Grunge Dissolve               	4	3DObjects,AE_16Bit.dll,AE_8Bit.dll,AE_Float.dll	BCC Spill Remover OBSOLETE | BCC Prism Dissolve OBSOLET | BCC Curl Dissolve
BCC JPEG Damage                   	4	3DObjects,AE_16Bit.dll,AE_8Bit.dll,AE_Float.dll	BCC Light Leaks Dissolve O | BCC Shake | BCC Shake Dissolve | BCC Remover
BCC Lens Flare 3D Ray Type        	4	3DObjects,AE_16Bit.dll,AE_8Bit.dll,AE_Float.dll	BCC Lift Gamma Gain | BCC PixelChooser | Custom Spline
BCC Lift Gamma Gain               	4	3DObjects,AE_16Bit.dll,AE_8Bit.dll,AE_Float.dll	http://www.borisfx.com/log | BCC Gradient
BCC Light Matte                   	4	3DObjects,AE_16Bit.dll,AE_8Bit.dll,AE_Float.dll	
BCC Light Wrap                    	4	3DObjects,AE_16Bit.dll,AE_8Bit.dll,AE_Float.dll	
BCC Light Zoom                    	4	3DObjects,AE_16Bit.dll,AE_8Bit.dll,AE_Float.dll	
BCC Mosaic Dissolve               	4	3DObjects,AE_16Bit.dll,AE_8Bit.dll,AE_Float.dll	BCC Temporal Blur Dissolve | BCC Kaleida Dissolve
BCC Motion Blur                   	4	3DObjects,AE_16Bit.dll,AE_8Bit.dll,AE_Float.dll	
BCC Motion Tracker                	4	3DObjects,AE_16Bit.dll,AE_8Bit.dll,AE_Float.dll	bcc-compare-mode | BCC Compare Mode | bcc-motion-tracker
BCC Motion Tracker AE             	4	3DObjects,AE_16Bit.dll,AE_8Bit.dll,AE_Float.dll	bcc-water-waves-dissolve | bcc-light-wipe | bcc-motion-tracker-ae
BCC Motion Tracker Motion         	4	3DObjects,AE_16Bit.dll,AE_8Bit.dll,AE_Float.dll	bcc-motion-key | bcc-motion-tracker-fcp | BCC Motion Tracker FCP | bcc-motion-tracker-motion
BCC Motion Tracker Red            	4	3DObjects,AE_16Bit.dll,AE_8Bit.dll,AE_Float.dll	bcc-motion-tracker-prm | BCC Motion Tracker PRM | bcc-motion-tracker-red
BCC Multi Color Key               	4	3DObjects,AE_16Bit.dll,AE_8Bit.dll,AE_Float.dll	BCC Scatter 3D | BCC Fire And Smoke | BCC Warp | BCC Video Morph | BCC Color Range Key
BCC Multi Color Key 2             	4	3DObjects,AE_16Bit.dll,AE_8Bit.dll,AE_Float.dll	BCC Warp | BCC Video Morph | BCC Color Range Key | BCC Multi Color Key
BCC Noise Reduction 2             	4	3DObjects,AE_16Bit.dll,AE_8Bit.dll,AE_Float.dll	
BCC Not Used Ignore               	4	3DObjects,AE_16Bit.dll,AE_8Bit.dll,AE_Float.dll	BCC Multi Stretch Wipe | BCC Lens Flare OBS
BCC Page Turn Transition          	4	3DObjects,AE_16Bit.dll,AE_8Bit.dll,AE_Float.dll	BCC Mosaic Dissolve | BCC Tile Mosaic Dissolve | BCC 3D Relief Dissolve
BCC Particle System OBSOLETE      	4	3DObjects,AE_16Bit.dll,AE_8Bit.dll,AE_Float.dll	bcc-pan-and-zoom | bcc-particle-array-3d | bcc-particle-emitter-3d | bcc-particle-system
BCC Pinning Controls              	4	3DObjects,AE_16Bit.dll,AE_8Bit.dll,AE_Float.dll	bcc-rings-wipe | bcc-apply-modes | bcc-pinning-controls
BCC PixelChooser                  	4	3DObjects,AE_16Bit.dll,AE_8Bit.dll,AE_Float.dll	BCC Gradient | BCC Lift Gamma Gain
BCC Presets                       	4	3DObjects,AE_16Bit.dll,AE_8Bit.dll,AE_Float.dll	BCC Compare Mode | bcc-motion-tracker | BCC Motion Tracker | bcc-presets
BCC Prism Dissolve                	4	3DObjects,AE_16Bit.dll,AE_8Bit.dll,AE_Float.dll	bcc-particle-illusion-diss | bcc-spill-remover | bcc-prism-dissolve
BCC Radial Blur                   	4	3DObjects,AE_16Bit.dll,AE_8Bit.dll,AE_Float.dll	
BCC Radial Pattern Wipe           	4	3DObjects,AE_16Bit.dll,AE_8Bit.dll,AE_Float.dll	BCC Textured Wipe OBSOLETE | BCC Linear Wipe OBSOLETE | BCC Rectangular Wipe OBSOL
BCC Rock                          	4	3DObjects,AE_16Bit.dll,AE_8Bit.dll,AE_Float.dll	
BCC Scatter 3D                    	4	3DObjects,AE_16Bit.dll,AE_8Bit.dll,AE_Float.dll	BCC Film Glow OBS | BCC Videoscope | BCC Spline Color Grade | BCC Organic Strands
BCC Shake                         	4	3DObjects,AE_16Bit.dll,AE_8Bit.dll,AE_Float.dll	BCC Tilt Shift | BCC Light Leaks OBSOLETE | BCC Light Leaks Dissolve O
BCC Shake Dissolve                	4	3DObjects,AE_16Bit.dll,AE_8Bit.dll,AE_Float.dll	BCC Light Leaks OBSOLETE | BCC Light Leaks Dissolve O | BCC Shake
BCC Shift Channels                	4	3DObjects,AE_16Bit.dll,AE_8Bit.dll,AE_Float.dll	BCC Median | BCC Optical Stabilizer | BCC Motion Key OBSOLETE | BCC Corner Pin OBS
BCC Smooth Tone                   	4	3DObjects,AE_16Bit.dll,AE_8Bit.dll,AE_Float.dll	bcc-rough-glow | bcc-safe-colors | bcc-scanline | bcc-scatterize | bcc-sequencer | bcc-smooth-tone
BCC Soften                        	4	3DObjects,AE_16Bit.dll,AE_8Bit.dll,AE_Float.dll	BCC Free Rays_Cartoon | BCC Pixel Fixer
BCC Spiral Blur                   	4	3DObjects,AE_16Bit.dll,AE_8Bit.dll,AE_Float.dll	
BCC Spline Color Grade            	4	3DObjects,AE_16Bit.dll,AE_8Bit.dll,AE_Float.dll	FEC Rays_Directional | BCC Flicker Fixer | BCC Film Glow OBS | BCC Videoscope
BCC Star Matte                    	4	3DObjects,AE_16Bit.dll,AE_8Bit.dll,AE_Float.dll	
BCC Star Wipe                     	4	3DObjects,AE_16Bit.dll,AE_8Bit.dll,AE_Float.dll	BCC Wedge Wipe | BCC Double Wedge Wipe
BCC Steel Plate                   	4	3DObjects,AE_16Bit.dll,AE_8Bit.dll,AE_Float.dll	
BCC Super Blend                   	4	3DObjects,AE_16Bit.dll,AE_8Bit.dll,AE_Float.dll	
BCC Swish Wipe                    	4	3DObjects,AE_16Bit.dll,AE_8Bit.dll,AE_Float.dll	BCC DV Fixer OBSOLETE | BCC Swish Pan OBSOLETE
BCC Temporal Blur Dissolve        	4	3DObjects,AE_16Bit.dll,AE_8Bit.dll,AE_Float.dll	BCC Curl Dissolve | BCC Grunge Dissolve | BCC Colorize Glow Dissolve
BCC Tile Mosaic Dissolve          	4	3DObjects,AE_16Bit.dll,AE_8Bit.dll,AE_Float.dll	BCC Kaleida Dissolve | BCC Mosaic Dissolve
BCC Tilt Shift                    	4	3DObjects,AE_16Bit.dll,AE_8Bit.dll,AE_Float.dll	BCC Cross Melt | BCC Cross Zoom OBSOLETE | BCC Video Glitch OBSOLETE | BCC Cross Glitch
BCC Waves Dissolve                	4	3DObjects,AE_16Bit.dll,AE_8Bit.dll,AE_Float.dll	BCC Film Glow Dissolve OBS | BCC Flutter Cut OBSOLETE | BCC Blur Dissolve OBSOLETE
BCC Wedge Wipe                    	4	3DObjects,AE_16Bit.dll,AE_8Bit.dll,AE_Float.dll	BCC Rays Dissolve OBSOLETE | BCC Cloud Wipe | BCC Checker Wipe
BCC+Ambient Light                 	4	3DObjects,AE_16Bit.dll,AE_8Bit.dll,AE_Float.dll	bcc-crash-zoom-dissolve | bcc-spin-blur-dissolve | bcc-edge-cleaner | bcc-ambient-light
BCC+Atmospheric Glow              	4	3DObjects,AE_16Bit.dll,AE_8Bit.dll,AE_Float.dll	bcc-plus-video-glitch-diss | BCC+Video Glitch Dissolve | bcc-atmospheric-glow
BCC+Atmospheric Glow Dissolve     	4	3DObjects,AE_16Bit.dll,AE_8Bit.dll,AE_Float.dll	bcc-witness-protection-ml | BCC+Witness Protection ML | bcc-atmospheric-glow-disso
BCC+Audio Visualizer              	4	3DObjects,AE_16Bit.dll,AE_8Bit.dll,AE_Float.dll	bcc-smoke-fog | BCC+Smoke and Fog | bcc-super-led | bcc-audio-visualizer
BCC+Beauty Studio                 	4	3DObjects,AE_16Bit.dll,AE_8Bit.dll,AE_Float.dll	bcc-plus-haze | BCC+Haze | bcc-plus-two-strip | BCC+Two Strip | bcc-plus-beauty-studio
BCC+Black and White               	4	3DObjects,AE_16Bit.dll,AE_8Bit.dll,AE_Float.dll	bcc-edge-cleaner | bcc-ambient-light | BCC+Ambient Light | bcc-black-and-white
BCC+Bleach Bypass                 	4	3DObjects,AE_16Bit.dll,AE_8Bit.dll,AE_Float.dll	BCC+Ambient Light | bcc-black-and-white | BCC+Black and White | bcc-bleach-bypass
BCC+Blur                          	4	3DObjects,AE_16Bit.dll,AE_8Bit.dll,AE_Float.dll	BCC+Two Strip | bcc-plus-beauty-studio | BCC+Beauty Studio | bcc-plus-blur
BCC+Blur Dissolve                 	4	3DObjects,AE_16Bit.dll,AE_8Bit.dll,AE_Float.dll	BCC+Magic Sharp | bcc-plus-film-glow | BCC+Film Glow | bcc-plus-blur-dissolve
BCC+Borders                       	4	3DObjects,AE_16Bit.dll,AE_8Bit.dll,AE_Float.dll	BCC+Black and White | bcc-bleach-bypass | BCC+Bleach Bypass | bcc-borders
BCC+Camera Shake                  	4	3DObjects,AE_16Bit.dll,AE_8Bit.dll,AE_Float.dll	BCC+Bleach Bypass | bcc-borders | BCC+Borders | bcc-camera-shake
BCC+Camera Shake Dissolve         	4	3DObjects,AE_16Bit.dll,AE_8Bit.dll,AE_Float.dll	bcc-plus-rack-focus-dissol | BCC+Rack Focus Dissolve | bcc-plus-camera-shake-diss
BCC+Center Spot                   	4	3DObjects,AE_16Bit.dll,AE_8Bit.dll,AE_Float.dll	bcc-borders | BCC+Borders | bcc-camera-shake | BCC+Camera Shake | bcc-center-spot
BCC+Channel Blur                  	4	3DObjects,AE_16Bit.dll,AE_8Bit.dll,AE_Float.dll	BCC+Beauty Studio | bcc-plus-blur | BCC+Blur | bcc-plus-channel-blur
BCC+Channel Blur Dissolve         	4	3DObjects,AE_16Bit.dll,AE_8Bit.dll,AE_Float.dll	bcc-plus-film-glow-dissolv | BCC+Film Glow Dissolve
BCC+Chroma Bands                  	4	3DObjects,AE_16Bit.dll,AE_8Bit.dll,AE_Float.dll	BCC+Camera Shake | bcc-center-spot | BCC+Center Spot | bcc-chroma-bands
BCC+Chromatic Aberration          	4	3DObjects,AE_16Bit.dll,AE_8Bit.dll,AE_Float.dll	BCC+Center Spot | bcc-chroma-bands | BCC+Chroma Bands | bcc-chromatic-aberration
BCC+Color Gradient                	4	3DObjects,AE_16Bit.dll,AE_8Bit.dll,AE_Float.dll	bcc-chromatic-aberration | BCC+Chromatic Aberration | bcc-color-gradient
BCC+Color Infrared                	4	3DObjects,AE_16Bit.dll,AE_8Bit.dll,AE_Float.dll	bcc-color-gradient | BCC+Color Gradient | bcc-color-infrared
BCC+Color Link                    	4	3DObjects,AE_16Bit.dll,AE_8Bit.dll,AE_Float.dll	bcc-upres-ml | BCC+UpRes ML | bcc-denoise-ml | BCC+DeNoise ML | bcc-color-link
BCC+Color Paste                   	4	3DObjects,AE_16Bit.dll,AE_8Bit.dll,AE_Float.dll	BCC+Color Gradient | bcc-color-infrared | BCC+Color Infrared | bcc-color-paste
BCC+Color Shadow                  	4	3DObjects,AE_16Bit.dll,AE_8Bit.dll,AE_Float.dll	BCC+Color Infrared | bcc-color-paste | BCC+Color Paste | bcc-color-shadow
BCC+Color Spot                    	4	3DObjects,AE_16Bit.dll,AE_8Bit.dll,AE_Float.dll	bcc-color-paste | BCC+Color Paste | bcc-color-shadow | BCC+Color Shadow | bcc-color-spot
BCC+Colorize Gradient             	4	3DObjects,AE_16Bit.dll,AE_8Bit.dll,AE_Float.dll	BCC+Color Shadow | bcc-color-spot | BCC+Color Spot | bcc-colorize-gradient
BCC+Composite                     	4	3DObjects,AE_16Bit.dll,AE_8Bit.dll,AE_Float.dll	bcc-plus-flashing | BCC+Flashing | bcc-plus-f-stop | BCC+F-Stop | bcc-plus-composite
BCC+Crash Zoom Dissolve           	4	3DObjects,AE_16Bit.dll,AE_8Bit.dll,AE_Float.dll	BCC+Rays Dissolve | bcc-plus-radial-blur | BCC+Radial Blur | bcc-plus-crash-zoom-dissol
BCC+Cross Processing              	4	3DObjects,AE_16Bit.dll,AE_8Bit.dll,AE_Float.dll	BCC+Color Spot | bcc-colorize-gradient | BCC+Colorize Gradient | bcc-cross-processing
BCC+Cross Zoom Dissolve           	4	3DObjects,AE_16Bit.dll,AE_8Bit.dll,AE_Float.dll	bcc-plus-crash-zoom-dissol | BCC+Crash Zoom Dissolve | bcc-plus-cross-zoom-dissol
BCC+Day for Night                 	4	3DObjects,AE_16Bit.dll,AE_8Bit.dll,AE_Float.dll	BCC+Colorize Gradient | bcc-cross-processing | BCC+Cross Processing | bcc-day-for-night
BCC+DeBand                        	4	3DObjects,AE_16Bit.dll,AE_8Bit.dll,AE_Float.dll	BCC+Cross Processing | bcc-day-for-night | BCC+Day for Night | bcc-deband
BCC+DeBlock                       	4	3DObjects,AE_16Bit.dll,AE_8Bit.dll,AE_Float.dll	bcc-day-for-night | BCC+Day for Night | bcc-deband | BCC+DeBand | bcc-deblock
BCC+DeFog                         	4	3DObjects,AE_16Bit.dll,AE_8Bit.dll,AE_Float.dll	bcc-deband | BCC+DeBand | bcc-deblock | BCC+DeBlock | bcc-defog
BCC+DeFringe                      	4	3DObjects,AE_16Bit.dll,AE_8Bit.dll,AE_Float.dll	BCC+DeBand | bcc-deblock | BCC+DeBlock | bcc-defog | BCC+DeFog | bcc-defringe
BCC+DeNoise ML                    	4	3DObjects,AE_16Bit.dll,AE_8Bit.dll,AE_Float.dll	bcc-audio-visualizer | BCC+Audio Visualizer | bcc-upres-ml | BCC+UpRes ML | bcc-denoise-ml
BCC+Depth Map ML                  	4	3DObjects,AE_16Bit.dll,AE_8Bit.dll,AE_Float.dll	BCC+Smoke and Fog Dissolve | bcc-smoke-wipe | BCC+Smoke Wipe | bcc-depth-map-ml
BCC+Depth Wipe ML                 	4	3DObjects,AE_16Bit.dll,AE_8Bit.dll,AE_Float.dll	BCC+Jump Cut Fixer ML | bcc-lens-blur-1 | BCC+Lens Blur | bcc-depth-wipe-ml
BCC+Depth of Field                	4	3DObjects,AE_16Bit.dll,AE_8Bit.dll,AE_Float.dll	bcc-defog | BCC+DeFog | bcc-defringe | BCC+DeFringe | bcc-depth-of-field
BCC+Detail                        	4	3DObjects,AE_16Bit.dll,AE_8Bit.dll,AE_Float.dll	bcc-defringe | BCC+DeFringe | bcc-depth-of-field | BCC+Depth of Field | bcc-detail
BCC+Develop                       	4	3DObjects,AE_16Bit.dll,AE_8Bit.dll,AE_Float.dll	bcc-depth-of-field | BCC+Depth of Field | bcc-detail | BCC+Detail | bcc-develop
BCC+Diffusion                     	4	3DObjects,AE_16Bit.dll,AE_8Bit.dll,AE_Float.dll	bcc-detail | BCC+Detail | bcc-develop | BCC+Develop | bcc-diffusion
BCC+Directional Blur              	4	3DObjects,AE_16Bit.dll,AE_8Bit.dll,AE_Float.dll	bcc-plus-channel-blur-yuv | bcc-plus-directional-blur
BCC+Directional Blur Dissolve     	4	3DObjects,AE_16Bit.dll,AE_8Bit.dll,AE_Float.dll	BCC+Film Glow Dissolve | BCC+Channel Blur Dissolve | bcc-plus-directional-blur-
BCC+Dissolve                      	4	3DObjects,AE_16Bit.dll,AE_8Bit.dll,AE_Float.dll	bcc-plus-smear-blur | BCC+Smear Blur | bcc-plus-prism | BCC+Prism | bcc-plus-dissolve
BCC+Double Fog                    	4	3DObjects,AE_16Bit.dll,AE_8Bit.dll,AE_Float.dll	BCC+Detail | bcc-develop | BCC+Develop | bcc-diffusion | BCC+Diffusion | bcc-double-fog
BCC+Dual Gradient                 	4	3DObjects,AE_16Bit.dll,AE_8Bit.dll,AE_Float.dll	bcc-diffusion | BCC+Diffusion | bcc-double-fog | BCC+Double Fog | bcc-dual-gradient
BCC+Edge Cleaner                  	4	3DObjects,AE_16Bit.dll,AE_8Bit.dll,AE_Float.dll	bcc-denoise-ml | BCC+DeNoise ML | bcc-color-link | BCC+Color Link | bcc-edge-cleaner-1
BCC+Edge Composite                	4	3DObjects,AE_16Bit.dll,AE_8Bit.dll,AE_Float.dll	BCC+Double Fog | bcc-dual-gradient | BCC+Dual Gradient | bcc-edge-composite
BCC+Enhancing                     	4	3DObjects,AE_16Bit.dll,AE_8Bit.dll,AE_Float.dll	BCC+Dual Gradient | bcc-edge-composite | BCC+Edge Composite | bcc-enhancing
BCC+Eye Light                     	4	3DObjects,AE_16Bit.dll,AE_8Bit.dll,AE_Float.dll	bcc-edge-composite | BCC+Edge Composite | bcc-enhancing | BCC+Enhancing | bcc-eye-light
BCC+F-Stop                        	4	3DObjects,AE_16Bit.dll,AE_8Bit.dll,AE_Float.dll	bcc-plus-film-grunge | BCC+Film Grunge | bcc-plus-flashing | BCC+Flashing | bcc-plus-f-stop
BCC+Face ML                       	4	3DObjects,AE_16Bit.dll,AE_8Bit.dll,AE_Float.dll	bcc-st-map | BCC+ST Map | bcc-matte-refine-ml | BCC+Matte Refine ML | bcc-face-ml
BCC+Film Glow                     	4	3DObjects,AE_16Bit.dll,AE_8Bit.dll,AE_Float.dll	bcc-plus-magic-sharp | BCC+Magic Sharp | bcc-plus-film-glow
BCC+Film Glow Dissolve            	4	3DObjects,AE_16Bit.dll,AE_8Bit.dll,AE_Float.dll	BCC+Blur Dissolve | bcc-plus-film-glow-dissolv
BCC+Film Grunge                   	4	3DObjects,AE_16Bit.dll,AE_8Bit.dll,AE_Float.dll	bcc-x-ray | BCC+X-Ray | bcc-plus-vignette | BCC+Vignette | bcc-plus-film-grunge
BCC+Film Roll                     	4	3DObjects,AE_16Bit.dll,AE_8Bit.dll,AE_Float.dll	BCC+Video Glitch Dissolve | bcc-atmospheric-glow | BCC+Atmospheric Glow | bcc-film-roll
BCC+Film Stocks                   	4	3DObjects,AE_16Bit.dll,AE_8Bit.dll,AE_Float.dll	bcc-enhancing | BCC+Enhancing | bcc-eye-light | BCC+Eye Light | bcc-film-stocks
BCC+Flashing                      	4	3DObjects,AE_16Bit.dll,AE_8Bit.dll,AE_Float.dll	BCC+Vignette | bcc-plus-film-grunge | BCC+Film Grunge | bcc-plus-flashing
BCC+Fluorescent                   	4	3DObjects,AE_16Bit.dll,AE_8Bit.dll,AE_Float.dll	bcc-plus-f-stop | BCC+F-Stop | bcc-plus-composite | BCC+Composite | bcc-plus-fluorescent
BCC+Flutter Cut                   	4	3DObjects,AE_16Bit.dll,AE_8Bit.dll,AE_Float.dll	BCC+Texture Wipe | bcc-vignette-wipe-1 | BCC+Vignette Wipe | bcc-plus-flutter-cut
BCC+Fog                           	4	3DObjects,AE_16Bit.dll,AE_8Bit.dll,AE_Float.dll	BCC+Enhancing | bcc-eye-light | BCC+Eye Light | bcc-film-stocks | BCC+Film Stocks | bcc-fog
BCC+Frame Fixer ML                	4	3DObjects,AE_16Bit.dll,AE_8Bit.dll,AE_Float.dll	BCC+Smoke Wipe | bcc-depth-map-ml | BCC+Depth Map ML | bcc-frame-fixer-ml
BCC+Frost                         	4	3DObjects,AE_16Bit.dll,AE_8Bit.dll,AE_Float.dll	BCC+Eye Light | bcc-film-stocks | BCC+Film Stocks | bcc-fog | BCC+Fog | bcc-frost
BCC+Gels                          	4	3DObjects,AE_16Bit.dll,AE_8Bit.dll,AE_Float.dll	BCC+Film Stocks | bcc-fog | BCC+Fog | bcc-frost | BCC+Frost | bcc-gels
BCC+Glow                          	4	3DObjects,AE_16Bit.dll,AE_8Bit.dll,AE_Float.dll	bcc-fog | BCC+Fog | bcc-frost | BCC+Frost | bcc-gels | BCC+Gels
BCC+Glow Darks                    	4	3DObjects,AE_16Bit.dll,AE_8Bit.dll,AE_Float.dll	bcc-frost | BCC+Frost | bcc-gels | BCC+Gels | BCC+Glow | bcc-glow-darks
BCC+Glow Edges                    	4	3DObjects,AE_16Bit.dll,AE_8Bit.dll,AE_Float.dll	bcc-gels | BCC+Gels | BCC+Glow | bcc-glow-darks | BCC+Glow Darks | bcc-glow-edges
BCC+Grade                         	4	3DObjects,AE_16Bit.dll,AE_8Bit.dll,AE_Float.dll	BCC+Glow | bcc-glow-darks | BCC+Glow Darks | bcc-glow-edges | BCC+Glow Edges | bcc-grade
BCC+Grain                         	4	3DObjects,AE_16Bit.dll,AE_8Bit.dll,AE_Float.dll	bcc-atmospheric-glow-disso | BCC+Atmospheric Glow Disso | bcc-grain
BCC+Halo                          	4	3DObjects,AE_16Bit.dll,AE_8Bit.dll,AE_Float.dll	BCC+Glow Darks | bcc-glow-edges | BCC+Glow Edges | bcc-grade | BCC+Grade | bcc-halo
BCC+Harris Shutter                	4	3DObjects,AE_16Bit.dll,AE_8Bit.dll,AE_Float.dll	bcc-grade | BCC+Grade | bcc-halo | BCC+Halo | bcc-harris-shutter
BCC+Haze                          	4	3DObjects,AE_16Bit.dll,AE_8Bit.dll,AE_Float.dll	bcc-plus-composite | BCC+Composite | bcc-plus-fluorescent | BCC+Fluorescent | bcc-plus-haze
BCC+High Contrast                 	4	3DObjects,AE_16Bit.dll,AE_8Bit.dll,AE_Float.dll	BCC+Halo | bcc-harris-shutter | BCC+Harris Shutter | bcc-high-contrast
BCC+Holdout Composite             	4	3DObjects,AE_16Bit.dll,AE_8Bit.dll,AE_Float.dll	BCC+Harris Shutter | bcc-high-contrast | BCC+High Contrast | bcc-holdout-composite
BCC+Ice Halos                     	4	3DObjects,AE_16Bit.dll,AE_8Bit.dll,AE_Float.dll	BCC+High Contrast | bcc-holdout-composite | BCC+Holdout Composite | bcc-ice-halos
BCC+Infrared                      	4	3DObjects,AE_16Bit.dll,AE_8Bit.dll,AE_Float.dll	bcc-holdout-composite | BCC+Holdout Composite | bcc-ice-halos | BCC+Ice Halos | bcc-infrared
BCC+Jump Cut Fixer ML             	4	3DObjects,AE_16Bit.dll,AE_8Bit.dll,AE_Float.dll	bcc-face-ml | BCC+Face ML | bcc-scanline-1 | BCC+Scanline | bcc-jump-cut-fixer-ml
BCC+Kelvin                        	4	3DObjects,AE_16Bit.dll,AE_8Bit.dll,AE_Float.dll	bcc-ice-halos | BCC+Ice Halos | bcc-infrared | BCC+Infrared | bcc-kelvin
BCC+Key Light                     	4	3DObjects,AE_16Bit.dll,AE_8Bit.dll,AE_Float.dll	BCC+Ice Halos | bcc-infrared | BCC+Infrared | bcc-kelvin | BCC+Kelvin | bcc-key-light
BCC+Lens Blur                     	4	3DObjects,AE_16Bit.dll,AE_8Bit.dll,AE_Float.dll	bcc-scanline-1 | BCC+Scanline | bcc-jump-cut-fixer-ml | BCC+Jump Cut Fixer ML | bcc-lens-blur-1
BCC+Lens Distortion               	4	3DObjects,AE_16Bit.dll,AE_8Bit.dll,AE_Float.dll	bcc-kelvin | BCC+Kelvin | bcc-key-light | BCC+Key Light | bcc-lens-distortion
BCC+Lens Flare                    	4	3DObjects,AE_16Bit.dll,AE_8Bit.dll,AE_Float.dll	BCC+Kelvin | bcc-key-light | BCC+Key Light | bcc-lens-distortion | BCC+Lens Distortion
BCC+License Plate ML              	4	3DObjects,AE_16Bit.dll,AE_8Bit.dll,AE_Float.dll	BCC+Atmospheric Glow Disso | bcc-grain | BCC+Grain | bcc-license-plate-ml
BCC+Light                         	4	3DObjects,AE_16Bit.dll,AE_8Bit.dll,AE_Float.dll	BCC+Key Light | bcc-lens-distortion | BCC+Lens Distortion | BCC+Lens Flare | bcc-light
BCC+Light Flicker                 	4	3DObjects,AE_16Bit.dll,AE_8Bit.dll,AE_Float.dll	BCC+Vignette Wipe | bcc-plus-flutter-cut | BCC+Flutter Cut | bcc-light-flicker
BCC+Light Leaks                   	4	3DObjects,AE_16Bit.dll,AE_8Bit.dll,AE_Float.dll	bcc-plus-camera-shake-diss | BCC+Camera Shake Dissolve | bcc-plus-light-leaks
BCC+Light Leaks Dissolve          	4	3DObjects,AE_16Bit.dll,AE_8Bit.dll,AE_Float.dll	bcc-plus-light-leaks | BCC+Light Leaks | bcc-plus-light-leaks-disso
BCC+Light Wrap                    	4	3DObjects,AE_16Bit.dll,AE_8Bit.dll,AE_Float.dll	BCC+Color Link | bcc-edge-cleaner-1 | BCC+Edge Cleaner | bcc-light-wrap-1
BCC+Linear Color Key              	4	3DObjects,AE_16Bit.dll,AE_8Bit.dll,AE_Float.dll	BCC+Grain | bcc-license-plate-ml | BCC+License Plate ML | bcc-linear-color-key-1
BCC+Linear Luma Key               	4	3DObjects,AE_16Bit.dll,AE_8Bit.dll,AE_Float.dll	BCC+Edge Cleaner | bcc-light-wrap-1 | BCC+Light Wrap | bcc-linear-luma-key-1
BCC+Linear Wipe                   	4	3DObjects,AE_16Bit.dll,AE_8Bit.dll,AE_Float.dll	bcc-swish-prism | BCC+Swish Prism | bcc-swish-warp | BCC+Swish Warp | bcc-linear-wipe-1
BCC+Looks                         	4	3DObjects,AE_16Bit.dll,AE_8Bit.dll,AE_Float.dll	BCC+Lens Distortion | BCC+Lens Flare | bcc-light | BCC+Light | bcc-looks
BCC+Low Contrast                  	4	3DObjects,AE_16Bit.dll,AE_8Bit.dll,AE_Float.dll	bcc-light | BCC+Light | bcc-looks | BCC+Looks | bcc-low-contrast
BCC+Magic Sharp                   	4	3DObjects,AE_16Bit.dll,AE_8Bit.dll,AE_Float.dll	bcc-plus-dissolve | BCC+Dissolve | bcc-plus-magic-sharp
BCC+Math Composite                	4	3DObjects,AE_16Bit.dll,AE_8Bit.dll,AE_Float.dll	BCC+Looks | bcc-low-contrast | BCC+Low Contrast | bcc-math-composite
BCC+Matte Refine ML               	4	3DObjects,AE_16Bit.dll,AE_8Bit.dll,AE_Float.dll	bcc-st-map | BCC+ST Map | bcc-matte-refine-ml
BCC+Mist                          	4	3DObjects,AE_16Bit.dll,AE_8Bit.dll,AE_Float.dll	BCC+Low Contrast | bcc-math-composite | BCC+Math Composite | bcc-mist
BCC+Mosaic                        	4	3DObjects,AE_16Bit.dll,AE_8Bit.dll,AE_Float.dll	BCC+Light Wrap | bcc-linear-luma-key-1 | BCC+Linear Luma Key | bcc-mosaic-1
BCC+Mosaic Dissolve               	4	3DObjects,AE_16Bit.dll,AE_8Bit.dll,AE_Float.dll	BCC+Linear Luma Key | bcc-mosaic-1 | BCC+Mosaic | bcc-mosaic-dissolve
BCC+Motion Blur ML                	4	3DObjects,AE_16Bit.dll,AE_8Bit.dll,AE_Float.dll	BCC+License Plate ML | bcc-linear-color-key-1 | BCC+Linear Color Key | bcc-motion-blur-ml
BCC+Multi-Star                    	4	3DObjects,AE_16Bit.dll,AE_8Bit.dll,AE_Float.dll	BCC+Math Composite | bcc-mist | BCC+Mist | bcc-plus-multi-star-dissol
BCC+Multi-Star Dissolve           	4	3DObjects,AE_16Bit.dll,AE_8Bit.dll,AE_Float.dll	BCC+Directional Blur Disso | bcc-plus-prism-dissolve | BCC+Prism Dissolve
BCC+ND Gradient                   	4	3DObjects,AE_16Bit.dll,AE_8Bit.dll,AE_Float.dll	bcc-mist | BCC+Mist | bcc-plus-multi-star-dissol | BCC+Multi-Star | bcc-nd-gradient
BCC+Net                           	4	3DObjects,AE_16Bit.dll,AE_8Bit.dll,AE_Float.dll	bcc-plus-multi-star-dissol | BCC+Multi-Star | bcc-nd-gradient | BCC+ND Gradient | bcc-net
BCC+Night Vision                  	4	3DObjects,AE_16Bit.dll,AE_8Bit.dll,AE_Float.dll	BCC+Multi-Star | bcc-nd-gradient | BCC+ND Gradient | bcc-net | BCC+Net | bcc-night-vision
BCC+Non-Additive Mix              	4	3DObjects,AE_16Bit.dll,AE_8Bit.dll,AE_Float.dll	bcc-net | BCC+Net | bcc-night-vision | BCC+Night Vision | bcc-non-additive-mix
BCC+Optical Dissolve              	4	3DObjects,AE_16Bit.dll,AE_8Bit.dll,AE_Float.dll	BCC+Night Vision | bcc-non-additive-mix | BCC+Non-Additive Mix | bcc-optical-dissolve
BCC+Orbs                          	4	3DObjects,AE_16Bit.dll,AE_8Bit.dll,AE_Float.dll	BCC+Flutter Cut | bcc-light-flicker | BCC+Light Flicker | bcc-orbs
BCC+Orbs Dissolve                 	4	3DObjects,AE_16Bit.dll,AE_8Bit.dll,AE_Float.dll	BCC+Linear Color Key | bcc-motion-blur-ml | BCC+Motion Blur ML | bcc-orbs-dissolve
BCC+Overexpose                    	4	3DObjects,AE_16Bit.dll,AE_8Bit.dll,AE_Float.dll	BCC+Non-Additive Mix | bcc-optical-dissolve | BCC+Optical Dissolve | bcc-overexpose
BCC+Photographic                  	4	3DObjects,AE_16Bit.dll,AE_8Bit.dll,AE_Float.dll	BCC+Optical Dissolve | bcc-overexpose | BCC+Overexpose | bcc-photographic
BCC+Polar Warp                    	4	3DObjects,AE_16Bit.dll,AE_8Bit.dll,AE_Float.dll	bcc-mosaic-1 | BCC+Mosaic | bcc-mosaic-dissolve | BCC+Mosaic Dissolve | bcc-polar-warp
BCC+Polarizer                     	4	3DObjects,AE_16Bit.dll,AE_8Bit.dll,AE_Float.dll	bcc-overexpose | BCC+Overexpose | bcc-photographic | BCC+Photographic | bcc-polarizer
BCC+Prism                         	4	3DObjects,AE_16Bit.dll,AE_8Bit.dll,AE_Float.dll	BCC+Directional Blur | bcc-plus-smear-blur | BCC+Smear Blur | bcc-plus-prism
BCC+Prism Dissolve                	4	3DObjects,AE_16Bit.dll,AE_8Bit.dll,AE_Float.dll	bcc-plus-directional-blur- | BCC+Directional Blur Disso | bcc-plus-prism-dissolve
BCC+Rack Focus                    	4	3DObjects,AE_16Bit.dll,AE_8Bit.dll,AE_Float.dll	bcc-photographic | BCC+Photographic | bcc-polarizer | BCC+Polarizer | bcc-rack-focus
BCC+Rack Focus Dissolve           	4	3DObjects,AE_16Bit.dll,AE_8Bit.dll,AE_Float.dll	bcc-plus-spin-blur-dissolv | BCC+Spin Blur Dissolve | bcc-plus-rack-focus-dissol
BCC+Radial Blur                   	4	3DObjects,AE_16Bit.dll,AE_8Bit.dll,AE_Float.dll	BCC+Multi-Star Dissolve | bcc-plus-rays-dissolve | BCC+Rays Dissolve | bcc-plus-radial-blur
BCC+Radial Exposure               	4	3DObjects,AE_16Bit.dll,AE_8Bit.dll,AE_Float.dll	bcc-polarizer | BCC+Polarizer | bcc-rack-focus | BCC+Rack Focus | bcc-radial-exposure
BCC+Radial Tint                   	4	3DObjects,AE_16Bit.dll,AE_8Bit.dll,AE_Float.dll	bcc-rack-focus | BCC+Rack Focus | bcc-radial-exposure | BCC+Radial Exposure | bcc-radial-tint
BCC+Radial Wipe                   	4	3DObjects,AE_16Bit.dll,AE_8Bit.dll,AE_Float.dll	bcc-swish-warp | BCC+Swish Warp | bcc-linear-wipe-1 | BCC+Linear Wipe | bcc-radial-wipe-1
BCC+Rays                          	4	3DObjects,AE_16Bit.dll,AE_8Bit.dll,AE_Float.dll	BCC+Rack Focus | bcc-radial-exposure | BCC+Radial Exposure | bcc-radial-tint | BCC+Radial Tint
BCC+Rays Dissolve                 	4	3DObjects,AE_16Bit.dll,AE_8Bit.dll,AE_Float.dll	bcc-plus-prism-dissolve | BCC+Prism Dissolve | BCC+Multi-Star Dissolve | bcc-plus-rays-dissolve
BCC+ReLight                       	4	3DObjects,AE_16Bit.dll,AE_8Bit.dll,AE_Float.dll	bcc-radial-tint | BCC+Radial Tint | BCC+Rays | bcc-reflector | BCC+Reflector | bcc-relight
BCC+Rectangular Wipe              	4	3DObjects,AE_16Bit.dll,AE_8Bit.dll,AE_Float.dll	BCC+Linear Wipe | bcc-radial-wipe-1 | BCC+Radial Wipe | bcc-rectangular-wipe-1
BCC+Reflector                     	4	3DObjects,AE_16Bit.dll,AE_8Bit.dll,AE_Float.dll	BCC+Radial Exposure | bcc-radial-tint | BCC+Radial Tint | BCC+Rays | bcc-reflector
BCC+Retimer ML                    	4	3DObjects,AE_16Bit.dll,AE_8Bit.dll,AE_Float.dll	bcc-polar-warp | BCC+Polar Warp | bcc-spill-remover-1 | BCC+Spill Remover | bcc-retimer-ml
BCC+ST Map                        	4	3DObjects,AE_16Bit.dll,AE_8Bit.dll,AE_Float.dll	BCC+Frame Fixer ML | bcc-lens-blur-ml | bcc-st-map
BCC+Scanline                      	4	3DObjects,AE_16Bit.dll,AE_8Bit.dll,AE_Float.dll	bcc-matte-refine-ml | BCC+Matte Refine ML | bcc-face-ml | BCC+Face ML | bcc-scanline-1
BCC+Selective Saturation          	4	3DObjects,AE_16Bit.dll,AE_8Bit.dll,AE_Float.dll	bcc-reflector | BCC+Reflector | bcc-relight | BCC+ReLight | bcc-selective-saturation
BCC+Sepia                         	4	3DObjects,AE_16Bit.dll,AE_8Bit.dll,AE_Float.dll	BCC+ReLight | bcc-selective-saturation | BCC+Selective Saturation | bcc-sepia
BCC+Silk                          	4	3DObjects,AE_16Bit.dll,AE_8Bit.dll,AE_Float.dll	bcc-sepia | BCC+Sepia | bcc-shadows-highlights | bcc-silk
BCC+Skin Tone                     	4	3DObjects,AE_16Bit.dll,AE_8Bit.dll,AE_Float.dll	bcc-shadows-highlights | bcc-silk | BCC+Silk | bcc-skin-tone
BCC+Smear Blur                    	4	3DObjects,AE_16Bit.dll,AE_8Bit.dll,AE_Float.dll	bcc-plus-directional-blur | BCC+Directional Blur | bcc-plus-smear-blur
BCC+Smoke Wipe                    	4	3DObjects,AE_16Bit.dll,AE_8Bit.dll,AE_Float.dll	BCC+Two Way Key | bcc-smoke-and-fog-dissolve | BCC+Smoke and Fog Dissolve | bcc-smoke-wipe
BCC+Smoke and Fog                 	4	3DObjects,AE_16Bit.dll,AE_8Bit.dll,AE_Float.dll	bcc-light-flicker | BCC+Light Flicker | bcc-orbs | BCC+Orbs | bcc-smoke-fog
BCC+Smoke and Fog Dissolve        	4	3DObjects,AE_16Bit.dll,AE_8Bit.dll,AE_Float.dll	bcc-two-way-keyer | BCC+Two Way Key | bcc-smoke-and-fog-dissolve
BCC+Spill Remover                 	4	3DObjects,AE_16Bit.dll,AE_8Bit.dll,AE_Float.dll	BCC+Mosaic Dissolve | bcc-polar-warp | BCC+Polar Warp | bcc-spill-remover-1
BCC+Spin Blur Dissolve            	4	3DObjects,AE_16Bit.dll,AE_8Bit.dll,AE_Float.dll	bcc-plus-cross-zoom-dissol | BCC+Cross Zoom Dissolve | bcc-plus-spin-blur-dissolv
BCC+Split Field                   	4	3DObjects,AE_16Bit.dll,AE_8Bit.dll,AE_Float.dll	bcc-silk | BCC+Silk | bcc-skin-tone | BCC+Skin Tone | bcc-split-field
BCC+Split Tone                    	4	3DObjects,AE_16Bit.dll,AE_8Bit.dll,AE_Float.dll	BCC+Silk | bcc-skin-tone | BCC+Skin Tone | bcc-split-field | BCC+Split Field | bcc-split-tone
BCC+Streaks                       	4	3DObjects,AE_16Bit.dll,AE_8Bit.dll,AE_Float.dll	BCC+Skin Tone | bcc-split-field | BCC+Split Field | bcc-split-tone | BCC+Split Tone | bcc-streaks
BCC+Sunset                        	4	3DObjects,AE_16Bit.dll,AE_8Bit.dll,AE_Float.dll	BCC+Split Field | bcc-split-tone | BCC+Split Tone | bcc-streaks | BCC+Streaks | bcc-sunset
BCC+Swish Glow                    	4	3DObjects,AE_16Bit.dll,AE_8Bit.dll,AE_Float.dll	bcc-atmospheric-glow | BCC+Atmospheric Glow | bcc-film-roll | BCC+Film Roll | bcc-swish-glow
BCC+Swish Pan                     	4	3DObjects,AE_16Bit.dll,AE_8Bit.dll,AE_Float.dll	bcc-film-roll | BCC+Film Roll | bcc-swish-glow | BCC+Swish Glow | bcc-swish-pan-1
BCC+Swish Prism                   	4	3DObjects,AE_16Bit.dll,AE_8Bit.dll,AE_Float.dll	BCC+Film Roll | bcc-swish-glow | BCC+Swish Glow | bcc-swish-pan-1 | BCC+Swish Pan | bcc-swish-prism
BCC+Swish Warp                    	4	3DObjects,AE_16Bit.dll,AE_8Bit.dll,AE_Float.dll	BCC+Swish Glow | bcc-swish-pan-1 | BCC+Swish Pan | bcc-swish-prism | BCC+Swish Prism | bcc-swish-warp
BCC+Texture Wipe                  	4	3DObjects,AE_16Bit.dll,AE_8Bit.dll,AE_Float.dll	BCC+Radial Wipe | bcc-rectangular-wipe-1 | BCC+Rectangular Wipe | bcc-texture-wipe
BCC+Textures                      	4	3DObjects,AE_16Bit.dll,AE_8Bit.dll,AE_Float.dll	BCC+Split Tone | bcc-streaks | BCC+Streaks | bcc-sunset | BCC+Sunset | bcc-textures
BCC+Three Strip                   	4	3DObjects,AE_16Bit.dll,AE_8Bit.dll,AE_Float.dll	BCC+Streaks | bcc-sunset | BCC+Sunset | bcc-textures | BCC+Textures | bcc-three-strip
BCC+Tint                          	4	3DObjects,AE_16Bit.dll,AE_8Bit.dll,AE_Float.dll	BCC+Sunset | bcc-textures | BCC+Textures | bcc-three-strip | BCC+Three Strip | bcc-tint
BCC+Transform                     	4	3DObjects,AE_16Bit.dll,AE_8Bit.dll,AE_Float.dll	BCC+Textures | bcc-three-strip | BCC+Three Strip | bcc-tint | BCC+Tint | bcc-transform
BCC+Two Strip                     	4	3DObjects,AE_16Bit.dll,AE_8Bit.dll,AE_Float.dll	bcc-plus-fluorescent | BCC+Fluorescent | bcc-plus-haze | BCC+Haze | bcc-plus-two-strip
BCC+Two Way Key                   	4	3DObjects,AE_16Bit.dll,AE_8Bit.dll,AE_Float.dll	bcc-pixel-chooser-1 | bcc-two-way-keyer
BCC+UpRes ML                      	4	3DObjects,AE_16Bit.dll,AE_8Bit.dll,AE_Float.dll	bcc-super-led | bcc-audio-visualizer | BCC+Audio Visualizer | bcc-upres-ml
BCC+Video Glitch                  	4	3DObjects,AE_16Bit.dll,AE_8Bit.dll,AE_Float.dll	bcc-plus-light-leaks-disso | BCC+Light Leaks Dissolve | bcc-plus-video-glitch
BCC+Video Glitch Dissolve         	4	3DObjects,AE_16Bit.dll,AE_8Bit.dll,AE_Float.dll	bcc-plus-video-glitch | BCC+Video Glitch | bcc-plus-video-glitch-diss
BCC+Vignette                      	4	3DObjects,AE_16Bit.dll,AE_8Bit.dll,AE_Float.dll	BCC+Wide Angle Lens | bcc-x-ray | BCC+X-Ray | bcc-plus-vignette
BCC+Vignette Wipe                 	4	3DObjects,AE_16Bit.dll,AE_8Bit.dll,AE_Float.dll	BCC+Rectangular Wipe | bcc-texture-wipe | BCC+Texture Wipe | bcc-vignette-wipe-1
BCC+Wide Angle Lens               	4	3DObjects,AE_16Bit.dll,AE_8Bit.dll,AE_Float.dll	bcc-tint | BCC+Tint | bcc-transform | BCC+Transform | bcc-wide-angle-lens
BCC+Witness Protection ML         	4	3DObjects,AE_16Bit.dll,AE_8Bit.dll,AE_Float.dll	BCC+Spill Remover | bcc-retimer-ml | BCC+Retimer ML | bcc-witness-protection-ml
BCC+X-Ray                         	4	3DObjects,AE_16Bit.dll,AE_8Bit.dll,AE_Float.dll	bcc-transform | BCC+Transform | bcc-wide-angle-lens | BCC+Wide Angle Lens | bcc-x-ray
BCC4Color Choker                  	4	3DObjects,AE_16Bit.dll,AE_8Bit.dll,AE_Float.dll	
BCC4Turbulence                    	4	3DObjects,AE_16Bit.dll,AE_8Bit.dll,AE_Float.dll	
BCCTitleStudioWindowPreferences   	4	3DObjects,AE_16Bit.dll,AE_8Bit.dll,AE_Float.dll	
BFX API Error                     	4	3DObjects,AE_16Bit.dll,AE_8Bit.dll,AE_Float.dll	efyK
BFXD Check Previous               	4	3DObjects,AE_16Bit.dll,AE_8Bit.dll,AE_Float.dll	Registration Reminder Prev | Version Update Check Previ | Restrict License Type
BFXEnableGPU                      	4	AE_16Bit.dll,AE_8Bit.dll,AE_Float.dll,BCCPlus.dll	create ci filter failed - | Invalid Filter Name: | DBG:
BFXExternalMonitor.dll            	4	3DObjects,AE_16Bit.dll,AE_8Bit.dll,AE_Float.dll	
BFXLogLevel                       	4	AE_16Bit.dll,AE_8Bit.dll,AE_Float.dll,BCCPlus.dll	DBG:  | BFXEnableGPU | BFXSafeLevelsDefault | BFXSafeLevelsOverride | BFXWatchFolder
BFXOverlay                        	4	3DObjects,AE_16Bit.dll,AE_8Bit.dll,AE_Float.dll	
BFXSafeLevelsDefault              	4	AE_16Bit.dll,AE_8Bit.dll,AE_Float.dll,BCCPlus.dll	create ci filter failed - | Invalid Filter Name: | DBG:  | BFXEnableGPU
BFXSafeLevelsOverride             	4	AE_16Bit.dll,AE_8Bit.dll,AE_Float.dll,BCCPlus.dll	Invalid Filter Name: | DBG:  | BFXEnableGPU | BFXSafeLevelsDefault
BFXWatchFolder                    	4	AE_16Bit.dll,AE_8Bit.dll,AE_Float.dll,BCCPlus.dll	Invalid Filter Name: | DBG:  | BFXEnableGPU | BFXSafeLevelsDefault | BFXSafeLevelsOverride
BGRA                              	4	AE_16Bit.dll,AE_8Bit.dll,AE_Float.dll,BCCPlus.dll	Pixel order should be used | GRAY | RGB | BGR
BUILT-IN CAMERA                   	4	3DObjects,AE_16Bit.dll,AE_8Bit.dll,AE_Float.dll	
Back                              	4	3DObjects,AE_16Bit.dll,AE_8Bit.dll,AE_Float.dll	Input Layer|Independent|Us | Front
Bad CvMat header                  	4	AE_16Bit.dll,AE_8Bit.dll,AE_Float.dll,BCCPlus.dll	cvInitMatHeader | Non-positive cols or rows | cvReleaseMat | cvCloneMat
Bad CvMatND header                	4	AE_16Bit.dll,AE_8Bit.dll,AE_Float.dll,BCCPlus.dll	The array is too big | cvCreateMatNDHeader | cvCloneMatND
Bad argument                      	4	AE_16Bit.dll,AE_8Bit.dll,AE_Float.dll,BCCPlus.dll	No Error | Unspecified error | Internal error | Insufficient memory
Bad image header                  	4	AE_16Bit.dll,AE_8Bit.dll,AE_Float.dll,BCCPlus.dll	cvSetImageCOI | cvCloneImage
Bad input roi                     	4	AE_16Bit.dll,AE_8Bit.dll,AE_Float.dll,BCCPlus.dll	GRAY | RGB | BGR | BGRA | cvInitImageHeader | null pointer to header
Bad input sequence                	4	AE_16Bit.dll,AE_8Bit.dll,AE_Float.dll,BCCPlus.dll	cvClearSeq | cvSeqSlice | Invalid sequence header | Bad sequence slice | cvSeqSort
Bad number of channels            	4	AE_16Bit.dll,AE_8Bit.dll,AE_Float.dll,BCCPlus.dll	Unsupported format or comb | Input COI is not supported
Bad parameter of type CvPoint     	4	AE_16Bit.dll,AE_8Bit.dll,AE_Float.dll,BCCPlus.dll	Input COI is not supported | Bad number of channels | Bad flag (parameter or str
Bad sequence slice                	4	AE_16Bit.dll,AE_8Bit.dll,AE_Float.dll,BCCPlus.dll	cvSeqPopMulti | cvClearSeq | cvSeqSlice | Invalid sequence header
Bad type of mask argument         	4	AE_16Bit.dll,AE_8Bit.dll,AE_Float.dll,BCCPlus.dll	Bad number of channels | Bad flag (parameter or str | Bad parameter of type CvPo
Banji                             	4	3DObjects,AE_16Bit.dll,AE_8Bit.dll,AE_Float.dll	Sketch Mat | Danel
Banzi                             	4	3DObjects,AE_16Bit.dll,AE_8Bit.dll,AE_Float.dll	Sketch Mat | Danel | Banji
Base Shader                       	4	3DObjects,AE_16Bit.dll,AE_8Bit.dll,AE_Float.dll	
BaseObject                        	4	3DObjects,AE_16Bit.dll,AE_8Bit.dll,AE_Float.dll	Cloud Group Object | Null Object | Plugin Object
BeginMediaEdits                   	4	3DObjects,AE_16Bit.dll,AE_8Bit.dll,AE_Float.dll	GetTrackDuration | NewTrackMedia | NewMovieTrack | SCCompressSequenceBegin
Bend Deformer Object              	4	3DObjects,AE_16Bit.dll,AE_8Bit.dll,AE_Float.dll	Vertex Color Tag
Bin Frame Size                    	4	3DObjects,AE_16Bit.dll,AE_8Bit.dll,AE_Float.dll	$Revision: 1.1.2.5.6.1 $ | $Revision: 1.1.4.4 $
Bin View Mode                     	4	3DObjects,AE_16Bit.dll,AE_8Bit.dll,AE_Float.dll	Load Animated Preset - Str
BlendShader                       	4	3DObjects,AE_16Bit.dll,AE_8Bit.dll,AE_Float.dll	Folder
Block Damage                      	4	AE_16Bit.dll,AE_8Bit.dll,AE_Float.dll,BCCPlus.dll	
Bone Deformer Object              	4	3DObjects,AE_16Bit.dll,AE_8Bit.dll,AE_Float.dll	Twist Deformer Object | Bulge Deformer Object | Shear Deformer Object | Taper Deformer Object
Border 1                          	4	AE_16Bit.dll,AE_8Bit.dll,AE_Float.dll,BCCPlus.dll	KF/sec = FPS | Bezier|Linear|Hold
Border 2                          	4	AE_16Bit.dll,AE_8Bit.dll,AE_Float.dll,BCCPlus.dll	
Border 3                          	4	AE_16Bit.dll,AE_8Bit.dll,AE_Float.dll,BCCPlus.dll	Generate Output B
Boris Language Pack.ecs           	4	3DObjects,AE_16Bit.dll,AE_8Bit.dll,AE_Float.dll	pC | &quot; | &apos;
Boris3Pixelate                    	4	3DObjects,AE_16Bit.dll,AE_8Bit.dll,AE_Float.dll	BCC Mosaic
BorisFX BCC XML Preferences.xml   	4	3DObjects,AE_16Bit.dll,AE_8Bit.dll,AE_Float.dll	url
BorisFX Error                     	4	3DObjects,AE_16Bit.dll,AE_8Bit.dll,AE_Float.dll	efyK | BFX API Error
Brick Surface Shader              	4	3DObjects,AE_16Bit.dll,AE_8Bit.dll,AE_Float.dll	Base Shader | Color Shader
Brightness Variance               	4	AE_16Bit.dll,AE_8Bit.dll,AE_Float.dll,BCCPlus.dll	
Bulge Deformer Object             	4	3DObjects,AE_16Bit.dll,AE_8Bit.dll,AE_Float.dll	Vertex Color Tag | Bend Deformer Object | Twist Deformer Object
C.o.f.f.e.e. Expression Tag       	4	3DObjects,AE_16Bit.dll,AE_8Bit.dll,AE_Float.dll	Anchor Tag
CBFXMasterView                    	4	3DObjects,AE_16Bit.dll,AE_8Bit.dll,AE_Float.dll	Top | CBFXTabView | SelectedTab | IsSelected | XPosition | YPosition
CBFXMasterWindow                  	4	3DObjects,AE_16Bit.dll,AE_8Bit.dll,AE_Float.dll	NumofDisplays | ScreenHeight | ScreenWidth | LWindow
CBFXTabView                       	4	3DObjects,AE_16Bit.dll,AE_8Bit.dll,AE_Float.dll	LWindow | CBFXMasterWindow | IsVisible | IsFloating | Top
CC 2015.3                         	4	3DObjects,AE_16Bit.dll,AE_8Bit.dll,AE_Float.dll	CC 2014 | 13.0 | CC 2015 | 13.5 | CC 2015.1 | 13.6
CC 2017                           	4	3DObjects,AE_16Bit.dll,AE_8Bit.dll,AE_Float.dll	CC 2015 | 13.5 | CC 2015.1 | 13.6 | CC 2015.3 | 13.8
CC 2017.2                         	4	3DObjects,AE_16Bit.dll,AE_8Bit.dll,AE_Float.dll	CC 2015.1 | 13.6 | CC 2015.3 | 13.8 | CC 2017 | 14.0
CC 2018                           	4	3DObjects,AE_16Bit.dll,AE_8Bit.dll,AE_Float.dll	CC 2015.3 | 13.8 | CC 2017 | 14.0 | CC 2017.2 | 14.2
CC 2018.1                         	4	3DObjects,AE_16Bit.dll,AE_8Bit.dll,AE_Float.dll	9.2 | 10.3 | CC 2015.4 | 10.4 | CC 2017.1 | 11.1
CC 2019                           	4	3DObjects,AE_16Bit.dll,AE_8Bit.dll,AE_Float.dll	CC 2017 | 14.0 | CC 2017.2 | 14.2 | CC 2018 | 15.0
CC 2019.1                         	4	3DObjects,AE_16Bit.dll,AE_8Bit.dll,AE_Float.dll	CC 2017.2 | 14.2 | CC 2018 | 15.0 | CC 2019 | 16.0
CMiniTimelineControlBase          	4	3DObjects,AE_16Bit.dll,AE_8Bit.dll,AE_Float.dll	
COI is not supported by the function	4	AE_16Bit.dll,AE_8Bit.dll,AE_Float.dll,BCCPlus.dll	img->dataOrder == IPL_DATA | cv::cvarrToMat
COI must be non-null in case of planar images	4	AE_16Bit.dll,AE_8Bit.dll,AE_Float.dll,BCCPlus.dll	cvGetSize | Array should be CvMat or I | index is out of range | cvPtr2D
COI set is not allowed here       	4	AE_16Bit.dll,AE_8Bit.dll,AE_Float.dll,BCCPlus.dll	cvInitNArrayIterator | Some of required array poi | Iterator pointer is NULL
CPresetMiniTimeline               	4	3DObjects,AE_16Bit.dll,AE_8Bit.dll,AE_Float.dll	
CS5.5                             	4	3DObjects,AE_16Bit.dll,AE_8Bit.dll,AE_Float.dll	CS3 | 8.0 | CS4 | 9.0 | CS5 | 10.0
Camera Object                     	4	3DObjects,AE_16Bit.dll,AE_8Bit.dll,AE_Float.dll	Cineware SDK  | Polygon Object | Spline Object | Spline (Line) Object | Light Object
Cartoon                           	4	AE_16Bit.dll,AE_8Bit.dll,AE_Float.dll,BCCPlus.dll	Off|On|Lines Only
Checkerboard Surface Shader       	4	3DObjects,AE_16Bit.dll,AE_8Bit.dll,AE_Float.dll	Base Shader | Color Shader | Brick Surface Shader
Cheen                             	4	3DObjects,AE_16Bit.dll,AE_8Bit.dll,AE_Float.dll	Sketch Mat | Danel | Banji | Banzi
Choose Preset                     	4	3DObjects,AE_16Bit.dll,AE_8Bit.dll,AE_Float.dll	
Cineware SDK                      	4	3DObjects,AE_16Bit.dll,AE_8Bit.dll,AE_Float.dll	
Cineware Saver                    	4	3DObjects,AE_16Bit.dll,AE_8Bit.dll,AE_Float.dll	@
Clamp                             	4	3DObjects,AE_16Bit.dll,AE_8Bit.dll,AE_Float.dll	Folder | BlendShader | B/C/G | HLS | Posterize
Clamp Blend Layer                 	4	3DObjects,AE_16Bit.dll,AE_8Bit.dll,AE_Float.dll	B/C/G Blend Layer | Posterize Blend Layer | Colorize Blend Layer
Click To Add                      	4	3DObjects,AE_16Bit.dll,AE_8Bit.dll,AE_Float.dll	
Clip Blend Layer                  	4	3DObjects,AE_16Bit.dll,AE_8Bit.dll,AE_Float.dll	Posterize Blend Layer | Colorize Blend Layer | Clamp Blend Layer
CloseComponent                    	4	3DObjects,AE_16Bit.dll,AE_8Bit.dll,AE_Float.dll	SetTrackEnabled | SetMovieGWorld | SetMovieTimeValue | MoviesTask | GetTrackDimensions
CloseMixerSoundComponent          	4	3DObjects,AE_16Bit.dll,AE_8Bit.dll,AE_Float.dll	GetMovieActiveSegment | GetMovieTime | GetMovieIndTrackType | OpenMixerSoundComponent
CloseMovieFile                    	4	3DObjects,AE_16Bit.dll,AE_8Bit.dll,AE_Float.dll	InitializeQTML | TerminateQTML | EnterMovies | ExitMovies | GetMoviesError | OpenMovieFile
Closing tag should not include any attributes	4	AE_16Bit.dll,AE_8Bit.dll,AE_Float.dll,BCCPlus.dll	Key must start with a lett | icvXMLWriteTag
Cloud Group Object                	4	3DObjects,AE_16Bit.dll,AE_8Bit.dll,AE_Float.dll	Camera Object | Floor Object | Sky Object | Sky Shader Object | Cloud Object
Cloud Object                      	4	3DObjects,AE_16Bit.dll,AE_8Bit.dll,AE_Float.dll	Light Object | Camera Object | Floor Object | Sky Object | Sky Shader Object
Cloud Surface Shader              	4	3DObjects,AE_16Bit.dll,AE_8Bit.dll,AE_Float.dll	Color Shader | Brick Surface Shader | Checkerboard Surface Shade
Coarse Pass                       	4	AE_16Bit.dll,AE_8Bit.dll,AE_Float.dll,BCCPlus.dll	Fine Pass | Fine Sharpen | Small Pass | Small Sharpen | Medium Pass | Medium Sharpen
Coarse Sharpen                    	4	AE_16Bit.dll,AE_8Bit.dll,AE_Float.dll,BCCPlus.dll	Fine Sharpen | Small Pass | Small Sharpen | Medium Pass | Medium Sharpen | Coarse Pass
Color Gradient                    	4	AE_16Bit.dll,AE_8Bit.dll,AE_Float.dll,BCCPlus.dll	
Color Shader                      	4	3DObjects,AE_16Bit.dll,AE_8Bit.dll,AE_Float.dll	Base Shader
Color Stripes Shader              	4	3DObjects,AE_16Bit.dll,AE_8Bit.dll,AE_Float.dll	Brick Surface Shader | Checkerboard Surface Shade | Cloud Surface Shader
Colorize Blend Layer              	4	3DObjects,AE_16Bit.dll,AE_8Bit.dll,AE_Float.dll	Shader Blend Layer | B/C/G Blend Layer | Posterize Blend Layer
Colors                            	4	AE_16Bit.dll,AE_8Bit.dll,AE_Float.dll,BCCPlus.dll	
CompFixMul                        	4	3DObjects,AE_16Bit.dll,AE_8Bit.dll,AE_Float.dll	GetTrackEditRate | ConvertTimeScale | GetMediaSampleDescriptionC
Compare Mode                      	4	AE_16Bit.dll,AE_8Bit.dll,AE_Float.dll,BCCPlus.dll	Right Offset | Compare | Off|Side By Side|Compare|C
ConvertTimeScale                  	4	3DObjects,AE_16Bit.dll,AE_8Bit.dll,AE_Float.dll	GetTrackNextInterestingTim | GetMediaNextInterestingTim | GetTrackEditRate
Copy                              	4	3DObjects,AE_16Bit.dll,AE_8Bit.dll,AE_Float.dll	Screen | Overlay | Soft Light | Darken | Lighten | Difference
CopyTrackSettings                 	4	3DObjects,AE_16Bit.dll,AE_8Bit.dll,AE_Float.dll	GetMediaSampleDescriptionC | CompFixMul | GetTrackOffset | InsertTrackSegment
CreateDirectoryA                  	4	AE_16Bit.dll,AE_8Bit.dll,AE_Float.dll,Common	
CreateEventA                      	4	AE_16Bit.dll,AE_8Bit.dll,AE_Float.dll,Common	
CreateEventW                      	4	AE_16Bit.dll,AE_8Bit.dll,AE_Float.dll,Common	
CreateFileA                       	4	AE_16Bit.dll,AE_8Bit.dll,AE_Float.dll,Common	
CreateFontA                       	4	AE_16Bit.dll,AE_8Bit.dll,AE_Float.dll,Common	2 | CreateDCA | ?
CreateFontIndirectA               	4	AE_16Bit.dll,AE_8Bit.dll,AE_Float.dll,Common	CreateBitmap | 0 | CreateCompatibleBitmap | 1 | CreateCompatibleDC | @
CreateMovieFile                   	4	3DObjects,AE_16Bit.dll,AE_8Bit.dll,AE_Float.dll	MoviesTask | GetTrackDimensions | CloseComponent | OpenDefaultComponent
CreatePortAssociation             	4	3DObjects,AE_16Bit.dll,AE_8Bit.dll,AE_Float.dll	SoundConverterEndConversio | SoundConverterClose | GetNativeWindowPort
CreateProcessW                    	4	AE_16Bit.dll,AE_8Bit.dll,AE_Float.dll,Common	
CreateWindowExA                   	4	AE_16Bit.dll,AE_8Bit.dll,AE_Float.dll,Common	DrawMenuBar | p
CryptGenRandom                    	4	BCCPlus.dll,Common	e | r | v | e | r | CryptAcquireContextW
Current Part                      	4	3DObjects,AE_16Bit.dll,AE_8Bit.dll,AE_Float.dll	Panel Color | PixelChooser Mocha Preset  | Is Playing
Curves                            	4	AE_16Bit.dll,AE_8Bit.dll,AE_Float.dll,BCCPlus.dll	
Custom Spline                     	4	3DObjects,AE_16Bit.dll,AE_8Bit.dll,AE_Float.dll	BCC Gradient | BCC Lift Gamma Gain | BCC PixelChooser
Cylinder                          	4	3DObjects,AE_16Bit.dll,AE_8Bit.dll,AE_Float.dll	256 x 256 | 16 x 16 x 16 | 32 x 32 x 32 | 64 x 64 x 64 | Circle
DCT scaled block size %dx%d not supported	4	3DObjects,AE_16Bit.dll,AE_8Bit.dll,AE_Float.dll	Invalid component ID %d in | Invalid crop request | DCT coefficient out of ran
DESCID                            	4	3DObjects,AE_16Bit.dll,AE_8Bit.dll,AE_Float.dll	Clip Blend Layer | Distort Blend Layer | Transform Blend Layer | Unknown Type
DISPLAY                           	4	3DObjects,AE_16Bit.dll,AE_8Bit.dll,AE_Float.dll	
DOCTYPE                           	4	BCCPlus.dll,Common	ANY | ID | ATTLIST | CDATA
Danel                             	4	3DObjects,AE_16Bit.dll,AE_8Bit.dll,AE_Float.dll	Sketch Mat
Darken                            	4	AE_16Bit.dll,AE_8Bit.dll,AE_Float.dll,BCCPlus.dll	CEmParticleType | Normal | Screen | Overlay | Soft Light
Darker                            	4	AE_16Bit.dll,AE_8Bit.dll,AE_Float.dll,BCCPlus.dll	Lighten | Difference | Copy | Over | Under | HardLight
Data is already allocated         	4	AE_16Bit.dll,AE_8Bit.dll,AE_Float.dll,BCCPlus.dll	NULL iterator pointer | icvGetNodePtr | One of indices is out of r | cvCreateData
Data type is not the same for all arrays	4	AE_16Bit.dll,AE_8Bit.dll,AE_Float.dll,BCCPlus.dll	COI set is not allowed her | Number of dimensions is th
DefWindowProcA                    	4	AE_16Bit.dll,AE_8Bit.dll,AE_Float.dll,Common	
Default Reflection                	4	3DObjects,AE_16Bit.dll,AE_8Bit.dll,AE_Float.dll	* Transparency * | Default Specular
Default Specular                  	4	3DObjects,AE_16Bit.dll,AE_8Bit.dll,AE_Float.dll	* Transparency *
DeleteTrackSegment                	4	3DObjects,AE_16Bit.dll,AE_8Bit.dll,AE_Float.dll	GetMediaDuration | PutMovieIntoDataFork | AddMovieResource | UpdateMovieResource
DestroyPortAssociation            	4	3DObjects,AE_16Bit.dll,AE_8Bit.dll,AE_Float.dll	SoundConverterClose | GetNativeWindowPort | CreatePortAssociation
DestroyWindow                     	4	AE_16Bit.dll,AE_8Bit.dll,AE_Float.dll,Common	
Detail Tuning                     	4	AE_16Bit.dll,AE_8Bit.dll,AE_Float.dll,BCCPlus.dll	BCC6Smooth Tone
Difference                        	4	AE_16Bit.dll,AE_8Bit.dll,AE_Float.dll,BCCPlus.dll	Normal | Screen | Overlay | Soft Light | Darken | Lighten
Dimension sizes are the same for all arrays	4	AE_16Bit.dll,AE_8Bit.dll,AE_Float.dll,BCCPlus.dll	Number of dimensions is th | Data type is not the same
Displacement Map                  	4	3DObjects,AE_16Bit.dll,AE_8Bit.dll,AE_Float.dll	None|X|Y|XY | Displacement Map on
Display Color Surface Shader      	4	3DObjects,AE_16Bit.dll,AE_8Bit.dll,AE_Float.dll	Terrain Mask Shader Effect
Display Quality                   	4	3DObjects,AE_16Bit.dll,AE_8Bit.dll,AE_Float.dll	SplitScreen Mode | SplitScreen Wipe Percent | SplitScreen Slide Percent
Display Resolution                	4	3DObjects,AE_16Bit.dll,AE_8Bit.dll,AE_Float.dll	
DisposeGWorld                     	4	3DObjects,AE_16Bit.dll,AE_8Bit.dll,AE_Float.dll	FSMakeFSSpec | GraphicsImportGetBoundsRec | SetGWorld | GetGWorld
DisposeHandle                     	4	3DObjects,AE_16Bit.dll,AE_8Bit.dll,AE_Float.dll	GetMoviesError | OpenMovieFile | CloseMovieFile | NewMovieFromFile | DisposeMovie
DisposeMovie                      	4	3DObjects,AE_16Bit.dll,AE_8Bit.dll,AE_Float.dll	ExitMovies | GetMoviesError | OpenMovieFile | CloseMovieFile | NewMovieFromFile
DisposeMovieTrack                 	4	3DObjects,AE_16Bit.dll,AE_8Bit.dll,AE_Float.dll	SetMovieTimeScale | FSpDelete | TrackTimeToMediaTime | GetMovieGWorld | StopMovie
Distort                           	4	3DObjects,AE_16Bit.dll,AE_8Bit.dll,AE_Float.dll	BlendShader | B/C/G | HLS | Posterize | Clamp | Clip
Distort Blend Layer               	4	3DObjects,AE_16Bit.dll,AE_8Bit.dll,AE_Float.dll	Posterize Blend Layer | Colorize Blend Layer | Clamp Blend Layer | Clip Blend Layer
Drive                             	4	BCCPlus.dll,Common	v2c | Time | Classic | Max | Basic | Pro
Drop Shadow                       	4	AE_16Bit.dll,AE_8Bit.dll,AE_Float.dll,BCCPlus.dll	Normal|Difference
DropHere                          	4	3DObjects,AE_16Bit.dll,AE_8Bit.dll,AE_Float.dll	
EDIT                              	4	3DObjects,AE_16Bit.dll,AE_8Bit.dll,AE_Float.dll	Memory is Low-TextEditImp:
ELEMENT                           	4	BCCPlus.dll,Common	ANY | ID | ATTLIST | CDATA | DOCTYPE
EMPTY                             	4	BCCPlus.dll,Common	ANY | ID | ATTLIST | CDATA | DOCTYPE | ELEMENT
Edge Cleaner                      	4	AE_16Bit.dll,AE_8Bit.dll,AE_Float.dll,BCCPlus.dll	Edge Cleaner On
Edge Strength                     	4	AE_16Bit.dll,AE_8Bit.dll,AE_Float.dll,BCCPlus.dll	Rectangle|Oval|Line | Region Corner 1 | Region Corner 2
Edges                             	4	AE_16Bit.dll,AE_8Bit.dll,AE_Float.dll,BCCPlus.dll	
Effect                            	4	3DObjects,AE_16Bit.dll,AE_8Bit.dll,AE_Float.dll	
Effect Pattern                    	4	AE_16Bit.dll,AE_8Bit.dll,AE_Float.dll,BCCPlus.dll	None|Outgoing|Incoming|Bot
Ellipse                           	4	AE_16Bit.dll,AE_8Bit.dll,AE_Float.dll,BCCPlus.dll	glGetShaderiv | glGetShaderInfoLog | glLinkProgram | glShaderSource | Line
Enable Generator                  	4	AE_16Bit.dll,AE_8Bit.dll,AE_Float.dll,BCCPlus.dll	
Enable Tool Tips                  	4	3DObjects,AE_16Bit.dll,AE_8Bit.dll,AE_Float.dll	SplitScreen Wipe Percent | SplitScreen Slide Percent | Display Quality
EndMediaEdits                     	4	3DObjects,AE_16Bit.dll,AE_8Bit.dll,AE_Float.dll	SCRequestImageSettings | SCSetTestImagePictHandle | SCCompressSequenceEnd
Error reading Motion filter       	4	3DObjects,AE_16Bit.dll,AE_8Bit.dll,AE_Float.dll	
Error reading PointTracker object 	4	3DObjects,AE_16Bit.dll,AE_8Bit.dll,AE_Float.dll	
Error writing Motion filter       	4	3DObjects,AE_16Bit.dll,AE_8Bit.dll,AE_Float.dll	Error reading Motion filte
Error writing Point Tracker object	4	3DObjects,AE_16Bit.dll,AE_8Bit.dll,AE_Float.dll	Error reading Motion filte | Error writing Motion filte | Motion Tracker
Exception caught in NewDoPresetBrowser	4	3DObjects,AE_16Bit.dll,AE_8Bit.dll,AE_Float.dll	
Explosion Deformer Object         	4	3DObjects,AE_16Bit.dll,AE_8Bit.dll,AE_Float.dll	Bone Deformer Object | Wind Deformer Object
Explosion FX Deformer Object      	4	3DObjects,AE_16Bit.dll,AE_8Bit.dll,AE_Float.dll	Wind Deformer Object | Explosion Deformer Object
Extras                            	4	AE_16Bit.dll,AE_8Bit.dll,AE_Float.dll,BCCPlus.dll	
Extrusion Style                   	4	3DObjects,AE_16Bit.dll,AE_8Bit.dll,AE_Float.dll	BCC Color & Tone\BCC Lift  | BCC Color & Tone\BCC Gradi
FCompressImage                    	4	3DObjects,AE_16Bit.dll,AE_8Bit.dll,AE_Float.dll	SetTimeBaseFlags | LoadTrackIntoRam | PrerollMovie | GetMaxCompressionSize
FIELDLIST                         	4	3DObjects,AE_16Bit.dll,AE_8Bit.dll,AE_Float.dll	
FIXED                             	4	BCCPlus.dll,Common	CDATA | DOCTYPE | ELEMENT | EMPTY | ENTITIES | ENTITY
FSDelete                          	4	3DObjects,AE_16Bit.dll,AE_8Bit.dll,AE_Float.dll	FindCodec | FlattenMovie | FlattenMovieData | SCSetTestImagePixMap | SCCompressImage
FSMakeFSSpec                      	4	3DObjects,AE_16Bit.dll,AE_8Bit.dll,AE_Float.dll	GetMoviePict | GetGraphicsImporterForFile | GraphicsImportGetAsPicture
FSSpecToNativePathName            	4	3DObjects,AE_16Bit.dll,AE_8Bit.dll,AE_Float.dll	SetMovieVolume | SetMovieProgressProc | StandardGetFile | StandardPutFile | StandardGetFilePreview
FSpDelete                         	4	3DObjects,AE_16Bit.dll,AE_8Bit.dll,AE_Float.dll	PrerollMovie | GetMaxCompressionSize | FCompressImage | SetMovieTimeScale
Falloff Shader Effect             	4	3DObjects,AE_16Bit.dll,AE_8Bit.dll,AE_Float.dll	Simple Noise Surface Shade | Simple Turbulence Surface  | Gradient Shader
False                             	4	3DObjects,AE_16Bit.dll,AE_8Bit.dll,AE_Float.dll	curve |  hole | flags |  untyped | recursive | count
Filename exceeds Pascal string length	4	3DObjects,AE_16Bit.dll,AE_8Bit.dll,AE_Float.dll	Boris.BCC\DefaultMediaPath | Boris.BCC\DefaultLibraryPa | *
Filter Set                        	4	3DObjects,AE_16Bit.dll,AE_8Bit.dll,AE_Float.dll	
Filter Shader                     	4	3DObjects,AE_16Bit.dll,AE_8Bit.dll,AE_Float.dll	Noise Shader | Layer Shader | Spline Shader Effect
FindCodec                         	4	3DObjects,AE_16Bit.dll,AE_8Bit.dll,AE_Float.dll	SCCompressSequenceBegin | BeginMediaEdits | SCGetInfo | SCSetInfo | GetCodecInfo
Fine Pass                         	4	AE_16Bit.dll,AE_8Bit.dll,AE_Float.dll,BCCPlus.dll	Detail Tuning
Fine Sharpen                      	4	AE_16Bit.dll,AE_8Bit.dll,AE_Float.dll,BCCPlus.dll	Detail Tuning | Fine Pass
Fire Surface Shader               	4	3DObjects,AE_16Bit.dll,AE_8Bit.dll,AE_Float.dll	Cloud Surface Shader | Color Stripes Shader
Fix Expression Tag                	4	3DObjects,AE_16Bit.dll,AE_8Bit.dll,AE_Float.dll	C.o.f.f.e.e. Expression Ta | Align To Path Tag
FlattenMovie                      	4	3DObjects,AE_16Bit.dll,AE_8Bit.dll,AE_Float.dll	BeginMediaEdits | SCGetInfo | SCSetInfo | GetCodecInfo | FindCodec
FlattenMovieData                  	4	3DObjects,AE_16Bit.dll,AE_8Bit.dll,AE_Float.dll	BeginMediaEdits | SCGetInfo | SCSetInfo | GetCodecInfo | FindCodec | FlattenMovie
Flip X                            	4	AE_16Bit.dll,AE_8Bit.dll,AE_Float.dll,BCCPlus.dll	Connect Particles | Connect to Birth Pos. | Max Line Length | No Flip
Flip Y                            	4	AE_16Bit.dll,AE_8Bit.dll,AE_Float.dll,BCCPlus.dll	Connect to Birth Pos. | Max Line Length | No Flip | Flip X
Floor Object                      	4	3DObjects,AE_16Bit.dll,AE_8Bit.dll,AE_Float.dll	Polygon Object | Spline Object | Spline (Line) Object | Light Object | Camera Object
Folder                            	4	3DObjects,AE_16Bit.dll,AE_8Bit.dll,AE_Float.dll	r:\c4d_perforce_work\relea
Formats of input arguments do not match	4	AE_16Bit.dll,AE_8Bit.dll,AE_Float.dll,BCCPlus.dll	Requested object was not f | Input image depth is not s
Front                             	4	3DObjects,AE_16Bit.dll,AE_8Bit.dll,AE_Float.dll	Input Layer|Independent|Us
GCTL                              	4	AE_16Bit.dll,AE_8Bit.dll,AE_Float.dll,Common	> | -
GDI32.dll                         	4	AE_16Bit.dll,AE_8Bit.dll,AE_Float.dll,Common	2 | CreateDCA | ? | CreateFontA
GRAY                              	4	AE_16Bit.dll,AE_8Bit.dll,AE_Float.dll,BCCPlus.dll	Pixel order should be used
Galaxy Surface Shader             	4	3DObjects,AE_16Bit.dll,AE_8Bit.dll,AE_Float.dll	Fire Surface Shader
General                           	4	3DObjects,AE_16Bit.dll,AE_8Bit.dll,AE_Float.dll	Frame Delay | Reference Point | Preserve Color
Generator                         	4	AE_16Bit.dll,AE_8Bit.dll,AE_Float.dll,BCCPlus.dll	Enable Generator
GetCodecInfo                      	4	3DObjects,AE_16Bit.dll,AE_8Bit.dll,AE_Float.dll	NewMovieTrack | SCCompressSequenceBegin | BeginMediaEdits | SCGetInfo | SCSetInfo
GetComponentInfo                  	4	3DObjects,AE_16Bit.dll,AE_8Bit.dll,AE_Float.dll	GetMovieTime | GetMovieIndTrackType | OpenMixerSoundComponent | CloseMixerSoundComponent
GetCompressionInfo                	4	3DObjects,AE_16Bit.dll,AE_8Bit.dll,AE_Float.dll	SoundComponentSetSource | SoundComponentPlaySourceBu | SoundComponentGetSourceDat
GetGWorld                         	4	3DObjects,AE_16Bit.dll,AE_8Bit.dll,AE_Float.dll	GraphicsImportGetAsPicture | FSMakeFSSpec | GraphicsImportGetBoundsRec | SetGWorld
GetGWorldPixMap                   	4	3DObjects,AE_16Bit.dll,AE_8Bit.dll,AE_Float.dll	FSMakeFSSpec | GraphicsImportGetBoundsRec | SetGWorld | GetGWorld | DisposeGWorld
GetGraphicsImporterForFile        	4	3DObjects,AE_16Bit.dll,AE_8Bit.dll,AE_Float.dll	DisposeMovie | DisposeHandle | GetMovieTimeScale | GetMovieDuration | GetMoviePict
GetHandleSize                     	4	3DObjects,AE_16Bit.dll,AE_8Bit.dll,AE_Float.dll	GetSoundHeaderOffset | GetMediaSampleDescription | NewHandle | NewHandleClear
GetMaxCompressionSize             	4	3DObjects,AE_16Bit.dll,AE_8Bit.dll,AE_Float.dll	GetMovieTimeBase | SetTimeBaseFlags | LoadTrackIntoRam | PrerollMovie
GetMediaDataRef                   	4	3DObjects,AE_16Bit.dll,AE_8Bit.dll,AE_Float.dll	GetTrackOffset | InsertTrackSegment | CopyTrackSettings | GetMediaDataRefCount
GetMediaDataRefCount              	4	3DObjects,AE_16Bit.dll,AE_8Bit.dll,AE_Float.dll	CompFixMul | GetTrackOffset | InsertTrackSegment | CopyTrackSettings
GetMediaDuration                  	4	3DObjects,AE_16Bit.dll,AE_8Bit.dll,AE_Float.dll	SCSetTestImagePictHandle | SCCompressSequenceEnd | EndMediaEdits | InsertMediaIntoTrack
GetMediaHandler                   	4	3DObjects,AE_16Bit.dll,AE_8Bit.dll,AE_Float.dll	SoundComponentGetSourceDat | GetCompressionInfo | GetTrackMovie | GetTrackVolume
GetMediaHandlerDescription        	4	3DObjects,AE_16Bit.dll,AE_8Bit.dll,AE_Float.dll	SetMovieBox | SetMovieActive | GetMovieTrackCount | GetMovieIndTrack | GetTrackMedia
GetMediaNextInterestingTime       	4	3DObjects,AE_16Bit.dll,AE_8Bit.dll,AE_Float.dll	GetTrackVolume | GetMediaHandler | MediaGetSoundBalance | GetTrackNextInterestingTim
GetMediaSample                    	4	3DObjects,AE_16Bit.dll,AE_8Bit.dll,AE_Float.dll	FSSpecToNativePathName | NewAliasMinimal | GetMovieImporterForDataRef | GetMediaTimeScale
GetMediaSampleDescription         	4	3DObjects,AE_16Bit.dll,AE_8Bit.dll,AE_Float.dll	GetMovieImporterForDataRef | GetMediaTimeScale | GetMediaSample | GetSoundHeaderOffset
GetMediaSampleDescriptionCount    	4	3DObjects,AE_16Bit.dll,AE_8Bit.dll,AE_Float.dll	GetMediaNextInterestingTim | GetTrackEditRate | ConvertTimeScale
GetMediaSampleReference           	4	3DObjects,AE_16Bit.dll,AE_8Bit.dll,AE_Float.dll	GetMovieActive | SetMediaDefaultDataRefInde | GetMovieDataSize64
GetMediaTimeScale                 	4	3DObjects,AE_16Bit.dll,AE_8Bit.dll,AE_Float.dll	StandardGetFilePreview | FSSpecToNativePathName | NewAliasMinimal | GetMovieImporterForDataRef
GetMovieActive                    	4	3DObjects,AE_16Bit.dll,AE_8Bit.dll,AE_Float.dll	NewMovie | MediaSetSoundLevelMetering | MediaGetSoundLevelMeterInf
GetMovieActiveSegment             	4	3DObjects,AE_16Bit.dll,AE_8Bit.dll,AE_Float.dll	DisposeMovieTrack | SetMovieActiveSegment | SetMovieDefaultDataRef | GetMovieDefaultDataRef
GetMovieBox                       	4	3DObjects,AE_16Bit.dll,AE_8Bit.dll,AE_Float.dll	GraphicsImportDraw | GraphicsImportSetGraphicsM | GetMovieNaturalBoundsRect
GetMovieDataSize64                	4	3DObjects,AE_16Bit.dll,AE_8Bit.dll,AE_Float.dll	MediaGetSoundLevelMeterInf | GetMovieActive | SetMediaDefaultDataRefInde
GetMovieDefaultDataRef            	4	3DObjects,AE_16Bit.dll,AE_8Bit.dll,AE_Float.dll	StopMovie | DisposeMovieTrack | SetMovieActiveSegment | SetMovieDefaultDataRef
GetMovieDuration                  	4	3DObjects,AE_16Bit.dll,AE_8Bit.dll,AE_Float.dll	CloseMovieFile | NewMovieFromFile | DisposeMovie | DisposeHandle | GetMovieTimeScale
GetMovieGWorld                    	4	3DObjects,AE_16Bit.dll,AE_8Bit.dll,AE_Float.dll	FCompressImage | SetMovieTimeScale | FSpDelete | TrackTimeToMediaTime
GetMovieImporterForDataRef        	4	3DObjects,AE_16Bit.dll,AE_8Bit.dll,AE_Float.dll	StandardGetFile | StandardPutFile | StandardGetFilePreview | FSSpecToNativePathName | NewAliasMinimal
GetMovieIndTrack                  	4	3DObjects,AE_16Bit.dll,AE_8Bit.dll,AE_Float.dll	GetMovieBox | SetMovieBox | SetMovieActive | GetMovieTrackCount
GetMovieIndTrackType              	4	3DObjects,AE_16Bit.dll,AE_8Bit.dll,AE_Float.dll	SetMovieDefaultDataRef | GetMovieDefaultDataRef | GetMovieActiveSegment | GetMovieTime
GetMovieNaturalBoundsRect         	4	3DObjects,AE_16Bit.dll,AE_8Bit.dll,AE_Float.dll	GraphicsImportSetGWorld | GraphicsImportDraw | GraphicsImportSetGraphicsM
GetMoviePict                      	4	3DObjects,AE_16Bit.dll,AE_8Bit.dll,AE_Float.dll	DisposeMovie | DisposeHandle | GetMovieTimeScale | GetMovieDuration
GetMovieRate                      	4	3DObjects,AE_16Bit.dll,AE_8Bit.dll,AE_Float.dll	FlattenMovieData | SCSetTestImagePixMap | SCCompressImage | FSDelete | StartMovie
GetMovieTime                      	4	3DObjects,AE_16Bit.dll,AE_8Bit.dll,AE_Float.dll	SetMovieActiveSegment | SetMovieDefaultDataRef | GetMovieDefaultDataRef | GetMovieActiveSegment
GetMovieTimeBase                  	4	3DObjects,AE_16Bit.dll,AE_8Bit.dll,AE_Float.dll	GetNativeWindowPort | CreatePortAssociation | DestroyPortAssociation | SetMoviePlayHints
GetMovieTimeScale                 	4	3DObjects,AE_16Bit.dll,AE_8Bit.dll,AE_Float.dll	OpenMovieFile | CloseMovieFile | NewMovieFromFile | DisposeMovie | DisposeHandle
GetMovieTrackCount                	4	3DObjects,AE_16Bit.dll,AE_8Bit.dll,AE_Float.dll	GetMovieNaturalBoundsRect | GetMovieBox | SetMovieBox | SetMovieActive
GetMovieVolume                    	4	3DObjects,AE_16Bit.dll,AE_8Bit.dll,AE_Float.dll	SCSetTestImagePixMap | SCCompressImage | FSDelete | StartMovie | GetMovieRate
GetNativeWindowPort               	4	3DObjects,AE_16Bit.dll,AE_8Bit.dll,AE_Float.dll	SoundConverterConvertBuffe | SoundConverterEndConversio | SoundConverterClose
GetSoundDescriptionExtension      	4	3DObjects,AE_16Bit.dll,AE_8Bit.dll,AE_Float.dll	NewHandle | NewHandleClear | GetHandleSize | SetHandleSize | HLock | HUnlock
GetSoundHeaderOffset              	4	3DObjects,AE_16Bit.dll,AE_8Bit.dll,AE_Float.dll	NewAliasMinimal | GetMovieImporterForDataRef | GetMediaTimeScale | GetMediaSample
GetTrackDimensions                	4	3DObjects,AE_16Bit.dll,AE_8Bit.dll,AE_Float.dll	SetTrackEnabled | SetMovieGWorld | SetMovieTimeValue | MoviesTask
GetTrackDuration                  	4	3DObjects,AE_16Bit.dll,AE_8Bit.dll,AE_Float.dll	PutMovieIntoDataFork | AddMovieResource | UpdateMovieResource | DeleteTrackSegment
GetTrackEditRate                  	4	3DObjects,AE_16Bit.dll,AE_8Bit.dll,AE_Float.dll	MediaGetSoundBalance | GetTrackNextInterestingTim | GetMediaNextInterestingTim
GetTrackMedia                     	4	3DObjects,AE_16Bit.dll,AE_8Bit.dll,AE_Float.dll	GetMovieBox | SetMovieBox | SetMovieActive | GetMovieTrackCount | GetMovieIndTrack
GetTrackMovie                     	4	3DObjects,AE_16Bit.dll,AE_8Bit.dll,AE_Float.dll	SoundComponentPlaySourceBu | SoundComponentGetSourceDat | GetCompressionInfo
GetTrackNextInterestingTime       	4	3DObjects,AE_16Bit.dll,AE_8Bit.dll,AE_Float.dll	GetCompressionInfo | GetTrackMovie | GetTrackVolume | GetMediaHandler | MediaGetSoundBalance
GetTrackOffset                    	4	3DObjects,AE_16Bit.dll,AE_8Bit.dll,AE_Float.dll	GetTrackEditRate | ConvertTimeScale | GetMediaSampleDescriptionC | CompFixMul
GetTrackVolume                    	4	3DObjects,AE_16Bit.dll,AE_8Bit.dll,AE_Float.dll	SoundComponentGetSourceDat | GetCompressionInfo | GetTrackMovie
Glow Matte Layer                  	4	AE_16Bit.dll,AE_8Bit.dll,AE_Float.dll,BCCPlus.dll	
Glow Matte Type                   	4	AE_16Bit.dll,AE_8Bit.dll,AE_Float.dll,BCCPlus.dll	Glow Matte Layer | Color|Color Inverted|Luma|
Gpu API call                      	4	AE_16Bit.dll,AE_8Bit.dll,AE_Float.dll,BCCPlus.dll	Memory block has been corr | Assertion failed | No GPU support
Gradient Shader                   	4	3DObjects,AE_16Bit.dll,AE_8Bit.dll,AE_Float.dll	Simple Noise Surface Shade | Simple Turbulence Surface
GraphicsImportDraw                	4	3DObjects,AE_16Bit.dll,AE_8Bit.dll,AE_Float.dll	UnlockPixels | NewGWorld | LockPixels | NewGWorldFromPtr | GraphicsImportSetGWorld
GraphicsImportGetAsPicture        	4	3DObjects,AE_16Bit.dll,AE_8Bit.dll,AE_Float.dll	GetMovieTimeScale | GetMovieDuration | GetMoviePict | GetGraphicsImporterForFile
GraphicsImportGetBoundsRect       	4	3DObjects,AE_16Bit.dll,AE_8Bit.dll,AE_Float.dll	GetMoviePict | GetGraphicsImporterForFile | GraphicsImportGetAsPicture | FSMakeFSSpec
GraphicsImportSetGWorld           	4	3DObjects,AE_16Bit.dll,AE_8Bit.dll,AE_Float.dll	GetGWorldPixMap | UnlockPixels | NewGWorld | LockPixels | NewGWorldFromPtr
Grass                             	4	3DObjects,AE_16Bit.dll,AE_8Bit.dll,AE_Float.dll	Banzi | Cheen | Mabel | Nukei | Terrain | Hair Mat
Grey Gamma 2.2                    	4	3DObjects,AE_16Bit.dll,AE_8Bit.dll,AE_Float.dll	
Grid                              	4	3DObjects,AE_16Bit.dll,AE_8Bit.dll,AE_Float.dll	Box | Sphere | Direction X | Direction Y | Direction Z | Area
HASP-SL                           	4	BCCPlus.dll,Common	SuperDog | HASP-SL-UserMode | SL-UserMode | HASP-HL
HLock                             	4	3DObjects,AE_16Bit.dll,AE_8Bit.dll,AE_Float.dll	GetMediaSampleDescription | NewHandle | NewHandleClear | GetHandleSize | SetHandleSize
HUnlock                           	4	3DObjects,AE_16Bit.dll,AE_8Bit.dll,AE_Float.dll	NewHandle | NewHandleClear | GetHandleSize | SetHandleSize | HLock
Hair Mat                          	4	3DObjects,AE_16Bit.dll,AE_8Bit.dll,AE_Float.dll	Banji | Banzi | Cheen | Mabel | Nukei | Terrain
HardLight                         	4	AE_16Bit.dll,AE_8Bit.dll,AE_Float.dll,BCCPlus.dll	Darken | Lighten | Difference | Copy | Over | Under
History Frame Size                	4	3DObjects,AE_16Bit.dll,AE_8Bit.dll,AE_Float.dll	$Revision: 1.1.2.5.6.1 $ | $Revision: 1.1.4.4 $ | Bin Frame Size
History View Mode                 	4	3DObjects,AE_16Bit.dll,AE_8Bit.dll,AE_Float.dll	Bin View Mode
Host Layer                        	4	AE_16Bit.dll,AE_8Bit.dll,AE_Float.dll,BCCPlus.dll	Compare Type
Hybrid Matte                      	4	AE_16Bit.dll,AE_8Bit.dll,AE_Float.dll,BCCPlus.dll	Detail + | Detail - | Matte Status
IESNA91                           	4	3DObjects,AE_16Bit.dll,AE_8Bit.dll,AE_Float.dll	r:\c4d_perforce_work\relea
IGNORE                            	4	BCCPlus.dll,Common	EMPTY | ENTITIES | ENTITY | FIXED | IDREF | IDREFS
IMPLIED                           	4	BCCPlus.dll,Common	ENTITIES | ENTITY | FIXED | IDREF | IDREFS | IGNORE
ISO-8859-1                        	4	BCCPlus.dll,Common	
Image step is wrong               	4	AE_16Bit.dll,AE_8Bit.dll,AE_Float.dll,BCCPlus.dll	Autotrace call | Incorrect size of input ar | Null pointer | Division by zero occured
Incoming Clip Settings            	4	AE_16Bit.dll,AE_8Bit.dll,AE_Float.dll,BCCPlus.dll	
Incorrect size of input array     	4	AE_16Bit.dll,AE_8Bit.dll,AE_Float.dll,BCCPlus.dll	Insufficient memory | Bad argument | Iterations do not converge | Autotrace call
InitializeSecurityDescriptor      	4	BCCPlus.dll,Common	nh094e28 | vtecffec | 9k747fab | 9bckbe9b | bt139c25 | 127.0.0.1
Inplace operation is not supported	4	AE_16Bit.dll,AE_8Bit.dll,AE_Float.dll,BCCPlus.dll	Null pointer | Division by zero occured | Image step is wrong
Input COI is not supported        	4	AE_16Bit.dll,AE_8Bit.dll,AE_Float.dll,BCCPlus.dll	One of arguments' values i | Unsupported format or comb
Input Layer                       	4	3DObjects,AE_16Bit.dll,AE_8Bit.dll,AE_Float.dll	
Input array has NULL data pointer 	4	AE_16Bit.dll,AE_8Bit.dll,AE_Float.dll,BCCPlus.dll	The matrix has NULL data p | Unrecognized or unsupporte
Input image depth is not supported by function	4	AE_16Bit.dll,AE_8Bit.dll,AE_Float.dll,BCCPlus.dll	Image step is wrong | Inplace operation is not s | Requested object was not f
Insert                            	4	AE_16Bit.dll,AE_8Bit.dll,AE_Float.dll,BCCPlus.dll	Normal|Replace | None|Good|Best | Before Reorient|After Reor | Insert Layer
InsertMediaIntoTrack              	4	3DObjects,AE_16Bit.dll,AE_8Bit.dll,AE_Float.dll	SCRequestImageSettings | SCSetTestImagePictHandle | SCCompressSequenceEnd | EndMediaEdits
InsertTrackSegment                	4	3DObjects,AE_16Bit.dll,AE_8Bit.dll,AE_Float.dll	ConvertTimeScale | GetMediaSampleDescriptionC | CompFixMul | GetTrackOffset
Inside                            	4	AE_16Bit.dll,AE_8Bit.dll,AE_Float.dll,BCCPlus.dll	16 x 16 x 16 | 32 x 32 x 32 | 64 x 64 x 64 | Circle | Cylinder
Insufficient memory               	4	AE_16Bit.dll,AE_8Bit.dll,AE_Float.dll,BCCPlus.dll	No Error | Unspecified error | Internal error
Internal error                    	4	AE_16Bit.dll,AE_8Bit.dll,AE_Float.dll,BCCPlus.dll	No Error | Unspecified error
Invalid crop request              	4	3DObjects,AE_16Bit.dll,AE_8Bit.dll,AE_Float.dll	Bogus buffer control mode | Invalid component ID %d in
Invalid data type specification   	4	AE_16Bit.dll,AE_8Bit.dll,AE_Float.dll,BCCPlus.dll	The file storage is opened | cvWriteReal | cvWriteInt | cvWriteString | %d%c
Invalid graph pointer             	4	AE_16Bit.dll,AE_8Bit.dll,AE_Float.dll,BCCPlus.dll	cvGraphAddEdgeByPtr | vertex pointers coinside ( | cvCloneGraph
Invalid matrix initializer type   	4	AE_16Bit.dll,AE_8Bit.dll,AE_Float.dll,BCCPlus.dll	cv::MatOp_Bin::assign | Unknown operation | cv::MatOp_Initializer::ass
Invalid matrix type               	4	AE_16Bit.dll,AE_8Bit.dll,AE_Float.dll,BCCPlus.dll	cvCreateMatHeader | Non-positive width or heig
Invalid sequence header           	4	AE_16Bit.dll,AE_8Bit.dll,AE_Float.dll,BCCPlus.dll	number of removed elements | cvSeqPopMulti | cvClearSeq | cvSeqSlice
Invalid sparse array header       	4	AE_16Bit.dll,AE_8Bit.dll,AE_Float.dll,BCCPlus.dll	bad number of dimensions | cvReleaseSparseMat | cvCloneSparseMat
Invalid sparse matrix header      	4	AE_16Bit.dll,AE_8Bit.dll,AE_Float.dll,BCCPlus.dll	cvCloneSparseMat | Invalid sparse array heade | cvInitSparseMatIterator
Iris                              	4	AE_16Bit.dll,AE_8Bit.dll,AE_Float.dll,BCCPlus.dll	BCC DV Fixer | BCC6DV Fixer | Fast|Normal|Sharp|Sharper
Is Playing                        	4	3DObjects,AE_16Bit.dll,AE_8Bit.dll,AE_Float.dll	Text Color | Panel Color | PixelChooser Mocha Preset
IsFloating                        	4	3DObjects,AE_16Bit.dll,AE_8Bit.dll,AE_Float.dll	NumofDisplays | ScreenHeight | ScreenWidth | LWindow | CBFXMasterWindow | IsVisible
IsSelected                        	4	3DObjects,AE_16Bit.dll,AE_8Bit.dll,AE_Float.dll	IsVisible | IsFloating | Top | CBFXTabView | SelectedTab
IsVisible                         	4	3DObjects,AE_16Bit.dll,AE_8Bit.dll,AE_Float.dll	NumofDisplays | ScreenHeight | ScreenWidth | LWindow | CBFXMasterWindow
Iterations do not converge        	4	AE_16Bit.dll,AE_8Bit.dll,AE_Float.dll,BCCPlus.dll	Unspecified error | Internal error | Insufficient memory | Bad argument
Iterator pointer is NULL          	4	AE_16Bit.dll,AE_8Bit.dll,AE_Float.dll,BCCPlus.dll	cvInitNArrayIterator | Some of required array poi
KERNEL32.dll                      	4	AE_16Bit.dll,AE_8Bit.dll,AE_Float.dll,Common	
Kd %f %f %f %f                    	4	3DObjects,AE_16Bit.dll,AE_8Bit.dll,AE_Float.dll	l %u %u | f  | newmtl  | newmtl %s | Ns  | Kd
KeyframeList                      	4	3DObjects,AE_16Bit.dll,AE_8Bit.dll,AE_Float.dll	duration | param | ID | type | value | custom
Layer                             	4	3DObjects,AE_16Bit.dll,AE_8Bit.dll,AE_Float.dll	* Transparency * | Default Specular | Default Reflection
Layer Shader                      	4	3DObjects,AE_16Bit.dll,AE_8Bit.dll,AE_Float.dll	Noise Shader
Legacy Subsurface Scattering Shader Effect	4	3DObjects,AE_16Bit.dll,AE_8Bit.dll,AE_Float.dll	Filter Shader | Ripple Shader Effect | Vertex Map Shader Effect
Lens Blur                         	4	AE_16Bit.dll,AE_8Bit.dll,AE_Float.dll,BCCPlus.dll	BCC Fast Lens Blur | Time | Frame Separation
Lift                              	4	AE_16Bit.dll,AE_8Bit.dll,AE_Float.dll,BCCPlus.dll	ThreeWayCCFilter::Render
Light Object                      	4	3DObjects,AE_16Bit.dll,AE_8Bit.dll,AE_Float.dll	Cineware SDK  | Polygon Object | Spline Object | Spline (Line) Object
Light Wrap                        	4	AE_16Bit.dll,AE_8Bit.dll,AE_Float.dll,BCCPlus.dll	
Light Wrap Spill                  	4	AE_16Bit.dll,AE_8Bit.dll,AE_Float.dll,BCCPlus.dll	Light Wrap Edge On | Light Wrap Edge | Light Wrap Spill On
Lighten                           	4	AE_16Bit.dll,AE_8Bit.dll,AE_Float.dll,BCCPlus.dll	CEmParticleType | Normal | Screen | Overlay | Soft Light | Darken
Line Color                        	4	AE_16Bit.dll,AE_8Bit.dll,AE_Float.dll,BCCPlus.dll	BCC6Cartoon2Look | Soften Method | Spread and Smooth
Line Opacity                      	4	AE_16Bit.dll,AE_8Bit.dll,AE_Float.dll,BCCPlus.dll	Trail Fade | Trail Taper | Lines Fade | Line Opacity Type
Linear Color Space                	4	3DObjects,AE_16Bit.dll,AE_8Bit.dll,AE_Float.dll	Grey Gamma 2.2
Load Animated Preset - Stretch    	4	3DObjects,AE_16Bit.dll,AE_8Bit.dll,AE_Float.dll	Enable Tool Tips | Preview Composite Type | Load Animated Preset at Fi
Load Animated Preset at First Frame	4	3DObjects,AE_16Bit.dll,AE_8Bit.dll,AE_Float.dll	SplitScreen Slide Percent | Display Quality | Enable Tool Tips | Preview Composite Type
Load BCC Preset Keyframes         	4	3DObjects,AE_16Bit.dll,AE_8Bit.dll,AE_Float.dll	BCC PixelChooser | Custom Spline | BCC Lens Flare 3D Ray Type | Load Preset used
Load Preset used                  	4	3DObjects,AE_16Bit.dll,AE_8Bit.dll,AE_Float.dll	BCC Lift Gamma Gain | BCC PixelChooser | Custom Spline | BCC Lens Flare 3D Ray Type
LoadTrackIntoRam                  	4	3DObjects,AE_16Bit.dll,AE_8Bit.dll,AE_Float.dll	DestroyPortAssociation | SetMoviePlayHints | GetMovieTimeBase | SetTimeBaseFlags
LockPixels                        	4	3DObjects,AE_16Bit.dll,AE_8Bit.dll,AE_Float.dll	SetGWorld | GetGWorld | DisposeGWorld | GetGWorldPixMap | UnlockPixels | NewGWorld
ML Warning Init Denoise Posted    	4	3DObjects,AE_16Bit.dll,AE_8Bit.dll,AE_Float.dll	Version Update Check Previ | Restrict License Type | BFXD Check Previous
ML Warning Init Retimer Posted    	4	3DObjects,AE_16Bit.dll,AE_8Bit.dll,AE_Float.dll	BFXD Check Previous | ML Warning Init Denoise Po
MSVCP140.dll                      	4	AE_16Bit.dll,AE_8Bit.dll,AE_Float.dll,Common	
Mabel                             	4	3DObjects,AE_16Bit.dll,AE_8Bit.dll,AE_Float.dll	Sketch Mat | Danel | Banji | Banzi | Cheen
Map Behavior                      	4	AE_16Bit.dll,AE_8Bit.dll,AE_Float.dll,BCCPlus.dll	Center Map|Stretch Map to
Mask                              	4	3DObjects,AE_16Bit.dll,AE_8Bit.dll,AE_Float.dll	
Material                          	4	3DObjects,AE_16Bit.dll,AE_8Bit.dll,AE_Float.dll	W@Override Folders | Override Groups | Tag | Shader
Material Style                    	4	3DObjects,AE_16Bit.dll,AE_8Bit.dll,AE_Float.dll	BCC Color & Tone\BCC Lift  | BCC Color & Tone\BCC Gradi | Extrusion Style
Matte                             	4	AE_16Bit.dll,AE_8Bit.dll,AE_Float.dll,BCCPlus.dll	EFFECTS | TRANSFORM SYSTEM
Matte Status                      	4	AE_16Bit.dll,AE_8Bit.dll,AE_Float.dll,BCCPlus.dll	Spill + | Spill - | Matte + | Matte - | Detail + | Detail -
MediaCore Transmit Invocation Suite	4	3DObjects,AE_16Bit.dll,AE_8Bit.dll,AE_Float.dll	default
MediaGetSoundBalance              	4	3DObjects,AE_16Bit.dll,AE_8Bit.dll,AE_Float.dll	GetCompressionInfo | GetTrackMovie | GetTrackVolume | GetMediaHandler
MediaGetSoundLevelMeterInfo       	4	3DObjects,AE_16Bit.dll,AE_8Bit.dll,AE_Float.dll	GetMediaDataRef | AddMediaDataRef | NewMovie | MediaSetSoundLevelMetering
MediaSetSoundLevelMeteringEnabled 	4	3DObjects,AE_16Bit.dll,AE_8Bit.dll,AE_Float.dll	CopyTrackSettings | GetMediaDataRefCount | GetMediaDataRef | AddMediaDataRef | NewMovie
Medium Pass                       	4	AE_16Bit.dll,AE_8Bit.dll,AE_Float.dll,BCCPlus.dll	Detail Tuning | Fine Pass | Fine Sharpen | Small Pass | Small Sharpen
Medium Sharpen                    	4	AE_16Bit.dll,AE_8Bit.dll,AE_Float.dll,BCCPlus.dll	Detail Tuning | Fine Pass | Fine Sharpen | Small Pass | Small Sharpen | Medium Pass
Memory block has been corrupted   	4	AE_16Bit.dll,AE_8Bit.dll,AE_Float.dll,BCCPlus.dll	Bad type of mask argument | Parsing error | The function/feature is no
Missing -                         	4	3DObjects,AE_16Bit.dll,AE_8Bit.dll,AE_Float.dll	
Mocha Mask                        	4	AE_16Bit.dll,AE_8Bit.dll,AE_Float.dll,BCCPlus.dll	Crop
Motion Tracker                    	4	3DObjects,AE_16Bit.dll,AE_8Bit.dll,AE_Float.dll	Error reading Motion filte | Error writing Motion filte
Motion Vectors                    	4	AE_16Bit.dll,AE_8Bit.dll,AE_Float.dll,BCCPlus.dll	Off|Draft Only|Render
Move                              	4	3DObjects,AE_16Bit.dll,AE_8Bit.dll,AE_Float.dll	
MoviesTask                        	4	3DObjects,AE_16Bit.dll,AE_8Bit.dll,AE_Float.dll	GetMediaHandlerDescription | SetTrackEnabled | SetMovieGWorld | SetMovieTimeValue
NDATA                             	4	BCCPlus.dll,Common	FIXED | IDREF | IDREFS | IGNORE | IMPLIED | INCLUDE
NONE                              	4	3DObjects,AE_16Bit.dll,AE_8Bit.dll,AE_Float.dll	IESNA91 | IESNA:LM-63-1995 | IESNA:LM-63-2002 | TILT
NOTATION                          	4	BCCPlus.dll,Common	IMPLIED | INCLUDE | NDATA | NMTOKEN | NMTOKENS | PCDATA
NULL                              	4	3DObjects,BCCPlus.dll,Common	Checking health (pre log)  | Checking health (post log)
NULL array pointer is passed      	4	AE_16Bit.dll,AE_8Bit.dll,AE_Float.dll,BCCPlus.dll	Bad CvMatND header | src->dims <= CV_MAX_DIM | _dst.data == data0 | cvGetMatND
NULL double pointer               	4	AE_16Bit.dll,AE_8Bit.dll,AE_Float.dll,BCCPlus.dll	The image data is not foun | Only interleaved images ca
NULL iterator pointer             	4	AE_16Bit.dll,AE_8Bit.dll,AE_Float.dll,BCCPlus.dll	Invalid sparse array heade | cvInitSparseMatIterator | Invalid sparse matrix head
NULL matrix header pointer        	4	AE_16Bit.dll,AE_8Bit.dll,AE_Float.dll,BCCPlus.dll	cvReleaseMat | cvCloneMat | Bad CvMat header | cvInitMatNDHeader
NULL pointer to indices           	4	AE_16Bit.dll,AE_8Bit.dll,AE_Float.dll,BCCPlus.dll	index is out of range | cvPtr2D | COI must be non-null in ca | cvPtrND
NULL sequence pointer             	4	AE_16Bit.dll,AE_8Bit.dll,AE_Float.dll,BCCPlus.dll	cvGetSeqReaderPos | cvSetSeqReaderPos | cvSeqPush | cvSeqPushMulti
NULL storage pointer              	4	AE_16Bit.dll,AE_8Bit.dll,AE_Float.dll,BCCPlus.dll	cvReleaseMemStorage | icvGoNextMemBlock | cvRestoreMemStoragePos | cvMemStorageAlloc
New Group                         	4	3DObjects,AE_16Bit.dll,AE_8Bit.dll,AE_Float.dll	W@Override Folders | Override Groups | Tag | Shader | Material | Other
New Take                          	4	3DObjects,AE_16Bit.dll,AE_8Bit.dll,AE_Float.dll	
NewAliasMinimal                   	4	3DObjects,AE_16Bit.dll,AE_8Bit.dll,AE_Float.dll	StandardGetFile | StandardPutFile | StandardGetFilePreview | FSSpecToNativePathName
NewGWorld                         	4	3DObjects,AE_16Bit.dll,AE_8Bit.dll,AE_Float.dll	SetGWorld | GetGWorld | DisposeGWorld | GetGWorldPixMap | UnlockPixels
NewGWorldFromPtr                  	4	3DObjects,AE_16Bit.dll,AE_8Bit.dll,AE_Float.dll	GetGWorld | DisposeGWorld | GetGWorldPixMap | UnlockPixels | NewGWorld | LockPixels
NewHandle                         	4	3DObjects,AE_16Bit.dll,AE_8Bit.dll,AE_Float.dll	GetMediaTimeScale | GetMediaSample | GetSoundHeaderOffset | GetMediaSampleDescription
NewHandleClear                    	4	3DObjects,AE_16Bit.dll,AE_8Bit.dll,AE_Float.dll	GetMediaSample | GetSoundHeaderOffset | GetMediaSampleDescription | NewHandle
NewMovie                          	4	3DObjects,AE_16Bit.dll,AE_8Bit.dll,AE_Float.dll	CopyTrackSettings | GetMediaDataRefCount | GetMediaDataRef | AddMediaDataRef
NewMovieFromFile                  	4	3DObjects,AE_16Bit.dll,AE_8Bit.dll,AE_Float.dll	TerminateQTML | EnterMovies | ExitMovies | GetMoviesError | OpenMovieFile | CloseMovieFile
NewMovieTrack                     	4	3DObjects,AE_16Bit.dll,AE_8Bit.dll,AE_Float.dll	UpdateMovieResource | DeleteTrackSegment | GetTrackDuration | NewTrackMedia
NewTrackMedia                     	4	3DObjects,AE_16Bit.dll,AE_8Bit.dll,AE_Float.dll	AddMovieResource | UpdateMovieResource | DeleteTrackSegment | GetTrackDuration
No Error                          	4	AE_16Bit.dll,AE_8Bit.dll,AE_Float.dll,BCCPlus.dll	. | unknown function | OpenCV Error: %s (%s) in %
No OpenGL support                 	4	AE_16Bit.dll,AE_8Bit.dll,AE_Float.dll,BCCPlus.dll	Memory block has been corr | Assertion failed | No GPU support | Gpu API call
Noise Shader                      	4	3DObjects,AE_16Bit.dll,AE_8Bit.dll,AE_Float.dll	
Non-positive cols or rows         	4	AE_16Bit.dll,AE_8Bit.dll,AE_Float.dll,BCCPlus.dll	cvCreateMatHeader | Non-positive width or heig | Invalid matrix type | cvInitMatHeader
Non-positive width or height      	4	AE_16Bit.dll,AE_8Bit.dll,AE_Float.dll,BCCPlus.dll	cvCreateMatHeader
Normal                            	4	AE_16Bit.dll,AE_8Bit.dll,AE_Float.dll,BCCPlus.dll	Appearance (particles) | Turbulence (particles) | CEmParticleType
Normal Direction Shader Effect    	4	3DObjects,AE_16Bit.dll,AE_8Bit.dll,AE_Float.dll	Tiles Surface Shader
Not able to release AEFX Suite.   	4	3DObjects,AE_16Bit.dll,AE_8Bit.dll,AE_Float.dll	@ANot able to acquire AEFX
Nukei                             	4	3DObjects,AE_16Bit.dll,AE_8Bit.dll,AE_Float.dll	Sketch Mat | Danel | Banji | Banzi | Cheen | Mabel
Null Object                       	4	3DObjects,AE_16Bit.dll,AE_8Bit.dll,AE_Float.dll	Sky Object | Sky Shader Object | Cloud Object | Cloud Group Object
Null data pointer                 	4	AE_16Bit.dll,AE_8Bit.dll,AE_Float.dll,BCCPlus.dll	Too long data type specifi | cvWriteRawData | Too complex format for the
Null pointer                      	4	AE_16Bit.dll,AE_8Bit.dll,AE_Float.dll,BCCPlus.dll	Bad argument | Iterations do not converge | Autotrace call | Incorrect size of input ar
Number of dimensions is the same for all arrays	4	AE_16Bit.dll,AE_8Bit.dll,AE_Float.dll,BCCPlus.dll	Iterator pointer is NULL | COI set is not allowed her
OPENGL32.dll                      	4	AE_16Bit.dll,AE_8Bit.dll,AE_Float.dll,Common	glGetString | I | glDrawBuffer | glReadBuffer | glPopAttrib | glPushAttrib
One of indices is out of range    	4	AE_16Bit.dll,AE_8Bit.dll,AE_Float.dll,BCCPlus.dll	cvInitSparseMatIterator | Invalid sparse matrix head | NULL iterator pointer | icvGetNodePtr
OpenDefaultComponent              	4	3DObjects,AE_16Bit.dll,AE_8Bit.dll,AE_Float.dll	SetMovieGWorld | SetMovieTimeValue | MoviesTask | GetTrackDimensions | CloseComponent
OpenGL API call                   	4	AE_16Bit.dll,AE_8Bit.dll,AE_Float.dll,BCCPlus.dll	Assertion failed | No GPU support | Gpu API call | No OpenGL support
OpenMixerSoundComponent           	4	3DObjects,AE_16Bit.dll,AE_8Bit.dll,AE_Float.dll	GetMovieDefaultDataRef | GetMovieActiveSegment | GetMovieTime | GetMovieIndTrackType
Options                           	4	3DObjects,AE_16Bit.dll,AE_8Bit.dll,AE_Float.dll	Random|Straight|Centripeta | Gravity Type
Other                             	4	3DObjects,AE_16Bit.dll,AE_8Bit.dll,AE_Float.dll	W@Override Folders | Override Groups | Tag | Shader | Material
Out of memory                     	4	BCCPlus.dll,Common	internal error: array real
Outgoing Clip Settings            	4	AE_16Bit.dll,AE_8Bit.dll,AE_Float.dll,BCCPlus.dll	BCC Vignette | BCCVignette | Incoming Clip
Outside                           	4	AE_16Bit.dll,AE_8Bit.dll,AE_Float.dll,BCCPlus.dll	16 x 16 x 16 | 32 x 32 x 32 | 64 x 64 x 64 | Circle | Cylinder | Inside
OverLayWind                       	4	3DObjects,AE_16Bit.dll,AE_8Bit.dll,AE_Float.dll	BFXOverlay
Overlay                           	4	AE_16Bit.dll,AE_8Bit.dll,AE_Float.dll,BCCPlus.dll	CEmParticleType | Normal | Screen
Override Groups                   	4	3DObjects,AE_16Bit.dll,AE_8Bit.dll,AE_Float.dll	W@Override Folders
PATH                              	4	3DObjects,AE_16Bit.dll,AE_8Bit.dll,AE_Float.dll	BORIS | PARTICLE | MOTION
PCDATA                            	4	BCCPlus.dll,Common	IGNORE | IMPLIED | INCLUDE | NDATA | NMTOKEN | NMTOKENS
PF AE Adv App Suite               	4	3DObjects,AE_16Bit.dll,AE_8Bit.dll,AE_Float.dll	AEGP Canvas Suite | AEGP Register Suite | AEGP Item View Suite | AEGP Math Suite
PF AE Adv Item Suite              	4	3DObjects,AE_16Bit.dll,AE_8Bit.dll,AE_Float.dll	AEGP Render Options Suite | AEGP Tracker Suite | AEGP Tracker Utility Suite
PF AE App Suite                   	4	3DObjects,AE_16Bit.dll,AE_8Bit.dll,AE_Float.dll	PF Effect Sequence Data Su
PF ANSI Suite                     	4	3DObjects,AE_16Bit.dll,AE_8Bit.dll,AE_Float.dll	AEGP Math Suite | PF AE Adv App Suite | AEGP Command Suite | AEGP Render Suite
PF Color Settings Suite           	4	3DObjects,AE_16Bit.dll,AE_8Bit.dll,AE_Float.dll	AEGP Proj Suite | AEGP Footage Suite | AEGP Persistent Data Suite
PF ColorParamSuite                	4	3DObjects,AE_16Bit.dll,AE_8Bit.dll,AE_Float.dll	AEGP Proj Suite | AEGP Footage Suite | AEGP Persistent Data Suite | PF Color Settings Suite
PF Effect Custom UI Overlay Theme Suite	4	3DObjects,AE_16Bit.dll,AE_8Bit.dll,AE_Float.dll	PF Color Settings Suite | PF ColorParamSuite | PF SamplingFloat Suite
PF Iterate8 Suite                 	4	3DObjects,AE_16Bit.dll,AE_8Bit.dll,AE_Float.dll	AEGP File Import Manager S | PF Sampling8 Suite | PF Sampling16 Suite
PF Sampling16 Suite               	4	3DObjects,AE_16Bit.dll,AE_8Bit.dll,AE_Float.dll	AEGP Output Module Suite | AEGP File Import Manager S | PF Sampling8 Suite
PF Sampling8 Suite                	4	3DObjects,AE_16Bit.dll,AE_8Bit.dll,AE_Float.dll	AEGP Render Queue Item Sui | AEGP Output Module Suite | AEGP File Import Manager S
PF SamplingFloat Suite            	4	3DObjects,AE_16Bit.dll,AE_8Bit.dll,AE_Float.dll	AEGP Persistent Data Suite | PF Color Settings Suite | PF ColorParamSuite
PF Transition Suite               	4	AE_16Bit.dll,AE_8Bit.dll,AE_Float.dll,BCCPlus.dll	AEGP Utility Suite
PF Utility Suite                  	4	AE_16Bit.dll,AE_8Bit.dll,AE_Float.dll,BCCPlus.dll	AEGP Layer Suite | AEGP Comp Suite | AEGP Item Suite
PF World Suite                    	4	3DObjects,AE_16Bit.dll,AE_8Bit.dll,AE_Float.dll	PF World Transform Suite | AEGP QueryXform Suite | AEGP Composite Suite
PF World Transform Suite          	4	3DObjects,AE_16Bit.dll,AE_8Bit.dll,AE_Float.dll	AEGP Render Suite | PF ANSI Suite | PF Handle Suite | PF Fill Matte Suite
PF iterate16 Suite                	4	3DObjects,AE_16Bit.dll,AE_8Bit.dll,AE_Float.dll	PF Sampling8 Suite | PF Sampling16 Suite | PF Iterate8 Suite
PF iterateFloat Suite             	4	3DObjects,AE_16Bit.dll,AE_8Bit.dll,AE_Float.dll	PF Sampling8 Suite | PF Sampling16 Suite | PF Iterate8 Suite | PF iterate16 Suite
PUBLIC                            	4	BCCPlus.dll,Common	INCLUDE | NDATA | NMTOKEN | NMTOKENS | PCDATA | NOTATION
PaneID                            	4	3DObjects,AE_16Bit.dll,AE_8Bit.dll,AE_Float.dll	IsSelected | XPosition | YPosition | CBFXMasterView | TabName | PanelIndex
Panel Color                       	4	3DObjects,AE_16Bit.dll,AE_8Bit.dll,AE_Float.dll	Bin View Mode | History View Mode | Text Color
PanelIndex                        	4	3DObjects,AE_16Bit.dll,AE_8Bit.dll,AE_Float.dll	SelectedTab | IsSelected | XPosition | YPosition | CBFXMasterView | TabName
Parsing error                     	4	AE_16Bit.dll,AE_8Bit.dll,AE_Float.dll,BCCPlus.dll	Bad parameter of type CvPo | Bad type of mask argument
PhotometricInterpretation         	4	3DObjects,BCCPlus.dll	Directory %d does not exis | Error writing directory li
Pinning                           	4	AE_16Bit.dll,AE_8Bit.dll,AE_Float.dll,BCCPlus.dll	
Pivot                             	4	AE_16Bit.dll,AE_8Bit.dll,AE_Float.dll,BCCPlus.dll	MM Foreground | MM Background | Apply Tracking to | Apply Tracking to Legacy
Pixel Shader Effect               	4	3DObjects,AE_16Bit.dll,AE_8Bit.dll,AE_Float.dll	Ambient Occlusion Effect S
Please save your work and Exit.   	4	3DObjects,AE_16Bit.dll,AE_8Bit.dll,AE_Float.dll	
Plugin Object                     	4	3DObjects,AE_16Bit.dll,AE_8Bit.dll,AE_Float.dll	Cloud Object | Cloud Group Object | Null Object
Plugin Tag                        	4	3DObjects,AE_16Bit.dll,AE_8Bit.dll,AE_Float.dll	Polygon Tag (hidden)
PluginPolygon Object              	4	3DObjects,AE_16Bit.dll,AE_8Bit.dll,AE_Float.dll	Null Object | Plugin Object | BaseObject
PointTrackingSuite                	4	AE_16Bit.dll,AE_8Bit.dll,AE_Float.dll,BCCPlus.dll	mocha4bcc
Polygon Object                    	4	3DObjects,AE_16Bit.dll,AE_8Bit.dll,AE_Float.dll	Cineware SDK
Polygon Reduction Deformer Object 	4	3DObjects,AE_16Bit.dll,AE_8Bit.dll,AE_Float.dll	Explosion FX Deformer Obje | Shatter Deformer Object
Pose.                             	4	3DObjects,AE_16Bit.dll,AE_8Bit.dll,AE_Float.dll	
Post                              	4	AE_16Bit.dll,AE_8Bit.dll,AE_Float.dll,BCCPlus.dll	
Posterize                         	4	3DObjects,AE_16Bit.dll,AE_8Bit.dll,AE_Float.dll	Folder | BlendShader | B/C/G | HLS
Posterize Blend Layer             	4	3DObjects,AE_16Bit.dll,AE_8Bit.dll,AE_Float.dll	Shader Blend Layer | B/C/G Blend Layer
Preferences window opened         	4	3DObjects,AE_16Bit.dll,AE_8Bit.dll,AE_Float.dll	FX Browser used
Premiere                          	4	3DObjects,AE_16Bit.dll,AE_8Bit.dll,AE_Float.dll	18.3.0 | 18.4.0 | 2022 | 22.0.0 | 2023 | 23.4.0
PrerollMovie                      	4	3DObjects,AE_16Bit.dll,AE_8Bit.dll,AE_Float.dll	SetMoviePlayHints | GetMovieTimeBase | SetTimeBaseFlags | LoadTrackIntoRam
Preset000                         	4	3DObjects,AE_16Bit.dll,AE_8Bit.dll,AE_Float.dll	.bcp | .bsp
Preview Composite Type            	4	3DObjects,AE_16Bit.dll,AE_8Bit.dll,AE_Float.dll	SplitScreen Slide Percent | Display Quality | Enable Tool Tips
PutMovieIntoDataFork              	4	3DObjects,AE_16Bit.dll,AE_8Bit.dll,AE_Float.dll	SCCompressSequenceEnd | EndMediaEdits | InsertMediaIntoTrack | GetMediaDuration
RANGE                             	4	3DObjects,AE_16Bit.dll,AE_8Bit.dll,AE_Float.dll	Grey Gamma 2.2 | Linear Color Space | Linear Color Space (Gray) | sRGB IEC61966-2.1
RENDER                            	4	3DObjects,AE_16Bit.dll,AE_8Bit.dll,AE_Float.dll	
REQUIRED                          	4	BCCPlus.dll,Common	NDATA | NMTOKEN | NMTOKENS | PCDATA | NOTATION | PUBLIC
RESTYPE                           	4	3DObjects,AE_16Bit.dll,AE_8Bit.dll,AE_Float.dll	c:\jenkins\workspace\conti
Range Preview                     	4	AE_16Bit.dll,AE_8Bit.dll,AE_Float.dll,BCCPlus.dll	Range Tuning
RegCreateKeyExA                   	4	BCCPlus.dll,Common	AllocateAndInitializeSid | OpenProcessToken | connect | GetUserNameA
Registration Reminder Count       	4	3DObjects,AE_16Bit.dll,AE_8Bit.dll,AE_Float.dll	Registration Status
Registration Reminder Previous    	4	3DObjects,AE_16Bit.dll,AE_8Bit.dll,AE_Float.dll	Registration Status | Registration Reminder Coun
Registration Status               	4	3DObjects,AE_16Bit.dll,AE_8Bit.dll,AE_Float.dll	
Relative                          	4	AE_16Bit.dll,AE_8Bit.dll,AE_Float.dll,BCCPlus.dll	Absolute
Requested object was not found    	4	AE_16Bit.dll,AE_8Bit.dll,AE_Float.dll,BCCPlus.dll	Division by zero occured | Image step is wrong | Inplace operation is not s
Restrict License Type             	4	3DObjects,AE_16Bit.dll,AE_8Bit.dll,AE_Float.dll	Registration Reminder Coun | Registration Reminder Prev | Version Update Check Previ
Ripple Shader Effect              	4	3DObjects,AE_16Bit.dll,AE_8Bit.dll,AE_Float.dll	Noise Shader | Layer Shader | Spline Shader Effect | Filter Shader
SCCompressImage                   	4	3DObjects,AE_16Bit.dll,AE_8Bit.dll,AE_Float.dll	GetCodecInfo | FindCodec | FlattenMovie | FlattenMovieData | SCSetTestImagePixMap
SCCompressSequenceBegin           	4	3DObjects,AE_16Bit.dll,AE_8Bit.dll,AE_Float.dll	DeleteTrackSegment | GetTrackDuration | NewTrackMedia | NewMovieTrack
SCCompressSequenceEnd             	4	3DObjects,AE_16Bit.dll,AE_8Bit.dll,AE_Float.dll	SCRequestSequenceSettings | SCRequestImageSettings | SCSetTestImagePictHandle
SCCompressSequenceFrame           	4	3DObjects,AE_16Bit.dll,AE_8Bit.dll,AE_Float.dll	MoviesTask | GetTrackDimensions | CloseComponent | OpenDefaultComponent | CreateMovieFile
SCGetInfo                         	4	3DObjects,AE_16Bit.dll,AE_8Bit.dll,AE_Float.dll	GetTrackDuration | NewTrackMedia | NewMovieTrack | SCCompressSequenceBegin | BeginMediaEdits
SCRequestImageSettings            	4	3DObjects,AE_16Bit.dll,AE_8Bit.dll,AE_Float.dll	CreateMovieFile | SCCompressSequenceFrame | AddMediaSample | SCRequestSequenceSettings
SCRequestSequenceSettings         	4	3DObjects,AE_16Bit.dll,AE_8Bit.dll,AE_Float.dll	CloseComponent | OpenDefaultComponent | CreateMovieFile | SCCompressSequenceFrame | AddMediaSample
SCSetInfo                         	4	3DObjects,AE_16Bit.dll,AE_8Bit.dll,AE_Float.dll	NewTrackMedia | NewMovieTrack | SCCompressSequenceBegin | BeginMediaEdits | SCGetInfo
SCSetTestImagePictHandle          	4	3DObjects,AE_16Bit.dll,AE_8Bit.dll,AE_Float.dll	SCCompressSequenceFrame | AddMediaSample | SCRequestSequenceSettings | SCRequestImageSettings
SCSetTestImagePixMap              	4	3DObjects,AE_16Bit.dll,AE_8Bit.dll,AE_Float.dll	SCSetInfo | GetCodecInfo | FindCodec | FlattenMovie | FlattenMovieData
SL-AdminMode                      	4	BCCPlus.dll,Common	<hasp_scope /> | keyinfo | <haspformat format="fastup
SP Suites Suite                   	4	3DObjects,AE_16Bit.dll,AE_8Bit.dll,AE_Float.dll	DRAWBOT Draw Suite | DRAWBOT Supplier Suite | DRAWBOT Surface Suite | DRAWBOT Path Suite
Sample Layer                      	4	AE_16Bit.dll,AE_8Bit.dll,AE_Float.dll,BCCPlus.dll	Sample Controls
Save Preset used                  	4	3DObjects,AE_16Bit.dll,AE_8Bit.dll,AE_Float.dll	.BCP | .Bcp | .BAP | .Bap | .BSP | .Bsp
ScaleMultiply                     	4	AE_16Bit.dll,AE_8Bit.dll,AE_Float.dll,BCCPlus.dll	MultiplyAlpha | MultiplyAlphaLuma | MultiplyNotAlpha
ScaleScreen                       	4	AE_16Bit.dll,AE_8Bit.dll,AE_Float.dll,BCCPlus.dll	MultiplyAlpha | MultiplyAlphaLuma | MultiplyNotAlpha | ScaleMultiply
Scratches                         	4	AE_16Bit.dll,AE_8Bit.dll,AE_Float.dll,BCCPlus.dll	None|Mirror
Screen                            	4	AE_16Bit.dll,AE_8Bit.dll,AE_Float.dll,BCCPlus.dll	Appearance (particles) | Turbulence (particles) | CEmParticleType | Normal
Screen Color                      	4	AE_16Bit.dll,AE_8Bit.dll,AE_Float.dll,BCCPlus.dll	Green|Blue|Red
Segoe UI                          	4	3DObjects,AE_16Bit.dll,AE_8Bit.dll,AE_Float.dll	%.2f
Select File...                    	4	3DObjects,AE_16Bit.dll,AE_8Bit.dll,AE_Float.dll	watchfolder
Select Folder...                  	4	3DObjects,AE_16Bit.dll,AE_8Bit.dll,AE_Float.dll	watchfolder | Select File...
SelectedTab                       	4	3DObjects,AE_16Bit.dll,AE_8Bit.dll,AE_Float.dll	CBFXMasterWindow | IsVisible | IsFloating | Top | CBFXTabView
Separation                        	4	AE_16Bit.dll,AE_8Bit.dll,AE_Float.dll,BCCPlus.dll	BCC3Jitter Basic
ServiceName                       	4	BCCPlus.dll,Common	\\.\SNTNLUSB | *               | Software\Microsoft\Windows
SetGWorld                         	4	3DObjects,AE_16Bit.dll,AE_8Bit.dll,AE_Float.dll	GraphicsImportGetAsPicture | FSMakeFSSpec | GraphicsImportGetBoundsRec
SetHandleSize                     	4	3DObjects,AE_16Bit.dll,AE_8Bit.dll,AE_Float.dll	GetMediaSampleDescription | NewHandle | NewHandleClear | GetHandleSize
SetMediaDefaultDataRefIndex       	4	3DObjects,AE_16Bit.dll,AE_8Bit.dll,AE_Float.dll	MediaSetSoundLevelMetering | MediaGetSoundLevelMeterInf | GetMovieActive
SetMovieActive                    	4	3DObjects,AE_16Bit.dll,AE_8Bit.dll,AE_Float.dll	GraphicsImportSetGraphicsM | GetMovieNaturalBoundsRect | GetMovieBox | SetMovieBox
SetMovieActiveSegment             	4	3DObjects,AE_16Bit.dll,AE_8Bit.dll,AE_Float.dll	FSpDelete | TrackTimeToMediaTime | GetMovieGWorld | StopMovie | DisposeMovieTrack
SetMovieBox                       	4	3DObjects,AE_16Bit.dll,AE_8Bit.dll,AE_Float.dll	GraphicsImportSetGraphicsM | GetMovieNaturalBoundsRect | GetMovieBox
SetMovieDefaultDataRef            	4	3DObjects,AE_16Bit.dll,AE_8Bit.dll,AE_Float.dll	GetMovieGWorld | StopMovie | DisposeMovieTrack | SetMovieActiveSegment
SetMovieGWorld                    	4	3DObjects,AE_16Bit.dll,AE_8Bit.dll,AE_Float.dll	GetMovieIndTrack | GetTrackMedia | GetMediaHandlerDescription | SetTrackEnabled
SetMoviePlayHints                 	4	3DObjects,AE_16Bit.dll,AE_8Bit.dll,AE_Float.dll	SoundConverterClose | GetNativeWindowPort | CreatePortAssociation | DestroyPortAssociation
SetMovieProgressProc              	4	3DObjects,AE_16Bit.dll,AE_8Bit.dll,AE_Float.dll	FSDelete | StartMovie | GetMovieRate | GetMovieVolume | SetMovieRate | SetMovieVolume
SetMovieRate                      	4	3DObjects,AE_16Bit.dll,AE_8Bit.dll,AE_Float.dll	SCCompressImage | FSDelete | StartMovie | GetMovieRate | GetMovieVolume
SetMovieTimeScale                 	4	3DObjects,AE_16Bit.dll,AE_8Bit.dll,AE_Float.dll	LoadTrackIntoRam | PrerollMovie | GetMaxCompressionSize | FCompressImage
SetMovieTimeValue                 	4	3DObjects,AE_16Bit.dll,AE_8Bit.dll,AE_Float.dll	GetTrackMedia | GetMediaHandlerDescription | SetTrackEnabled | SetMovieGWorld
SetMovieVolume                    	4	3DObjects,AE_16Bit.dll,AE_8Bit.dll,AE_Float.dll	SCCompressImage | FSDelete | StartMovie | GetMovieRate | GetMovieVolume | SetMovieRate
SetSecurityDescriptorDacl         	4	BCCPlus.dll,Common	vtecffec | 9k747fab | 9bckbe9b | bt139c25 | 127.0.0.1 | InitializeSecurityDescript
SetTimeBaseFlags                  	4	3DObjects,AE_16Bit.dll,AE_8Bit.dll,AE_Float.dll	CreatePortAssociation | DestroyPortAssociation | SetMoviePlayHints | GetMovieTimeBase
SetTrackEnabled                   	4	3DObjects,AE_16Bit.dll,AE_8Bit.dll,AE_Float.dll	GetMovieTrackCount | GetMovieIndTrack | GetTrackMedia | GetMediaHandlerDescription
Shader                            	4	3DObjects,AE_16Bit.dll,AE_8Bit.dll,AE_Float.dll	W@Override Folders | Override Groups | Tag
Shader Blend Layer                	4	3DObjects,AE_16Bit.dll,AE_8Bit.dll,AE_Float.dll	Art Sketch Shader | Unknown Blend Layer
Shake                             	4	AE_16Bit.dll,AE_8Bit.dll,AE_Float.dll,BCCPlus.dll	
Shake X                           	4	AE_16Bit.dll,AE_8Bit.dll,AE_Float.dll,BCCPlus.dll	__ Shake __
Shake Y                           	4	AE_16Bit.dll,AE_8Bit.dll,AE_Float.dll,BCCPlus.dll	__ Shake __ | Shake X
Shatter Deformer Object           	4	3DObjects,AE_16Bit.dll,AE_8Bit.dll,AE_Float.dll	Explosion Deformer Object | Explosion FX Deformer Obje
Shear Deformer Object             	4	3DObjects,AE_16Bit.dll,AE_8Bit.dll,AE_Float.dll	Vertex Color Tag | Bend Deformer Object | Twist Deformer Object | Bulge Deformer Object
Simple Noise Surface Shader       	4	3DObjects,AE_16Bit.dll,AE_8Bit.dll,AE_Float.dll	Wood Surface Shader
Simple Turbulence Surface Shader  	4	3DObjects,AE_16Bit.dll,AE_8Bit.dll,AE_Float.dll	Simple Noise Surface Shade
Sizes of input arguments do not match	4	AE_16Bit.dll,AE_8Bit.dll,AE_Float.dll,BCCPlus.dll	Input image depth is not s | Formats of input arguments
Sketch & Toon Tag                 	4	3DObjects,AE_16Bit.dll,AE_8Bit.dll,AE_Float.dll	Align To Path Tag | Fix Expression Tag
Sketch Mat                        	4	3DObjects,AE_16Bit.dll,AE_8Bit.dll,AE_Float.dll	
Sky Object                        	4	3DObjects,AE_16Bit.dll,AE_8Bit.dll,AE_Float.dll	Spline Object | Spline (Line) Object | Light Object | Camera Object | Floor Object
Sky Shader Object                 	4	3DObjects,AE_16Bit.dll,AE_8Bit.dll,AE_Float.dll	Spline (Line) Object | Light Object | Camera Object | Floor Object | Sky Object
Small Pass                        	4	AE_16Bit.dll,AE_8Bit.dll,AE_Float.dll,BCCPlus.dll	Detail Tuning | Fine Pass | Fine Sharpen
Small Sharpen                     	4	AE_16Bit.dll,AE_8Bit.dll,AE_Float.dll,BCCPlus.dll	Detail Tuning | Fine Pass | Fine Sharpen | Small Pass
Smoke                             	4	AE_16Bit.dll,AE_8Bit.dll,AE_Float.dll,BCCPlus.dll	
Soft Light                        	4	AE_16Bit.dll,AE_8Bit.dll,AE_Float.dll,BCCPlus.dll	CEmParticleType | Normal | Screen | Overlay
Some of required array pointers is NULL	4	AE_16Bit.dll,AE_8Bit.dll,AE_Float.dll,BCCPlus.dll	Input array has NULL data  | cvInitNArrayIterator
SoundComponentAddSource           	4	3DObjects,AE_16Bit.dll,AE_8Bit.dll,AE_Float.dll	CloseMixerSoundComponent | GetComponentInfo | SoundComponentSetOutput
SoundComponentGetInfo             	4	3DObjects,AE_16Bit.dll,AE_8Bit.dll,AE_Float.dll	SoundComponentSetOutput | SoundComponentAddSource | SoundComponentRemoveSource
SoundComponentGetSourceData       	4	3DObjects,AE_16Bit.dll,AE_8Bit.dll,AE_Float.dll	SoundComponentSetInfo | SoundComponentSetSource | SoundComponentPlaySourceBu
SoundComponentPlaySourceBuffer    	4	3DObjects,AE_16Bit.dll,AE_8Bit.dll,AE_Float.dll	SoundComponentGetInfo | SoundComponentSetInfo | SoundComponentSetSource
SoundComponentRemoveSource        	4	3DObjects,AE_16Bit.dll,AE_8Bit.dll,AE_Float.dll	GetComponentInfo | SoundComponentSetOutput | SoundComponentAddSource
SoundComponentSetInfo             	4	3DObjects,AE_16Bit.dll,AE_8Bit.dll,AE_Float.dll	SoundComponentAddSource | SoundComponentRemoveSource | SoundComponentGetInfo
SoundComponentSetOutput           	4	3DObjects,AE_16Bit.dll,AE_8Bit.dll,AE_Float.dll	OpenMixerSoundComponent | CloseMixerSoundComponent | GetComponentInfo
SoundComponentSetSource           	4	3DObjects,AE_16Bit.dll,AE_8Bit.dll,AE_Float.dll	SoundComponentRemoveSource | SoundComponentGetInfo | SoundComponentSetInfo
SoundConverterBeginConversion     	4	3DObjects,AE_16Bit.dll,AE_8Bit.dll,AE_Float.dll	SoundConverterSetInfo | SoundConverterOpen | SoundConverterGetBufferSiz
SoundConverterClose               	4	3DObjects,AE_16Bit.dll,AE_8Bit.dll,AE_Float.dll	SoundConverterBeginConvers | SoundConverterConvertBuffe | SoundConverterEndConversio
SoundConverterConvertBuffer       	4	3DObjects,AE_16Bit.dll,AE_8Bit.dll,AE_Float.dll	SoundConverterOpen | SoundConverterGetBufferSiz | SoundConverterBeginConvers
SoundConverterEndConversion       	4	3DObjects,AE_16Bit.dll,AE_8Bit.dll,AE_Float.dll	SoundConverterGetBufferSiz | SoundConverterBeginConvers | SoundConverterConvertBuffe
SoundConverterGetBufferSizes      	4	3DObjects,AE_16Bit.dll,AE_8Bit.dll,AE_Float.dll	HLock | HUnlock | GetSoundDescriptionExtensi | SoundConverterSetInfo | SoundConverterOpen
SoundConverterOpen                	4	3DObjects,AE_16Bit.dll,AE_8Bit.dll,AE_Float.dll	SetHandleSize | HLock | HUnlock | GetSoundDescriptionExtensi | SoundConverterSetInfo
SoundConverterSetInfo             	4	3DObjects,AE_16Bit.dll,AE_8Bit.dll,AE_Float.dll	NewHandleClear | GetHandleSize | SetHandleSize | HLock | HUnlock | GetSoundDescriptionExtensi
Source Layer                      	4	AE_16Bit.dll,AE_8Bit.dll,AE_Float.dll,BCCPlus.dll	Draft|Fast|Sharp|Standard|
SpatialTangentX                   	4	3DObjects,AE_16Bit.dll,AE_8Bit.dll,AE_Float.dll	spline | none | dir | spatialType | timeHndl1 | timeHndl2
SpatialTangentY                   	4	3DObjects,AE_16Bit.dll,AE_8Bit.dll,AE_Float.dll	none | dir | spatialType | timeHndl1 | timeHndl2 | SpatialTangentX
Sphere                            	4	3DObjects,AE_16Bit.dll,AE_8Bit.dll,AE_Float.dll	Force | Box
Spline                            	4	3DObjects,AE_16Bit.dll,AE_8Bit.dll,AE_Float.dll	
Spline Deformer Object            	4	3DObjects,AE_16Bit.dll,AE_8Bit.dll,AE_Float.dll	Polygon Reduction Deformer
Spline Object                     	4	3DObjects,AE_16Bit.dll,AE_8Bit.dll,AE_Float.dll	Cineware SDK  | Polygon Object
Spline Shader Effect              	4	3DObjects,AE_16Bit.dll,AE_8Bit.dll,AE_Float.dll	Noise Shader | Layer Shader
SplitScreen Mode                  	4	3DObjects,AE_16Bit.dll,AE_8Bit.dll,AE_Float.dll	Display Resolution
SplitScreen Slide Percent         	4	3DObjects,AE_16Bit.dll,AE_8Bit.dll,AE_Float.dll	Display Resolution | SplitScreen Mode | SplitScreen Wipe Percent
SplitScreen Wipe Percent          	4	3DObjects,AE_16Bit.dll,AE_8Bit.dll,AE_Float.dll	Display Resolution | SplitScreen Mode
Spots Sketch Shader               	4	3DObjects,AE_16Bit.dll,AE_8Bit.dll,AE_Float.dll	Variation Shader Effect | Thin Film Shader Effect
StandardGetFile                   	4	3DObjects,AE_16Bit.dll,AE_8Bit.dll,AE_Float.dll	GetMovieRate | GetMovieVolume | SetMovieRate | SetMovieVolume | SetMovieProgressProc
StandardGetFilePreview            	4	3DObjects,AE_16Bit.dll,AE_8Bit.dll,AE_Float.dll	SetMovieRate | SetMovieVolume | SetMovieProgressProc | StandardGetFile | StandardPutFile
StandardPutFile                   	4	3DObjects,AE_16Bit.dll,AE_8Bit.dll,AE_Float.dll	GetMovieVolume | SetMovieRate | SetMovieVolume | SetMovieProgressProc | StandardGetFile
Stars Surface Shader              	4	3DObjects,AE_16Bit.dll,AE_8Bit.dll,AE_Float.dll	Galaxy Surface Shader
StartMovie                        	4	3DObjects,AE_16Bit.dll,AE_8Bit.dll,AE_Float.dll	FlattenMovie | FlattenMovieData | SCSetTestImagePixMap | SCCompressImage | FSDelete
StopMovie                         	4	3DObjects,AE_16Bit.dll,AE_8Bit.dll,AE_Float.dll	FCompressImage | SetMovieTimeScale | FSpDelete | TrackTimeToMediaTime | GetMovieGWorld
SuperDog                          	4	BCCPlus.dll,Common	Classic | Max | Basic | Pro | Drive | NetTime250+
Surface                           	4	AE_16Bit.dll,AE_8Bit.dll,AE_Float.dll,BCCPlus.dll	Plane | Using Host Mask/Text | Vertices
TILT                              	4	3DObjects,AE_16Bit.dll,AE_8Bit.dll,AE_Float.dll	IESNA91 | IESNA:LM-63-1995 | IESNA:LM-63-2002
TabName                           	4	3DObjects,AE_16Bit.dll,AE_8Bit.dll,AE_Float.dll	CBFXTabView | SelectedTab | IsSelected | XPosition | YPosition | CBFXMasterView
Take System Branch                	4	3DObjects,AE_16Bit.dll,AE_8Bit.dll,AE_Float.dll	
Taper Deformer Object             	4	3DObjects,AE_16Bit.dll,AE_8Bit.dll,AE_Float.dll	Bend Deformer Object | Twist Deformer Object | Bulge Deformer Object | Shear Deformer Object
Target Expression                 	4	3DObjects,AE_16Bit.dll,AE_8Bit.dll,AE_Float.dll	
Target Layer                      	4	AE_16Bit.dll,AE_8Bit.dll,AE_Float.dll,BCCPlus.dll	Interest Z 3 | Cone Angle 3 | Cone Feather 3 | Light Model 3 | Offset Source 3 | Target 3
Terrain                           	4	3DObjects,AE_16Bit.dll,AE_8Bit.dll,AE_Float.dll	Danel | Banji | Banzi | Cheen | Mabel | Nukei
Terrain Mask Shader Effect        	4	3DObjects,AE_16Bit.dll,AE_8Bit.dll,AE_Float.dll	
Tf %f %f %f %f                    	4	3DObjects,AE_16Bit.dll,AE_8Bit.dll,AE_Float.dll	Ns  | Kd  | Kd %f %f %f %f | d  | d %f | Tf
The array is too big              	4	AE_16Bit.dll,AE_8Bit.dll,AE_Float.dll,BCCPlus.dll	non-positive or too large  | one of dimesion sizes is n
The image has NULL data pointer   	4	AE_16Bit.dll,AE_8Bit.dll,AE_Float.dll,BCCPlus.dll	COI must be non-null in ca | cvPtrND | NULL pointer to indices | cvGetMat
The key is an empty               	4	AE_16Bit.dll,AE_8Bit.dll,AE_Float.dll,BCCPlus.dll	icvYMLWrite | The key is too long
The key is too long               	4	AE_16Bit.dll,AE_8Bit.dll,AE_Float.dll,BCCPlus.dll	icvYMLWrite
The matrix has NULL data pointer  	4	AE_16Bit.dll,AE_8Bit.dll,AE_Float.dll,BCCPlus.dll	src->dims <= CV_MAX_DIM | _dst.data == data0 | cvGetMatND | NULL array pointer is pass
The sequence has NULL storage pointer	4	AE_16Bit.dll,AE_8Bit.dll,AE_Float.dll,BCCPlus.dll	Storage block size is too  | cvCvtSeqToArray | icvGrowSeq
Thin Film Shader Effect           	4	3DObjects,AE_16Bit.dll,AE_8Bit.dll,AE_Float.dll	Display Color Surface Shad | Variation Shader Effect
Tiles Surface Shader              	4	3DObjects,AE_16Bit.dll,AE_8Bit.dll,AE_Float.dll	Simple Turbulence Surface  | Gradient Shader | Falloff Shader Effect
Time Track                        	4	3DObjects,AE_16Bit.dll,AE_8Bit.dll,AE_Float.dll	
Title                             	4	3DObjects,AE_16Bit.dll,AE_8Bit.dll,AE_Float.dll	Filter Set
Too complex format for the matrix 	4	AE_16Bit.dll,AE_8Bit.dll,AE_Float.dll,BCCPlus.dll	icvDecodeFormat | icvDecodeSimpleFormat | Too long data type specifi | cvWriteRawData
Too large memory block is requested	4	AE_16Bit.dll,AE_8Bit.dll,AE_Float.dll,BCCPlus.dll	icvGoNextMemBlock | cvRestoreMemStoragePos | cvMemStorageAlloc | NULL storage pointer
Too long data type specification  	4	AE_16Bit.dll,AE_8Bit.dll,AE_Float.dll,BCCPlus.dll	cvWriteString | %d%c | Invalid data type specific | icvDecodeFormat | icvDecodeSimpleFormat
Tools Window does not support tab drag. 	4	3DObjects,AE_16Bit.dll,AE_8Bit.dll,AE_Float.dll	
TrackTimeToMediaTime              	4	3DObjects,AE_16Bit.dll,AE_8Bit.dll,AE_Float.dll	PrerollMovie | GetMaxCompressionSize | FCompressImage | SetMovieTimeScale | FSpDelete
Transform Blend Layer             	4	3DObjects,AE_16Bit.dll,AE_8Bit.dll,AE_Float.dll	Colorize Blend Layer | Clamp Blend Layer | Clip Blend Layer | Distort Blend Layer
Transparency                      	4	AE_16Bit.dll,AE_8Bit.dll,AE_Float.dll,BCCPlus.dll	ScaleMultiply | ScaleScreen | ExpandDifference | ExpandDifference2
True                              	4	3DObjects,AE_16Bit.dll,AE_8Bit.dll,AE_Float.dll	SP Suites Suite | 0x | %ld | %g | %.*g | 0x%08X
Twist Deformer Object             	4	3DObjects,AE_16Bit.dll,AE_8Bit.dll,AE_Float.dll	Vertex Color Tag | Bend Deformer Object
USER32.dll                        	4	AE_16Bit.dll,AE_8Bit.dll,AE_Float.dll,Common	EmptyClipboard
UTF-16BE                          	4	BCCPlus.dll,Common	ISO-8859-1 | US-ASCII | UTF-8 | UTF-16
UTF-16LE                          	4	BCCPlus.dll,Common	ISO-8859-1 | US-ASCII | UTF-8 | UTF-16 | UTF-16BE | CDATA[
UTF-8                             	4	BCCPlus.dll,Common	ISO-8859-1 | US-ASCII
Under                             	4	AE_16Bit.dll,AE_8Bit.dll,AE_Float.dll,BCCPlus.dll	Soft Light | Darken | Lighten | Difference | Copy | Over
Unknown %s code %d                	4	AE_16Bit.dll,AE_8Bit.dll,AE_Float.dll,BCCPlus.dll	No GPU support | Gpu API call | No OpenGL support | OpenGL API call | status | error
Unknown Blend Layer               	4	3DObjects,AE_16Bit.dll,AE_8Bit.dll,AE_Float.dll	Spots Sketch Shader | Art Sketch Shader
Unknown Type                      	4	3DObjects,AE_16Bit.dll,AE_8Bit.dll,AE_Float.dll	Clamp Blend Layer | Clip Blend Layer | Distort Blend Layer | Transform Blend Layer
Unknown array type                	4	AE_16Bit.dll,AE_8Bit.dll,AE_Float.dll,BCCPlus.dll	seq->total > 0 && CV_ELEM_
Unknown object type               	4	AE_16Bit.dll,AE_8Bit.dll,AE_Float.dll,BCCPlus.dll	Type name should contain o | release function pointer i
Unknown operation                 	4	AE_16Bit.dll,AE_8Bit.dll,AE_Float.dll,BCCPlus.dll	cv::MatOp_Identity::assign | CV_MAT_CN(_type) == e.a.ch | cv::MatOp_Bin::assign
UnlockPixels                      	4	3DObjects,AE_16Bit.dll,AE_8Bit.dll,AE_Float.dll	GraphicsImportGetBoundsRec | SetGWorld | GetGWorld | DisposeGWorld | GetGWorldPixMap
Unrecognized or unsupported array type	4	AE_16Bit.dll,AE_8Bit.dll,AE_Float.dll,BCCPlus.dll	cvGetMatND | NULL array pointer is pass | The matrix has NULL data p
Unspecified error                 	4	AE_16Bit.dll,AE_8Bit.dll,AE_Float.dll,BCCPlus.dll	OpenCV Error: %s (%s) in % | No Error
Unsupported format                	4	AE_16Bit.dll,AE_8Bit.dll,AE_Float.dll,BCCPlus.dll	RGB | BGR | BGRA | cvInitImageHeader | null pointer to header | Bad input roi
Unsupported format or combination of formats	4	AE_16Bit.dll,AE_8Bit.dll,AE_Float.dll,BCCPlus.dll	Sizes of input arguments d | One of arguments' values i
Untitled Project 1                	4	3DObjects,AE_16Bit.dll,AE_8Bit.dll,AE_Float.dll	00;00;00;00
UpdateMovieResource               	4	3DObjects,AE_16Bit.dll,AE_8Bit.dll,AE_Float.dll	InsertMediaIntoTrack | GetMediaDuration | PutMovieIntoDataFork | AddMovieResource
Use Timeline Text                 	4	3DObjects,AE_16Bit.dll,AE_8Bit.dll,AE_Float.dll	Is Playing | Current Part | Duration | FPS
VCRUNTIME140.dll                  	4	AE_16Bit.dll,AE_8Bit.dll,AE_Float.dll,Common	__current_exception | __current_exception_contex | % | __std_type_info_destroy_li
VDS App Suite                     	4	3DObjects,AE_16Bit.dll,AE_8Bit.dll,AE_Float.dll	
Variation Shader Effect           	4	3DObjects,AE_16Bit.dll,AE_8Bit.dll,AE_Float.dll	Terrain Mask Shader Effect | Display Color Surface Shad
Vertex Color Tag                  	4	3DObjects,AE_16Bit.dll,AE_8Bit.dll,AE_Float.dll	
Vertex Map Shader Effect          	4	3DObjects,AE_16Bit.dll,AE_8Bit.dll,AE_Float.dll	Spline Shader Effect | Filter Shader | Ripple Shader Effect
Video                             	4	3DObjects,AE_16Bit.dll,AE_8Bit.dll,AE_Float.dll	
View                              	4	AE_16Bit.dll,AE_8Bit.dll,AE_Float.dll,BCCPlus.dll	+ | @ | U | b | BCC3Z Space I | Effect|Plane 1|Plane 2|Pla
WALLE                             	4	BCCPlus.dll,Common	SuperDog | HASP-SL-UserMode | SL-UserMode | HASP-HL | HASP-SL
WSACleanup                        	4	BCCPlus.dll,Common	htonl | ntohl | gethostname | gethostbyaddr | WSAAsyncSelect | WSAStartup
Water Surface Shader              	4	3DObjects,AE_16Bit.dll,AE_8Bit.dll,AE_Float.dll	
Wind Deformer Object              	4	3DObjects,AE_16Bit.dll,AE_8Bit.dll,AE_Float.dll	Taper Deformer Object | Bone Deformer Object
Wipe                              	4	AE_16Bit.dll,AE_8Bit.dll,AE_Float.dll,BCCPlus.dll	Compare Type | Host Layer | Slide
Wood Surface Shader               	4	3DObjects,AE_16Bit.dll,AE_8Bit.dll,AE_Float.dll	Water Surface Shader
Workspace%02d%s                   	4	3DObjects,AE_16Bit.dll,AE_8Bit.dll,AE_Float.dll	XPosition | YPosition | CBFXMasterView | TabName | PanelIndex | PaneID
Wrong mode passed to DrawRect     	4	3DObjects,AE_16Bit.dll,AE_8Bit.dll,AE_Float.dll	
Z Layer                           	4	AE_16Bit.dll,AE_8Bit.dll,AE_Float.dll,BCCPlus.dll	Normal|In-Focus Zone|Z Map | Alpha|Red|Green|Blue|Lumin
Z Map                             	4	AE_16Bit.dll,AE_8Bit.dll,AE_Float.dll,BCCPlus.dll	
A & B                             	3	AE_16Bit.dll,AE_8Bit.dll,AE_Float.dll	No output generated%s | A, B, & C | A | B & C | A & C
A & C                             	3	AE_16Bit.dll,AE_8Bit.dll,AE_Float.dll	No output generated%s | A, B, & C | A | B & C
A Color                           	3	AE_16Bit.dll,AE_8Bit.dll,AE_Float.dll	BCC Film Glow Dissolve
A Color Offset                    	3	AE_16Bit.dll,AE_8Bit.dll,AE_Float.dll	
A Height                          	3	AE_16Bit.dll,AE_8Bit.dll,AE_Float.dll	BCC Wave Dissolve
A Keyframe already exists at this point.	3	AE_16Bit.dll,AE_8Bit.dll,AE_Float.dll	
A8B91                             	3	BCCPlus.dll	a5B91
AE 3D Layer Bounded               	3	AE_16Bit.dll,AE_8Bit.dll,AE_Float.dll	Light3 Pos XY | Infinite Plane | Bounded Plane | Plane with Alpha | AE 3D Layer Infinite
AE 3D Layer Infinite              	3	AE_16Bit.dll,AE_8Bit.dll,AE_Float.dll	Light2 Pos XY | Light3 Pos XY | Infinite Plane | Bounded Plane | Plane with Alpha
AE 3D Layer with Alpha            	3	AE_16Bit.dll,AE_8Bit.dll,AE_Float.dll	Bounded Plane | Plane with Alpha | AE 3D Layer Infinite | AE 3D Layer Bounded
AEGP Item Suite                   	3	AE_16Bit.dll,AE_8Bit.dll,AE_Float.dll	Bfx Error Code: %i | AEGP Layer Suite | AEGP Comp Suite
Acceleration                      	3	AE_16Bit.dll,AE_8Bit.dll,AE_Float.dll	
Accuracy Tuning                   	3	AE_16Bit.dll,AE_8Bit.dll,AE_Float.dll	Better Downsampling | Motion Complexity | Image Detail | Fast|Medium|High|Highest
Add Color Iterations              	3	AE_16Bit.dll,AE_8Bit.dll,AE_Float.dll	Softness Mode | Equal Stretch|Inv Distance | Add Color Mode
Add Color Mode                    	3	AE_16Bit.dll,AE_8Bit.dll,AE_Float.dll	Use Minimum|Use Initial|Us | Softness Mode | Equal Stretch|Inv Distance
AdjustWindowRectEx                	3	AE_16Bit.dll,AE_8Bit.dll,AE_Float.dll	? | CheckMenuItem
Adobe                             	3	AE_16Bit.dll,AE_8Bit.dll,AE_Float.dll	Licensed |  Unit(s) Licensed | Unlicensed | 2026 for
Advance                           	3	AE_16Bit.dll,AE_8Bit.dll,AE_Float.dll	Point To Target | Point To Object | Camera Preset: | Target XYZ | Object
Advanced Controls                 	3	AE_16Bit.dll,AE_8Bit.dll,AE_Float.dll	
Advanced Gradient Controls        	3	AE_16Bit.dll,AE_8Bit.dll,AE_Float.dll	
Affect Fluids                     	3	AE_16Bit.dll,AE_8Bit.dll,AE_Float.dll	Emit From | Threshold Angle | Use Inertia | Z Radius
Affected By Fluids                	3	AE_16Bit.dll,AE_8Bit.dll,AE_Float.dll	Threshold Angle | Use Inertia | Z Radius | Affect Fluids
Affected by Fluids                	3	AE_16Bit.dll,AE_8Bit.dll,AE_Float.dll	Bounce | Position Turbulence | Size Turbulence
Affects                           	3	AE_16Bit.dll,AE_8Bit.dll,AE_Float.dll	Amount & Percentage|Noise
After Camera Rotate               	3	AE_16Bit.dll,AE_8Bit.dll,AE_Float.dll	Ignore Camera
Align Angle                       	3	AE_16Bit.dll,AE_8Bit.dll,AE_Float.dll	Behavior | Single Particle | Attached to Emitter | Attach Amount | Particle Angle
Align to Motion                   	3	AE_16Bit.dll,AE_8Bit.dll,AE_Float.dll	New Particle Type | Size X Variation | Size X Over Life
All Tracker Data Reset            	3	AE_16Bit.dll,AE_8Bit.dll,AE_Float.dll	
AllocateAndInitializeSid          	3	BCCPlus.dll,Common	<hasp_info>
Alpha From Channel                	3	AE_16Bit.dll,AE_8Bit.dll,AE_Float.dll	BCC3Make Alpha Key | Alpha Source Layer
Alpha From Edges                  	3	AE_16Bit.dll,AE_8Bit.dll,AE_Float.dll	
Alpha Over Life                   	3	AE_16Bit.dll,AE_8Bit.dll,AE_Float.dll	Update Color From Layer | Colors / Alpha | Link to Color | Alpha from layer
Alpha Source Layer                	3	AE_16Bit.dll,AE_8Bit.dll,AE_Float.dll	BCC3Make Alpha Key
Alpha from layer                  	3	AE_16Bit.dll,AE_8Bit.dll,AE_Float.dll	Number of each color | Update Color From Layer | Colors / Alpha | Link to Color
Alt Back                          	3	AE_16Bit.dll,AE_8Bit.dll,AE_Float.dll	Position  | Alt Front | Around|One Way Repeat|Back
Alt Front                         	3	AE_16Bit.dll,AE_8Bit.dll,AE_Float.dll	BCC3Sphere | Position
Alternate BG Layer                	3	AE_16Bit.dll,AE_8Bit.dll,AE_Float.dll	Background Setup | None|Source|Alternate BG S
Alternate Back                    	3	AE_16Bit.dll,AE_8Bit.dll,AE_Float.dll	Around|One Way Repeat|Back | Front|Back|Both
Alternate FG Layer                	3	AE_16Bit.dll,AE_8Bit.dll,AE_Float.dll	Foreground Setup
Alternate Face 1                  	3	AE_16Bit.dll,AE_8Bit.dll,AE_Float.dll	
Alternate Face 2                  	3	AE_16Bit.dll,AE_8Bit.dll,AE_Float.dll	Alternate Face 1
Alternate Face 3                  	3	AE_16Bit.dll,AE_8Bit.dll,AE_Float.dll	Alternate Face 1 | Alternate Face 2
Alternate Face 4                  	3	AE_16Bit.dll,AE_8Bit.dll,AE_Float.dll	Alternate Face 1 | Alternate Face 2 | Alternate Face 3
Alternate Face 5                  	3	AE_16Bit.dll,AE_8Bit.dll,AE_Float.dll	Alternate Face 1 | Alternate Face 2 | Alternate Face 3 | Alternate Face 4
Alternate Front Faces             	3	AE_16Bit.dll,AE_8Bit.dll,AE_Float.dll	
An unspecified error has occurred.	3	AE_16Bit.dll,AE_8Bit.dll,AE_Float.dll	The effect you orignally s
Analyze                           	3	AE_16Bit.dll,AE_8Bit.dll,AE_Float.dll	Off|Progressive Media in I | Color|Transparent|Repeat|R
Anchor Pan                        	3	AE_16Bit.dll,AE_8Bit.dll,AE_Float.dll	
Animation Tuning Graph            	3	AE_16Bit.dll,AE_8Bit.dll,AE_Float.dll	
Appearance                        	3	AE_16Bit.dll,AE_8Bit.dll,AE_Float.dll	
AppendMenuA                       	3	AE_16Bit.dll,AE_8Bit.dll,AE_Float.dll	DestroyMenu | EnableMenuItem
Apply 1                           	3	AE_16Bit.dll,AE_8Bit.dll,AE_Float.dll	Light Strobe 3 | Source Tracker
Apply Damage To                   	3	AE_16Bit.dll,AE_8Bit.dll,AE_Float.dll	None|Always Light|Always D | Flicker Bias
Apply Floor Rippling              	3	AE_16Bit.dll,AE_8Bit.dll,AE_Float.dll	Floor Color Mix | Floor Fade Start | Floor Fade Length
Apply Mode Spill                  	3	AE_16Bit.dll,AE_8Bit.dll,AE_Float.dll	Wrap Source Spill | Softness Spill | Wrap Color Spill | Lightness Spill
Apply PixelChooser Legacy         	3	AE_16Bit.dll,AE_8Bit.dll,AE_Float.dll	Amount|Threshold|Amount &
Apply Reflect Rippling            	3	AE_16Bit.dll,AE_8Bit.dll,AE_Float.dll	Under Color Mix | Under Surface Color | Under Fade Start | Under Fade Length
Apply Tracking to                 	3	AE_16Bit.dll,AE_8Bit.dll,AE_Float.dll	Move Over Background|Move  | MM Foreground | MM Background
Apply Tracking to Legacy          	3	AE_16Bit.dll,AE_8Bit.dll,AE_Float.dll	Move Over Background|Move  | MM Foreground | MM Background | Apply Tracking to
Apply Twirl To                    	3	AE_16Bit.dll,AE_8Bit.dll,AE_Float.dll	BCC Rays Dissolve
Area                              	3	AE_16Bit.dll,AE_8Bit.dll,AE_Float.dll	Force | Box | Sphere | Direction X | Direction Y | Direction Z
Area Offset                       	3	AE_16Bit.dll,AE_8Bit.dll,AE_Float.dll	
Area Spline                       	3	AE_16Bit.dll,AE_8Bit.dll,AE_Float.dll	None|Translation|+ Rotatio | Oval|Rectangle|Spline
Array                             	3	AE_16Bit.dll,AE_8Bit.dll,AE_Float.dll	
Attach Amount                     	3	AE_16Bit.dll,AE_8Bit.dll,AE_Float.dll	Size X Over Life | Align to Motion | Behavior | Single Particle | Attached to Emitter
Attached to Emitter               	3	AE_16Bit.dll,AE_8Bit.dll,AE_Float.dll	Size X Variation | Size X Over Life | Align to Motion | Behavior | Single Particle
Attractors                        	3	AE_16Bit.dll,AE_8Bit.dll,AE_Float.dll	Ignore Camera | After Camera Rotate
Audio Apply Options               	3	AE_16Bit.dll,AE_8Bit.dll,AE_Float.dll	Animation Tuning | Unused|Wipe Amount | Apply Parameter
Auto Evolve X                     	3	AE_16Bit.dll,AE_8Bit.dll,AE_Float.dll	Calculation | Direction Turbulence | Octave Freq Scale (%) | Octave Amp Scale (%)
Auto Evolve Y                     	3	AE_16Bit.dll,AE_8Bit.dll,AE_Float.dll	Direction Turbulence | Octave Freq Scale (%) | Octave Amp Scale (%) | Auto Evolve X
Auto Evolve Z                     	3	AE_16Bit.dll,AE_8Bit.dll,AE_Float.dll	Octave Freq Scale (%) | Octave Amp Scale (%) | Auto Evolve X | Auto Evolve Y
Auto-Fill                         	3	AE_16Bit.dll,AE_8Bit.dll,AE_Float.dll	
Auto-scale Interactor             	3	AE_16Bit.dll,AE_8Bit.dll,AE_Float.dll	Point|Parallel
Automate Progress                 	3	AE_16Bit.dll,AE_8Bit.dll,AE_Float.dll	Movement
B & C                             	3	AE_16Bit.dll,AE_8Bit.dll,AE_Float.dll	No output generated%s | A, B, & C | A
B Color                           	3	AE_16Bit.dll,AE_8Bit.dll,AE_Float.dll	BCC Film Glow Dissolve | A Color
B Color Offset                    	3	AE_16Bit.dll,AE_8Bit.dll,AE_Float.dll	A Color Offset
B Height                          	3	AE_16Bit.dll,AE_8Bit.dll,AE_Float.dll	BCC Wave Dissolve | A Height
BCC Alpha Pixel Noise             	3	AE_16Bit.dll,AE_8Bit.dll,AE_Float.dll	
BCC Alpha Spotlight               	3	AE_16Bit.dll,AE_8Bit.dll,AE_Float.dll	
BCC Beauty Studio                 	3	AE_16Bit.dll,AE_8Bit.dll,AE_Float.dll	
BCC Blur Dissolve                 	3	AE_16Bit.dll,AE_8Bit.dll,AE_Float.dll	
BCC Card Array                    	3	AE_16Bit.dll,AE_8Bit.dll,AE_Float.dll	0
BCC Cloth                         	3	AE_16Bit.dll,AE_8Bit.dll,AE_Float.dll	
BCC Clouds                        	3	AE_16Bit.dll,AE_8Bit.dll,AE_Float.dll	
BCC Color Palette                 	3	AE_16Bit.dll,AE_8Bit.dll,AE_Float.dll	
BCC Comet                         	3	AE_16Bit.dll,AE_8Bit.dll,AE_Float.dll	
BCC Composite Tester              	3	AE_16Bit.dll,AE_8Bit.dll,AE_Float.dll	
BCC Corner Pin                    	3	AE_16Bit.dll,AE_8Bit.dll,AE_Float.dll	
BCC Cross Glitch OBSOLETE         	3	AE_16Bit.dll,AE_8Bit.dll,AE_Float.dll	
BCC Cross Zoom                    	3	AE_16Bit.dll,AE_8Bit.dll,AE_Float.dll	
BCC DV Fixer                      	3	AE_16Bit.dll,AE_8Bit.dll,AE_Float.dll	
BCC DVE                           	3	AE_16Bit.dll,AE_8Bit.dll,AE_Float.dll	( | 4
BCC DVE Basic                     	3	AE_16Bit.dll,AE_8Bit.dll,AE_Float.dll	@ | L
BCC Directional Blur              	3	AE_16Bit.dll,AE_8Bit.dll,AE_Float.dll	
BCC Edge Cleaner                  	3	AE_16Bit.dll,AE_8Bit.dll,AE_Float.dll	
BCC FX Browser -                  	3	AE_16Bit.dll,AE_8Bit.dll,AE_Float.dll	default | MediaCore Transmit Invocat | http://www.borisfx.com/sto
BCC Fast Film Glow                	3	AE_16Bit.dll,AE_8Bit.dll,AE_Float.dll	
BCC Fast Film Glow Dissolve       	3	AE_16Bit.dll,AE_8Bit.dll,AE_Float.dll	
BCC Fast Film Process             	3	AE_16Bit.dll,AE_8Bit.dll,AE_Float.dll	
BCC Fast Lens Blur                	3	AE_16Bit.dll,AE_8Bit.dll,AE_Float.dll	
BCC Film Glow                     	3	AE_16Bit.dll,AE_8Bit.dll,AE_Float.dll	
BCC Film Glow Dissolve            	3	AE_16Bit.dll,AE_8Bit.dll,AE_Float.dll	
BCC Film Glow Fast                	3	AE_16Bit.dll,AE_8Bit.dll,AE_Float.dll	BCC Fast Film Glow
BCC Fire                          	3	AE_16Bit.dll,AE_8Bit.dll,AE_Float.dll	
BCC Flutter Cut                   	3	AE_16Bit.dll,AE_8Bit.dll,AE_Float.dll	
BCC Fractal Noise                 	3	AE_16Bit.dll,AE_8Bit.dll,AE_Float.dll	
BCC Gaussian Blur                 	3	AE_16Bit.dll,AE_8Bit.dll,AE_Float.dll	
BCC Glare                         	3	AE_16Bit.dll,AE_8Bit.dll,AE_Float.dll	
BCC Glint                         	3	AE_16Bit.dll,AE_8Bit.dll,AE_Float.dll	
BCC Glitter                       	3	AE_16Bit.dll,AE_8Bit.dll,AE_Float.dll	
BCC Granite                       	3	AE_16Bit.dll,AE_8Bit.dll,AE_Float.dll	
BCC LED                           	3	AE_16Bit.dll,AE_8Bit.dll,AE_Float.dll	
BCC Lens Blur                     	3	AE_16Bit.dll,AE_8Bit.dll,AE_Float.dll	
BCC Lens Transition               	3	AE_16Bit.dll,AE_8Bit.dll,AE_Float.dll	
BCC Light Leaks                   	3	AE_16Bit.dll,AE_8Bit.dll,AE_Float.dll	
BCC Light Leaks Dissolve          	3	AE_16Bit.dll,AE_8Bit.dll,AE_Float.dll	
BCC Light Rays                    	3	AE_16Bit.dll,AE_8Bit.dll,AE_Float.dll	
BCC Linear Color Key              	3	AE_16Bit.dll,AE_8Bit.dll,AE_Float.dll	
BCC Linear Luma Key               	3	AE_16Bit.dll,AE_8Bit.dll,AE_Float.dll	
BCC Linear Wipe                   	3	AE_16Bit.dll,AE_8Bit.dll,AE_Float.dll	
BCC Magic Sharp                   	3	AE_16Bit.dll,AE_8Bit.dll,AE_Float.dll	
BCC Mosaic                        	3	AE_16Bit.dll,AE_8Bit.dll,AE_Float.dll	
BCC Motion Key                    	3	AE_16Bit.dll,AE_8Bit.dll,AE_Float.dll	
BCC Noise Map                     	3	AE_16Bit.dll,AE_8Bit.dll,AE_Float.dll	
BCC Noise Reduction               	3	AE_16Bit.dll,AE_8Bit.dll,AE_Float.dll	
BCC Optical Flow                  	3	AE_16Bit.dll,AE_8Bit.dll,AE_Float.dll	
BCC PI Dissolve                   	3	AE_16Bit.dll,AE_8Bit.dll,AE_Float.dll	
BCC Particle Systems              	3	AE_16Bit.dll,AE_8Bit.dll,AE_Float.dll	
BCC Presets                       	3	AE_16Bit.dll,AE_8Bit.dll,AE_Float.dll	
BCC Prism                         	3	AE_16Bit.dll,AE_8Bit.dll,AE_Float.dll	
BCC Pyramid Blur                  	3	AE_16Bit.dll,AE_8Bit.dll,AE_Float.dll	
BCC RGB Blur Dissolve             	3	AE_16Bit.dll,AE_8Bit.dll,AE_Float.dll	
BCC RGB Dspl Dissolve             	3	AE_16Bit.dll,AE_8Bit.dll,AE_Float.dll	
BCC Radial Wipe                   	3	AE_16Bit.dll,AE_8Bit.dll,AE_Float.dll	
BCC Rays                          	3	AE_16Bit.dll,AE_8Bit.dll,AE_Float.dll	
BCC Rays Cartoon                  	3	AE_16Bit.dll,AE_8Bit.dll,AE_Float.dll	BCC Rays_Cartoon
BCC Rays Dissolve                 	3	AE_16Bit.dll,AE_8Bit.dll,AE_Float.dll	
BCC Rays Ring                     	3	AE_16Bit.dll,AE_8Bit.dll,AE_Float.dll	BCC Rays_Ring
BCC Rays Ripply                   	3	AE_16Bit.dll,AE_8Bit.dll,AE_Float.dll	BCC Rays_Ripply
BCC Rays Streaky                  	3	AE_16Bit.dll,AE_8Bit.dll,AE_Float.dll	BCC Rays_Streaky
BCC Rays Textured                 	3	AE_16Bit.dll,AE_8Bit.dll,AE_Float.dll	BCC Rays_Textured
BCC Rays Wedge                    	3	AE_16Bit.dll,AE_8Bit.dll,AE_Float.dll	BCC Rays_Wedge
BCC Rectangular Wipe              	3	AE_16Bit.dll,AE_8Bit.dll,AE_Float.dll	
BCC Reptilian                     	3	AE_16Bit.dll,AE_8Bit.dll,AE_Float.dll	
BCC Rough Glow                    	3	AE_16Bit.dll,AE_8Bit.dll,AE_Float.dll	
BCC Scanline                      	3	AE_16Bit.dll,AE_8Bit.dll,AE_Float.dll	
BCC Sequencer                     	3	AE_16Bit.dll,AE_8Bit.dll,AE_Float.dll	
BCC Sparks                        	3	AE_16Bit.dll,AE_8Bit.dll,AE_Float.dll	
BCC Spill Remover                 	3	AE_16Bit.dll,AE_8Bit.dll,AE_Float.dll	
BCC Spin Blur Dissolve            	3	AE_16Bit.dll,AE_8Bit.dll,AE_Float.dll	
BCC Stars                         	3	AE_16Bit.dll,AE_8Bit.dll,AE_Float.dll	
BCC Swish Pan                     	3	AE_16Bit.dll,AE_8Bit.dll,AE_Float.dll	
BCC Textured Wipe                 	3	AE_16Bit.dll,AE_8Bit.dll,AE_Float.dll	
BCC Two Way Key                   	3	AE_16Bit.dll,AE_8Bit.dll,AE_Float.dll	
BCC UpRez                         	3	AE_16Bit.dll,AE_8Bit.dll,AE_Float.dll	
BCC Veined Marble                 	3	AE_16Bit.dll,AE_8Bit.dll,AE_Float.dll	
BCC Velocity Remap                	3	AE_16Bit.dll,AE_8Bit.dll,AE_Float.dll	
BCC Video Glitch                  	3	AE_16Bit.dll,AE_8Bit.dll,AE_Float.dll	
BCC Vignette                      	3	AE_16Bit.dll,AE_8Bit.dll,AE_Float.dll	
BCC Vignette Wipe                 	3	AE_16Bit.dll,AE_8Bit.dll,AE_Float.dll	
BCC Wave Dissolve                 	3	AE_16Bit.dll,AE_8Bit.dll,AE_Float.dll	
BCC Weave                         	3	AE_16Bit.dll,AE_8Bit.dll,AE_Float.dll	
BCC Wipes and Patterns            	3	AE_16Bit.dll,AE_8Bit.dll,AE_Float.dll	
BCC Witness Protection            	3	AE_16Bit.dll,AE_8Bit.dll,AE_Float.dll	BCC WitnessProtection
BCC WitnessProtection             	3	AE_16Bit.dll,AE_8Bit.dll,AE_Float.dll	
BCC Wood Grain                    	3	AE_16Bit.dll,AE_8Bit.dll,AE_Float.dll	
BCC Wood Planks                   	3	AE_16Bit.dll,AE_8Bit.dll,AE_Float.dll	
BCC Wooden Planks                 	3	AE_16Bit.dll,AE_8Bit.dll,AE_Float.dll	BCC Wood Planks | BCC3Wooden Planks
BCC Z Space I                     	3	AE_16Bit.dll,AE_8Bit.dll,AE_Float.dll	
BCC Z Space II                    	3	AE_16Bit.dll,AE_8Bit.dll,AE_Float.dll	
BCC Z Space III                   	3	AE_16Bit.dll,AE_8Bit.dll,AE_Float.dll	
BCC33D Image Shatter              	3	AE_16Bit.dll,AE_8Bit.dll,AE_Float.dll	, | 7 | 8 | H | J | K
BCC3Alpha Pixel Noise             	3	AE_16Bit.dll,AE_8Bit.dll,AE_Float.dll	BCC Alpha Pixel Noise
BCC3Alpha Process                 	3	AE_16Bit.dll,AE_8Bit.dll,AE_Float.dll	
BCC3Alpha Spotlight               	3	AE_16Bit.dll,AE_8Bit.dll,AE_Float.dll	BCC Alpha Spotlight
BCC3Artists Poster                	3	AE_16Bit.dll,AE_8Bit.dll,AE_Float.dll	
BCC3Blur                          	3	AE_16Bit.dll,AE_8Bit.dll,AE_Float.dll	BCC Blur (Obsolete)
BCC3Boost Blend                   	3	AE_16Bit.dll,AE_8Bit.dll,AE_Float.dll	
BCC3Brick                         	3	AE_16Bit.dll,AE_8Bit.dll,AE_Float.dll	BCC Brick
BCC3Brightness-Contrast           	3	AE_16Bit.dll,AE_8Bit.dll,AE_Float.dll	
BCC3Bulge                         	3	AE_16Bit.dll,AE_8Bit.dll,AE_Float.dll	
BCC3Bump Map                      	3	AE_16Bit.dll,AE_8Bit.dll,AE_Float.dll	
BCC3Burnt Film                    	3	AE_16Bit.dll,AE_8Bit.dll,AE_Float.dll	
BCC3Cartooner                     	3	AE_16Bit.dll,AE_8Bit.dll,AE_Float.dll	
BCC3Caustics                      	3	AE_16Bit.dll,AE_8Bit.dll,AE_Float.dll	
BCC3Chroma Key                    	3	AE_16Bit.dll,AE_8Bit.dll,AE_Float.dll	
BCC3Cloth                         	3	AE_16Bit.dll,AE_8Bit.dll,AE_Float.dll	BCC Cloth
BCC3Color Balance                 	3	AE_16Bit.dll,AE_8Bit.dll,AE_Float.dll	
BCC3Color Correction              	3	AE_16Bit.dll,AE_8Bit.dll,AE_Float.dll	
BCC3Color Match                   	3	AE_16Bit.dll,AE_8Bit.dll,AE_Float.dll	
BCC3Color Palette                 	3	AE_16Bit.dll,AE_8Bit.dll,AE_Float.dll	| ! | "
BCC3Colorize                      	3	AE_16Bit.dll,AE_8Bit.dll,AE_Float.dll	
BCC3Colorize Glow                 	3	AE_16Bit.dll,AE_8Bit.dll,AE_Float.dll	
BCC3Comet                         	3	AE_16Bit.dll,AE_8Bit.dll,AE_Float.dll	Start on Frame | (use best available algori
BCC3Composite                     	3	AE_16Bit.dll,AE_8Bit.dll,AE_Float.dll	
BCC3Composite Choker              	3	AE_16Bit.dll,AE_8Bit.dll,AE_Float.dll	
BCC3CornerPin                     	3	AE_16Bit.dll,AE_8Bit.dll,AE_Float.dll	
BCC3Correct Selected Color        	3	AE_16Bit.dll,AE_8Bit.dll,AE_Float.dll	
BCC3Criss-Cross Wipe              	3	AE_16Bit.dll,AE_8Bit.dll,AE_Float.dll	
BCC3Cube                          	3	AE_16Bit.dll,AE_8Bit.dll,AE_Float.dll	
BCC3Cylinder                      	3	AE_16Bit.dll,AE_8Bit.dll,AE_Float.dll	) | *
BCC3DVE                           	3	AE_16Bit.dll,AE_8Bit.dll,AE_Float.dll	
BCC3DeGrain                       	3	AE_16Bit.dll,AE_8Bit.dll,AE_Float.dll	
BCC3DeNoise                       	3	AE_16Bit.dll,AE_8Bit.dll,AE_Float.dll	
BCC3Deinterlace                   	3	AE_16Bit.dll,AE_8Bit.dll,AE_Float.dll	
BCC3Directional Blur              	3	AE_16Bit.dll,AE_8Bit.dll,AE_Float.dll	BCC Directional Blur
BCC3Displacement Map              	3	AE_16Bit.dll,AE_8Bit.dll,AE_Float.dll	
BCC3Drop Shadow                   	3	AE_16Bit.dll,AE_8Bit.dll,AE_Float.dll	Transparency|Opacity|Both
BCC3Dust and Scratches            	3	AE_16Bit.dll,AE_8Bit.dll,AE_Float.dll	
BCC3Edge Lighting                 	3	AE_16Bit.dll,AE_8Bit.dll,AE_Float.dll	
BCC3Emboss                        	3	AE_16Bit.dll,AE_8Bit.dll,AE_Float.dll	
BCC3Film Damage                   	3	AE_16Bit.dll,AE_8Bit.dll,AE_Float.dll	BCC Film Damage
BCC3Film Grain                    	3	AE_16Bit.dll,AE_8Bit.dll,AE_Float.dll	BCC Film Grain
BCC3Film Process                  	3	AE_16Bit.dll,AE_8Bit.dll,AE_Float.dll	
BCC3Fire                          	3	AE_16Bit.dll,AE_8Bit.dll,AE_Float.dll	BCC Fire
BCC3Flicker Fixer                 	3	AE_16Bit.dll,AE_8Bit.dll,AE_Float.dll	
BCC3Fractal Noise                 	3	AE_16Bit.dll,AE_8Bit.dll,AE_Float.dll	BCC Fractal Noise
BCC3Gaussian Blur                 	3	AE_16Bit.dll,AE_8Bit.dll,AE_Float.dll	BCC Gaussian Blur
BCC3Glare                         	3	AE_16Bit.dll,AE_8Bit.dll,AE_Float.dll	BCC Glare
BCC3Glint                         	3	AE_16Bit.dll,AE_8Bit.dll,AE_Float.dll	BCC Glint
BCC3Glitter                       	3	AE_16Bit.dll,AE_8Bit.dll,AE_Float.dll	BCC Glitter
BCC3Glow                          	3	AE_16Bit.dll,AE_8Bit.dll,AE_Float.dll	
BCC3Glow Alpha Edges              	3	AE_16Bit.dll,AE_8Bit.dll,AE_Float.dll	
BCC3Glow Matte                    	3	AE_16Bit.dll,AE_8Bit.dll,AE_Float.dll	BCC Glow Matte
BCC3Granite                       	3	AE_16Bit.dll,AE_8Bit.dll,AE_Float.dll	BCC Granite
BCC3Hue-Sat-Lightness             	3	AE_16Bit.dll,AE_8Bit.dll,AE_Float.dll	
BCC3Invert Solarize               	3	AE_16Bit.dll,AE_8Bit.dll,AE_Float.dll	
BCC3Jitter                        	3	AE_16Bit.dll,AE_8Bit.dll,AE_Float.dll	% | 2 | ? | ' | 4 | A
BCC3Jitter Basic                  	3	AE_16Bit.dll,AE_8Bit.dll,AE_Float.dll	
BCC3Lens Flare                    	3	AE_16Bit.dll,AE_8Bit.dll,AE_Float.dll	
BCC3Lens Flare 3D                 	3	AE_16Bit.dll,AE_8Bit.dll,AE_Float.dll	
BCC3Lens Flare Adv                	3	AE_16Bit.dll,AE_8Bit.dll,AE_Float.dll	
BCC3Levels Gamma                  	3	AE_16Bit.dll,AE_8Bit.dll,AE_Float.dll	
BCC3Light Matte                   	3	AE_16Bit.dll,AE_8Bit.dll,AE_Float.dll	BCC Light Matte
BCC3Light Sweep                   	3	AE_16Bit.dll,AE_8Bit.dll,AE_Float.dll	
BCC3Light Wrap                    	3	AE_16Bit.dll,AE_8Bit.dll,AE_Float.dll	BCC Light Wrap
BCC3Light Zoom                    	3	AE_16Bit.dll,AE_8Bit.dll,AE_Float.dll	BCC Light Zoom
BCC3Lightning                     	3	AE_16Bit.dll,AE_8Bit.dll,AE_Float.dll	
BCC3Linear Color Key              	3	AE_16Bit.dll,AE_8Bit.dll,AE_Float.dll	BCC Linear Color Key
BCC3Linear Luma Key               	3	AE_16Bit.dll,AE_8Bit.dll,AE_Float.dll	BCC Linear Luma Key
BCC3Linear Wipe                   	3	AE_16Bit.dll,AE_8Bit.dll,AE_Float.dll	BCC Linear Wipe
BCC3Looper                        	3	AE_16Bit.dll,AE_8Bit.dll,AE_Float.dll	BCC Edge Cleaner
BCC3Make Alpha Key                	3	AE_16Bit.dll,AE_8Bit.dll,AE_Float.dll	
BCC3Match Grain                   	3	AE_16Bit.dll,AE_8Bit.dll,AE_Float.dll	
BCC3MatchMove                     	3	AE_16Bit.dll,AE_8Bit.dll,AE_Float.dll	
BCC3Matte Choker                  	3	AE_16Bit.dll,AE_8Bit.dll,AE_Float.dll	
BCC3Matte Cleanup                 	3	AE_16Bit.dll,AE_8Bit.dll,AE_Float.dll	
BCC3Median                        	3	AE_16Bit.dll,AE_8Bit.dll,AE_Float.dll	
BCC3Misalignment                  	3	AE_16Bit.dll,AE_8Bit.dll,AE_Float.dll	
BCC3Mixed Colors                  	3	AE_16Bit.dll,AE_8Bit.dll,AE_Float.dll	
BCC3Motion Blur                   	3	AE_16Bit.dll,AE_8Bit.dll,AE_Float.dll	BCC Motion Blur
BCC3MotionKey                     	3	AE_16Bit.dll,AE_8Bit.dll,AE_Float.dll	BCC Motion Key
BCC3Multi Shadow                  	3	AE_16Bit.dll,AE_8Bit.dll,AE_Float.dll	
BCC3Multi Stretch Wipe            	3	AE_16Bit.dll,AE_8Bit.dll,AE_Float.dll	
BCC3Multi Stripe Wipe             	3	AE_16Bit.dll,AE_8Bit.dll,AE_Float.dll	
BCC3MultiTone Mix                 	3	AE_16Bit.dll,AE_8Bit.dll,AE_Float.dll	
BCC3Noise Map                     	3	AE_16Bit.dll,AE_8Bit.dll,AE_Float.dll	BCC3Mixed Colors
BCC3Optical Flow                  	3	AE_16Bit.dll,AE_8Bit.dll,AE_Float.dll	BCC Optical Flow
BCC3Page Turn                     	3	AE_16Bit.dll,AE_8Bit.dll,AE_Float.dll	
BCC3Particle System               	3	AE_16Bit.dll,AE_8Bit.dll,AE_Float.dll	
BCC3Pixel Chooser                 	3	AE_16Bit.dll,AE_8Bit.dll,AE_Float.dll	
BCC3Posterize                     	3	AE_16Bit.dll,AE_8Bit.dll,AE_Float.dll	
BCC3Posterize Time                	3	AE_16Bit.dll,AE_8Bit.dll,AE_Float.dll	
BCC3Pyramid Blur                  	3	AE_16Bit.dll,AE_8Bit.dll,AE_Float.dll	BCC Pyramid Blur
BCC3RGB Blend                     	3	AE_16Bit.dll,AE_8Bit.dll,AE_Float.dll	
BCC3RGB Edges                     	3	AE_16Bit.dll,AE_8Bit.dll,AE_Float.dll	
BCC3Radial Blur                   	3	AE_16Bit.dll,AE_8Bit.dll,AE_Float.dll	BCC Radial Blur
BCC3Radial Wipe                   	3	AE_16Bit.dll,AE_8Bit.dll,AE_Float.dll	BCC Radial Wipe
BCC3Rain                          	3	AE_16Bit.dll,AE_8Bit.dll,AE_Float.dll	
BCC3Rays                          	3	AE_16Bit.dll,AE_8Bit.dll,AE_Float.dll	BCC Rays
BCC3Rays Cartoon                  	3	AE_16Bit.dll,AE_8Bit.dll,AE_Float.dll	BCC Rays_Cartoon | BCC Rays Cartoon
BCC3Rays Puffy                    	3	AE_16Bit.dll,AE_8Bit.dll,AE_Float.dll	
BCC3Rays Radiant Edges            	3	AE_16Bit.dll,AE_8Bit.dll,AE_Float.dll	
BCC3Rays Radiant Spotlight        	3	AE_16Bit.dll,AE_8Bit.dll,AE_Float.dll	BCC Rays_Radiant Spotlight | Spot Source | Spot Target
BCC3Rays Ring                     	3	AE_16Bit.dll,AE_8Bit.dll,AE_Float.dll	BCC Rays_Ring | BCC Rays Ring
BCC3Rays Ripply                   	3	AE_16Bit.dll,AE_8Bit.dll,AE_Float.dll	BCC Rays_Ripply | BCC Rays Ripply
BCC3Rays Streaky                  	3	AE_16Bit.dll,AE_8Bit.dll,AE_Float.dll	BCC Rays_Streaky | BCC Rays Streaky
BCC3Rays Textured                 	3	AE_16Bit.dll,AE_8Bit.dll,AE_Float.dll	BCC Rays_Textured | BCC Rays Textured
BCC3Rays Wedge                    	3	AE_16Bit.dll,AE_8Bit.dll,AE_Float.dll	BCC Rays_Wedge | BCC Rays Wedge
BCC3Rectangular Wipe              	3	AE_16Bit.dll,AE_8Bit.dll,AE_Float.dll	BCC Rectangular Wipe
BCC3Reptilian                     	3	AE_16Bit.dll,AE_8Bit.dll,AE_Float.dll	BCC Reptilian
BCC3Reverse Spotlight             	3	AE_16Bit.dll,AE_8Bit.dll,AE_Float.dll	
BCC3Ripple                        	3	AE_16Bit.dll,AE_8Bit.dll,AE_Float.dll	
BCC3Rock                          	3	AE_16Bit.dll,AE_8Bit.dll,AE_Float.dll	BCC Rock
BCC3Rough Glow                    	3	AE_16Bit.dll,AE_8Bit.dll,AE_Float.dll	BCC Rough Glow
BCC3Safe Colors                   	3	AE_16Bit.dll,AE_8Bit.dll,AE_Float.dll	
BCC3Sequencer                     	3	AE_16Bit.dll,AE_8Bit.dll,AE_Float.dll	__ Trails __ | __ Trail Feedback __ | Position Offset Feedback | __ Composite __
BCC3Snow                          	3	AE_16Bit.dll,AE_8Bit.dll,AE_Float.dll	__ Chaos __ | Stick to Layer
BCC3Sparks                        	3	AE_16Bit.dll,AE_8Bit.dll,AE_Float.dll	__ Reflection __ | Reflect off Layer | __ Forces __
BCC3Sphere                        	3	AE_16Bit.dll,AE_8Bit.dll,AE_Float.dll	Unused|Position X|Position
BCC3Sphere Transition             	3	AE_16Bit.dll,AE_8Bit.dll,AE_Float.dll	| ! | " | $
BCC3Spiral Blur                   	3	AE_16Bit.dll,AE_8Bit.dll,AE_Float.dll	BCC Spiral Blur
BCC3Spotlight                     	3	AE_16Bit.dll,AE_8Bit.dll,AE_Float.dll	
BCC3Stabilizer                    	3	AE_16Bit.dll,AE_8Bit.dll,AE_Float.dll	n | a | l | y | z | e
BCC3Stage Light                   	3	AE_16Bit.dll,AE_8Bit.dll,AE_Float.dll	
BCC3Star Matte                    	3	AE_16Bit.dll,AE_8Bit.dll,AE_Float.dll	BCC Star Matte
BCC3Stars                         	3	AE_16Bit.dll,AE_8Bit.dll,AE_Float.dll	BCC3Reptilian
BCC3Steel Plate                   	3	AE_16Bit.dll,AE_8Bit.dll,AE_Float.dll	BCC Steel Plate
BCC3Super Blend                   	3	AE_16Bit.dll,AE_8Bit.dll,AE_Float.dll	BCC Super Blend
BCC3Temporal Blur                 	3	AE_16Bit.dll,AE_8Bit.dll,AE_Float.dll	
BCC3Textured Wipe                 	3	AE_16Bit.dll,AE_8Bit.dll,AE_Float.dll	BCC Textured Wipe
BCC3Time Displacement             	3	AE_16Bit.dll,AE_8Bit.dll,AE_Float.dll	Off|Channel|Contrast
BCC3Trails                        	3	AE_16Bit.dll,AE_8Bit.dll,AE_Float.dll	c | q | b | p | d | r
BCC3Trails Basic                  	3	AE_16Bit.dll,AE_8Bit.dll,AE_Float.dll	c | q | b | p | d | r
BCC3Tritone                       	3	AE_16Bit.dll,AE_8Bit.dll,AE_Float.dll	
BCC3Twirl                         	3	AE_16Bit.dll,AE_8Bit.dll,AE_Float.dll	
BCC3Two Way Key                   	3	AE_16Bit.dll,AE_8Bit.dll,AE_Float.dll	BCC Two Way Key
BCC3Ultra Glow                    	3	AE_16Bit.dll,AE_8Bit.dll,AE_Float.dll	BCC Film Glow
BCC3Unsharp Mask                  	3	AE_16Bit.dll,AE_8Bit.dll,AE_Float.dll	
BCC3Vector Displacement           	3	AE_16Bit.dll,AE_8Bit.dll,AE_Float.dll	
BCC3Veined Marble                 	3	AE_16Bit.dll,AE_8Bit.dll,AE_Float.dll	BCC Veined Marble
BCC3Velocity Remap                	3	AE_16Bit.dll,AE_8Bit.dll,AE_Float.dll	
BCC3Wave                          	3	AE_16Bit.dll,AE_8Bit.dll,AE_Float.dll	
BCC3Weave                         	3	AE_16Bit.dll,AE_8Bit.dll,AE_Float.dll	BCC Weave
BCC3Wire Remover                  	3	AE_16Bit.dll,AE_8Bit.dll,AE_Float.dll	
BCC3Wood Grain                    	3	AE_16Bit.dll,AE_8Bit.dll,AE_Float.dll	BCC Wood Grain
BCC3Wooden Planks                 	3	AE_16Bit.dll,AE_8Bit.dll,AE_Float.dll	BCC Wood Planks
BCC3Z Space I                     	3	AE_16Bit.dll,AE_8Bit.dll,AE_Float.dll	T | a | + | @ | U | b
BCC3Z Space II                    	3	AE_16Bit.dll,AE_8Bit.dll,AE_Float.dll	* | = | K | Y | g | s
BCC3Z Space III                   	3	AE_16Bit.dll,AE_8Bit.dll,AE_Float.dll	H | ` | % | 7 | I | a
BCC3Z-Blur                        	3	AE_16Bit.dll,AE_8Bit.dll,AE_Float.dll	
BCC4Damaged TV                    	3	AE_16Bit.dll,AE_8Bit.dll,AE_Float.dll	
BCC4Edge Bevel                    	3	AE_16Bit.dll,AE_8Bit.dll,AE_Float.dll	
BCC4LED                           	3	AE_16Bit.dll,AE_8Bit.dll,AE_Float.dll	BCC LED
BCC4Morph                         	3	AE_16Bit.dll,AE_8Bit.dll,AE_Float.dll	
BCC4Noise Map 2                   	3	AE_16Bit.dll,AE_8Bit.dll,AE_Float.dll	
BCC4Prism                         	3	AE_16Bit.dll,AE_8Bit.dll,AE_Float.dll	BCC Prism
BCC4Scanline                      	3	AE_16Bit.dll,AE_8Bit.dll,AE_Float.dll	BCC Scanline
BCC4Tile Mosaic                   	3	AE_16Bit.dll,AE_8Bit.dll,AE_Float.dll	
BCC4Video Morph                   	3	AE_16Bit.dll,AE_8Bit.dll,AE_Float.dll	
BCC4Warp                          	3	AE_16Bit.dll,AE_8Bit.dll,AE_Float.dll	
BCC6Cartoon2Look                  	3	AE_16Bit.dll,AE_8Bit.dll,AE_Float.dll	
BCC6Charcoal Sketch               	3	AE_16Bit.dll,AE_8Bit.dll,AE_Float.dll	
BCC6DV Fixer                      	3	AE_16Bit.dll,AE_8Bit.dll,AE_Float.dll	BCC DV Fixer
BCC6LensBlur                      	3	AE_16Bit.dll,AE_8Bit.dll,AE_Float.dll	BCC Lens Blur | @ | A | hB
BCC6LensShape                     	3	AE_16Bit.dll,AE_8Bit.dll,AE_Float.dll	
BCC6LensTransition                	3	AE_16Bit.dll,AE_8Bit.dll,AE_Float.dll	BCC Lens Transition | @ | A | hB
BCC6Noise Reduction               	3	AE_16Bit.dll,AE_8Bit.dll,AE_Float.dll	BCC Noise Reduction
BCC6Pencil Sketch                 	3	AE_16Bit.dll,AE_8Bit.dll,AE_Float.dll	
BCC6Pixel Fixer                   	3	AE_16Bit.dll,AE_8Bit.dll,AE_Float.dll	
BCC6Smooth Tone                   	3	AE_16Bit.dll,AE_8Bit.dll,AE_Float.dll	
BCC6Swish Pan                     	3	AE_16Bit.dll,AE_8Bit.dll,AE_Float.dll	BCC Swish Pan
BCC6ThreeWayCC                    	3	AE_16Bit.dll,AE_8Bit.dll,AE_Float.dll	
BCC6Videoscope                    	3	AE_16Bit.dll,AE_8Bit.dll,AE_Float.dll	
BCC6Water Color                   	3	AE_16Bit.dll,AE_8Bit.dll,AE_Float.dll	
BCC8Color Key Test                	3	AE_16Bit.dll,AE_8Bit.dll,AE_Float.dll	
BCC8Color Range Key               	3	AE_16Bit.dll,AE_8Bit.dll,AE_Float.dll	
BCC8Multi Color Key               	3	AE_16Bit.dll,AE_8Bit.dll,AE_Float.dll	
BCCCloud Wipe                     	3	AE_16Bit.dll,AE_8Bit.dll,AE_Float.dll	
BCCFXBrowser                      	3	AE_16Bit.dll,AE_8Bit.dll,AE_Float.dll	
BCCFlutter                        	3	AE_16Bit.dll,AE_8Bit.dll,AE_Float.dll	BCC Flutter Cut
BCCLightLeakDslv                  	3	AE_16Bit.dll,AE_8Bit.dll,AE_Float.dll	BCC Light Leaks Dissolve
BCCSingleThreadedRenders.txt      	3	AE_16Bit.dll,AE_8Bit.dll,AE_Float.dll	BFXD version:  | Host Mode: Adobe Render En | Host Mode: Adobe UI Mode
BCCVignette                       	3	AE_16Bit.dll,AE_8Bit.dll,AE_Float.dll	BCC Vignette
BCCVignette Wipe                  	3	AE_16Bit.dll,AE_8Bit.dll,AE_Float.dll	BCC Vignette Wipe
BCryptOpenAlgorithmProvider       	3	AE_16Bit.dll,AE_8Bit.dll,AE_Float.dll	
BFXGetSuite                       	3	3DObjects,AE_8Bit.dll,BCCPlus.dll	??_7EM_Display@@6B@ | ??_7EM_XIImage@@6B@ | AEMultifilterEntry
BFXMLWarningInitDenoise           	3	AE_16Bit.dll,AE_8Bit.dll,AE_Float.dll	BFXEnableGPU | BFXSafeLevelsDefault | BFXSafeLevelsOverride | BFXWatchFolder | BFXLogLevel
BFXMLWarningInitUpres             	3	AE_16Bit.dll,AE_8Bit.dll,AE_Float.dll	BFXSafeLevelsOverride | BFXWatchFolder | BFXLogLevel | BFXMLWarningInitDenoise
BFXTestAutomationEnvironment.test 	3	AE_16Bit.dll,AE_8Bit.dll,AE_Float.dll	BCC3Median
BORIS                             	3	AE_16Bit.dll,AE_8Bit.dll,AE_Float.dll	
BUILT-IN LIGHTS                   	3	AE_16Bit.dll,AE_8Bit.dll,AE_Float.dll	
Back Face                         	3	AE_16Bit.dll,AE_8Bit.dll,AE_Float.dll	Cards | Front Face
Background Effects                	3	AE_16Bit.dll,AE_8Bit.dll,AE_Float.dll	
Background Layer                  	3	AE_16Bit.dll,AE_8Bit.dll,AE_Float.dll	Corner 4 BL | Corner
Background Preview                	3	AE_16Bit.dll,AE_8Bit.dll,AE_Float.dll	
Background Setup                  	3	AE_16Bit.dll,AE_8Bit.dll,AE_Float.dll	
Background Transforms             	3	AE_16Bit.dll,AE_8Bit.dll,AE_Float.dll	
Background image                  	3	AE_16Bit.dll,AE_8Bit.dll,AE_Float.dll	
Bad or missing QuickTime file.    	3	AE_16Bit.dll,AE_8Bit.dll,AE_Float.dll	Bad or missing still image
Balance 1                         	3	AE_16Bit.dll,AE_8Bit.dll,AE_Float.dll	White Noise
Balance 2                         	3	AE_16Bit.dll,AE_8Bit.dll,AE_Float.dll	White Noise | Balance 1
Beat Reactor Keyframe Generation  	3	AE_16Bit.dll,AE_8Bit.dll,AE_Float.dll	
BeginPaint                        	3	AE_16Bit.dll,AE_8Bit.dll,AE_Float.dll	m | CreateMenu | n | CreatePopupMenu
BeginPath                         	3	AE_16Bit.dll,AE_8Bit.dll,AE_Float.dll	
Behavior                          	3	AE_16Bit.dll,AE_8Bit.dll,AE_Float.dll	New Particle Type | Size X Variation | Size X Over Life | Align to Motion
Best                              	3	AE_16Bit.dll,AE_8Bit.dll,AE_Float.dll	Normal|Invert|Add|Subtract | Gel-Matte Layer | None|Gel|Matte
Better Downsampling               	3	AE_16Bit.dll,AE_8Bit.dll,AE_Float.dll	Simple|Advanced | Optical Flow Method
Bias Affect Chroma                	3	AE_16Bit.dll,AE_8Bit.dll,AE_Float.dll	Master Range | Master Y Range | Master Cb Range | Master Cr Range | Dark Bias On
Bias Min Weight                   	3	AE_16Bit.dll,AE_8Bit.dll,AE_Float.dll	Exponent | Exponent Offset
Bias Offset                       	3	AE_16Bit.dll,AE_8Bit.dll,AE_Float.dll	Exponent | Exponent Offset | Bias Min Weight
Black Color                       	3	AE_16Bit.dll,AE_8Bit.dll,AE_Float.dll	Cyan Color  | Magenta Color  | Yellow Color
Black Source                      	3	AE_16Bit.dll,AE_8Bit.dll,AE_Float.dll	BCC3MultiTone Mix | Black Color|Layer 1|Layer
Blend All                         	3	AE_16Bit.dll,AE_8Bit.dll,AE_Float.dll	BCC3DVE | Crop & Blend | Round|Square
Blend Layer                       	3	AE_16Bit.dll,AE_8Bit.dll,AE_Float.dll	BCC3Boost Blend
Blue Color                        	3	AE_16Bit.dll,AE_8Bit.dll,AE_Float.dll	Colors & Angles
Blue From                         	3	AE_16Bit.dll,AE_8Bit.dll,AE_Float.dll	Red From | Green From
Blue Offset                       	3	AE_16Bit.dll,AE_8Bit.dll,AE_Float.dll	t | t | t | t | Red Offset | Green Offset
Blue-Green Density                	3	AE_16Bit.dll,AE_8Bit.dll,AE_Float.dll	Red Density | Blue-Green Intensity
Blue-Green Intensity              	3	AE_16Bit.dll,AE_8Bit.dll,AE_Float.dll	Red Density
Blur Cutoff                       	3	AE_16Bit.dll,AE_8Bit.dll,AE_Float.dll	' | Fastest|Faster|Smoother
Blur Duration                     	3	AE_16Bit.dll,AE_8Bit.dll,AE_Float.dll	9
Blur Matte PixelChooser Legacy    	3	AE_16Bit.dll,AE_8Bit.dll,AE_Float.dll	Matte Softness PixelChoose | Color PixelChooser Legacy
Blur Strength                     	3	AE_16Bit.dll,AE_8Bit.dll,AE_Float.dll	Point To Object | Camera Preset: | Target XYZ | Object | Advance | Focus Length
BlurSomePixels                    	3	AE_16Bit.dll,AE_8Bit.dll,AE_Float.dll	Mix Noise | ConvertFromRGB | ConvertToRGB | RenderSpatial | RenderSharpen
BlurStart                         	3	AE_16Bit.dll,AE_8Bit.dll,AE_Float.dll	type | colorIn | colorOut | width | height | center
BlurWidth                         	3	AE_16Bit.dll,AE_8Bit.dll,AE_Float.dll	colorIn | colorOut | width | height | center | BlurStart
Blurs                             	3	AE_16Bit.dll,AE_8Bit.dll,AE_Float.dll	
Bold                              	3	3DObjects,BCCPlus.dll	Outline | Italic | ExtraBold | Extra Bold | SemiBold | Semi Bold
Boost                             	3	AE_16Bit.dll,AE_8Bit.dll,AE_Float.dll	Master Y Range | Master Cb Range | Master Cr Range | Dark Bias On | Bias Affect Chroma
Boost Dark Pixels                 	3	AE_16Bit.dll,AE_8Bit.dll,AE_Float.dll	Line Composite | Output|Background|Lines|Un
Border & Shadow                   	3	AE_16Bit.dll,AE_8Bit.dll,AE_Float.dll	Blend All
Border 1 Layer                    	3	AE_16Bit.dll,AE_8Bit.dll,AE_Float.dll	
Border 2 Layer                    	3	AE_16Bit.dll,AE_8Bit.dll,AE_Float.dll	Generate Output A
Border 3 Layer                    	3	AE_16Bit.dll,AE_8Bit.dll,AE_Float.dll	
Borders                           	3	AE_16Bit.dll,AE_8Bit.dll,AE_Float.dll	
Boris3WitnessProtection           	3	AE_16Bit.dll,AE_8Bit.dll,AE_Float.dll	BCC WitnessProtection | BCC Witness Protection
Bot. Cap On                       	3	AE_16Bit.dll,AE_8Bit.dll,AE_Float.dll	Swirl Amount | Swirl Turbulence | Shape Selection | Top Cap On
Bottom Left                       	3	AE_16Bit.dll,AE_8Bit.dll,AE_Float.dll	+CMD/CTRL on Corner Line t | Top Left  | Top Right
Bottom Right                      	3	AE_16Bit.dll,AE_8Bit.dll,AE_Float.dll	Top Left  | Top Right  | Bottom Left
Bounce                            	3	AE_16Bit.dll,AE_8Bit.dll,AE_Float.dll	
Bounce Over Life                  	3	AE_16Bit.dll,AE_8Bit.dll,AE_Float.dll	Velocity Over Life | Weight Over Life | Spin Over Life
Bounce Variation                  	3	AE_16Bit.dll,AE_8Bit.dll,AE_Float.dll	Weight Variation | Spin Variation
Bouncing                          	3	AE_16Bit.dll,AE_8Bit.dll,AE_Float.dll	32 x 32 x 32 | 64 x 64 x 64 | Circle | Cylinder | Inside | Outside
Boundary                          	3	AE_16Bit.dll,AE_8Bit.dll,AE_Float.dll	Shape Selection | Top Cap On | Bot. Cap On | Draw Shape | Fluid Dy. Applied
Boundary Mask                     	3	AE_16Bit.dll,AE_8Bit.dll,AE_Float.dll	
Bounded Plane                     	3	AE_16Bit.dll,AE_8Bit.dll,AE_Float.dll	SYSTEM Pos XY | Light1 Pos XY | Light2 Pos XY | Light3 Pos XY | Infinite Plane
Break Particles                   	3	AE_16Bit.dll,AE_8Bit.dll,AE_Float.dll	Randomness
Break on Deflector                	3	AE_16Bit.dll,AE_8Bit.dll,AE_Float.dll	Particle Angle | Align Angle | Random Range | Use Emitter Emission
Brick                             	3	AE_16Bit.dll,AE_8Bit.dll,AE_Float.dll	Unused|Twirl Center X|Twir
Broadcast Safe                    	3	AE_16Bit.dll,AE_8Bit.dll,AE_Float.dll	Floating Footage
Built-In Light                    	3	AE_16Bit.dll,AE_8Bit.dll,AE_Float.dll	
Bump Layer                        	3	AE_16Bit.dll,AE_8Bit.dll,AE_Float.dll	None|Repeat | Bump Map
Bump Map                          	3	AE_16Bit.dll,AE_8Bit.dll,AE_Float.dll	None|Repeat
Burn Layer                        	3	AE_16Bit.dll,AE_8Bit.dll,AE_Float.dll	BCC3Burnt Film
CAlphaPoint                       	3	AE_16Bit.dll,AE_8Bit.dll,AE_Float.dll	Assert in GetParam() with  | @o@CColorPoint
CBlocker                          	3	AE_16Bit.dll,AE_8Bit.dll,AE_Float.dll	CILArchiveException
CCamera                           	3	AE_16Bit.dll,AE_8Bit.dll,AE_Float.dll	w | b | r | b
CDataKey                          	3	AE_16Bit.dll,AE_8Bit.dll,AE_Float.dll	
CDataOverLifeKey                  	3	AE_16Bit.dll,AE_8Bit.dll,AE_Float.dll	CAlphaPoint
CDeflector                        	3	AE_16Bit.dll,AE_8Bit.dll,AE_Float.dll	Enable Random Grid Turbule
CEPoint                           	3	AE_16Bit.dll,AE_8Bit.dll,AE_Float.dll	CAlphaPoint | CDataOverLifeKey
CEmParticleType                   	3	AE_16Bit.dll,AE_8Bit.dll,AE_Float.dll	Generation (particles) | Appearance (particles) | Turbulence (particles)
CEmitter                          	3	AE_16Bit.dll,AE_8Bit.dll,AE_Float.dll	Y@
CEmitterLibrary                   	3	AE_16Bit.dll,AE_8Bit.dll,AE_Float.dll	New Emitter Folder | -ObjectGroupData index:
CFluidDynamics                    	3	AE_16Bit.dll,AE_8Bit.dll,AE_Float.dll	Velocity Randomness | Size Limit | Deflector Line Points
CForce                            	3	AE_16Bit.dll,AE_8Bit.dll,AE_Float.dll	Video | Video File:
CILArchiveException               	3	AE_16Bit.dll,AE_8Bit.dll,AE_Float.dll	CTexture | error allocating bm memory | CILException
CILException                      	3	AE_16Bit.dll,AE_8Bit.dll,AE_Float.dll	CTexture | error allocating bm memory
CILObject                         	3	AE_16Bit.dll,AE_8Bit.dll,AE_Float.dll	glDeleteRenderbuffersEXT | Invalid thread count!
CKey                              	3	AE_16Bit.dll,AE_8Bit.dll,AE_Float.dll	Invalid thread count! | CILObject
CMultiTexture                     	3	AE_16Bit.dll,AE_8Bit.dll,AE_Float.dll	New Scene Group
CONCRT140.dll                     	3	AE_16Bit.dll,AE_8Bit.dll,AE_Float.dll	?_SpinOnce@?$_SpinWait@$00
Calculation                       	3	AE_16Bit.dll,AE_8Bit.dll,AE_Float.dll	Fluid Dy. Applied | Boundary
CallWindowProcA                   	3	AE_16Bit.dll,AE_8Bit.dll,AE_Float.dll	DrawStateA
Camera & Lights                   	3	AE_16Bit.dll,AE_8Bit.dll,AE_Float.dll	
Cannot track time-reversed media. 	3	AE_16Bit.dll,AE_8Bit.dll,AE_Float.dll	
Cards                             	3	AE_16Bit.dll,AE_8Bit.dll,AE_Float.dll	
Cartoon Thickness                 	3	AE_16Bit.dll,AE_8Bit.dll,AE_Float.dll	BCC Light Zoom | BCC3Light Zoom
Casts                             	3	AE_16Bit.dll,AE_8Bit.dll,AE_Float.dll	Off|Faster # 1|Faster # 2| | Shadow Elevation | Shadow Direction
Channel PixelChooser Legacy       	3	AE_16Bit.dll,AE_8Bit.dll,AE_Float.dll	Reverse Range PixelChooser
Channel Settings                  	3	AE_16Bit.dll,AE_8Bit.dll,AE_Float.dll	Range|Color 1|Color 2 | Key From | Master Tolerance
Channel Tuning                    	3	AE_16Bit.dll,AE_8Bit.dll,AE_Float.dll	Small Pass | Small Sharpen | Medium Pass | Medium Sharpen | Coarse Pass | Coarse Sharpen
Char Layer                        	3	AE_16Bit.dll,AE_8Bit.dll,AE_Float.dll	Burn Layer | Flare Layer
CheckMenuItem                     	3	AE_16Bit.dll,AE_8Bit.dll,AE_Float.dll	?
Choke Matte PixelChooser Legacy   	3	AE_16Bit.dll,AE_8Bit.dll,AE_Float.dll	Color PixelChooser Legacy | Blur Matte PixelChooser Le
Choke Mode                        	3	AE_16Bit.dll,AE_8Bit.dll,AE_Float.dll	BCC4Color Choker
Choose Layer A                    	3	AE_16Bit.dll,AE_8Bit.dll,AE_Float.dll	Layer A Type
Choose Layer B                    	3	AE_16Bit.dll,AE_8Bit.dll,AE_Float.dll	
Chroma                            	3	AE_16Bit.dll,AE_8Bit.dll,AE_Float.dll	NTSC, no Setup | NTSC, 7.5 IRE Setup | PAL
Chroma Key                        	3	AE_16Bit.dll,AE_8Bit.dll,AE_Float.dll	Color Correction|Push to S | Chroma Key On
Chroma Key On                     	3	AE_16Bit.dll,AE_8Bit.dll,AE_Float.dll	Color Correction|Push to S
ChromaFan                         	3	AE_16Bit.dll,AE_8Bit.dll,AE_Float.dll	
ChromaHoop                        	3	AE_16Bit.dll,AE_8Bit.dll,AE_Float.dll	
Cineware Commandline Example      	3	AE_16Bit.dll,AE_8Bit.dll,AE_Float.dll	
Circle Mask                       	3	AE_16Bit.dll,AE_8Bit.dll,AE_Float.dll	Effect | Circle|Pixel Chooser
ClientToScreen                    	3	AE_16Bit.dll,AE_8Bit.dll,AE_Float.dll	I
Clip to Output Black              	3	AE_16Bit.dll,AE_8Bit.dll,AE_Float.dll	BCC3Levels Gamma | On|Off|Off for Float Only
Clip to Output White              	3	AE_16Bit.dll,AE_8Bit.dll,AE_Float.dll	BCC3Levels Gamma | On|Off|Off for Float Only | Clip to Output Black
Clone                             	3	AE_16Bit.dll,AE_8Bit.dll,AE_Float.dll	BCC PI Dissolve | Remove Area | Auto-Fill Sharp|Auto-Fill
Clone Destination                 	3	AE_16Bit.dll,AE_8Bit.dll,AE_Float.dll	Clone Source
Clone Source                      	3	AE_16Bit.dll,AE_8Bit.dll,AE_Float.dll	
CloseClipboard                    	3	AE_16Bit.dll,AE_8Bit.dll,AE_Float.dll	CallWindowProcA | K
CoCreateGuid                      	3	AE_16Bit.dll,AE_8Bit.dll,AE_Float.dll	CreateProcessW | *
Color 1 From                      	3	AE_16Bit.dll,AE_8Bit.dll,AE_Float.dll	Colors
Color 15                          	3	AE_16Bit.dll,AE_8Bit.dll,AE_Float.dll	Add/Sub 10 | Add/Sub 11 | Add/Sub 12 | Add/Sub 13 | Add/Sub 14 | Add/Sub 15
Color 2 From                      	3	AE_16Bit.dll,AE_8Bit.dll,AE_Float.dll	Before Outgoing|After Outg
Color 3 Density                   	3	AE_16Bit.dll,AE_8Bit.dll,AE_Float.dll	Red Density | Blue-Green Intensity | Blue-Green Density | Color 3 Intensity
Color 3 Intensity                 	3	AE_16Bit.dll,AE_8Bit.dll,AE_Float.dll	Red Density | Blue-Green Intensity | Blue-Green Density
Color 4 Density                   	3	AE_16Bit.dll,AE_8Bit.dll,AE_Float.dll	Blue-Green Density | Color 3 Intensity | Color 3 Density | Color 4 Intensity
Color 4 Intensity                 	3	AE_16Bit.dll,AE_8Bit.dll,AE_Float.dll	Blue-Green Intensity | Blue-Green Density | Color 3 Intensity | Color 3 Density
Color Correction                  	3	AE_16Bit.dll,AE_8Bit.dll,AE_Float.dll	
Color Gun Offset                  	3	AE_16Bit.dll,AE_8Bit.dll,AE_Float.dll	BW | Tint
Color Over Life                   	3	AE_16Bit.dll,AE_8Bit.dll,AE_Float.dll	Random Gradient | Next key color | Color from layer | Color / Alpha
Color PixelChooser Legacy         	3	AE_16Bit.dll,AE_8Bit.dll,AE_Float.dll	Matte Softness PixelChoose
Color Preset                      	3	AE_16Bit.dll,AE_8Bit.dll,AE_Float.dll	Edges
Color Ramp                        	3	AE_16Bit.dll,AE_8Bit.dll,AE_Float.dll	| ! | " | BCC3Color Palette
Color Reference Layer             	3	AE_16Bit.dll,AE_8Bit.dll,AE_Float.dll	__ Orientation __ | __ Production Area __ | Generate from Alpha
Color Remapping                   	3	AE_16Bit.dll,AE_8Bit.dll,AE_Float.dll	y | $ | y | ) | y | t
Color from Cleaned Alpha          	3	AE_16Bit.dll,AE_8Bit.dll,AE_Float.dll	Matte Cleanup
Color from layer                  	3	AE_16Bit.dll,AE_8Bit.dll,AE_Float.dll	Break on Deflector | Uniform Spacing | Random Gradient | Next key color
ColorOnly                         	3	AE_16Bit.dll,AE_8Bit.dll,AE_Float.dll	MoreGray | LeastGray | ReverseSubtract | ReverseSubtractBasic | SoftDissolve
Colors & Angles                   	3	AE_16Bit.dll,AE_8Bit.dll,AE_Float.dll	
CombineRgn                        	3	AE_16Bit.dll,AE_8Bit.dll,AE_Float.dll	"
Comp Layer                        	3	AE_16Bit.dll,AE_8Bit.dll,AE_Float.dll	BCC Spin Blur Dissolve | Gil|Gpu|PAC
Comp Light                        	3	AE_16Bit.dll,AE_8Bit.dll,AE_Float.dll	None|Grid Only|Shadow & Gr
Comp Mode                         	3	AE_16Bit.dll,AE_8Bit.dll,AE_Float.dll	BCC Spin Blur Dissolve | Gil|Gpu|PAC | Comp Layer
Compare                           	3	AE_16Bit.dll,AE_8Bit.dll,AE_Float.dll	Compare Type | Host Layer | Slide | Wipe | Right Offset
Compare Type                      	3	AE_16Bit.dll,AE_8Bit.dll,AE_Float.dll	
Composite Behind                  	3	AE_16Bit.dll,AE_8Bit.dll,AE_Float.dll	
Composite Layer                   	3	AE_16Bit.dll,AE_8Bit.dll,AE_Float.dll	
Composite Style                   	3	AE_16Bit.dll,AE_8Bit.dll,AE_Float.dll	Particle Illusion Data | Launch PI 2026 | Direct (Classic)|Alpha + A
Composite on Original             	3	AE_16Bit.dll,AE_8Bit.dll,AE_Float.dll	Off|Before Render|After Re
Composite with Layer              	3	AE_16Bit.dll,AE_8Bit.dll,AE_Float.dll	
Cone Angle 1                      	3	AE_16Bit.dll,AE_8Bit.dll,AE_Float.dll	Feather 1 | Radius 1 | Spot Light 1 | Interest XY 1 | Interest Z 1
Cone Angle 2                      	3	AE_16Bit.dll,AE_8Bit.dll,AE_Float.dll	Feather 2 | Radius 2 | Spot Light 2 | Interest XY 2 | Interest Z 2
Cone Angle 3                      	3	AE_16Bit.dll,AE_8Bit.dll,AE_Float.dll	Feather 3 | Radius 3 | Spot Light 3 | Interest XY 3 | Interest Z 3
Cone Feather 1                    	3	AE_16Bit.dll,AE_8Bit.dll,AE_Float.dll	Feather 1 | Radius 1 | Spot Light 1 | Interest XY 1 | Interest Z 1 | Cone Angle 1
Cone Feather 2                    	3	AE_16Bit.dll,AE_8Bit.dll,AE_Float.dll	Feather 2 | Radius 2 | Spot Light 2 | Interest XY 2 | Interest Z 2 | Cone Angle 2
Cone Feather 3                    	3	AE_16Bit.dll,AE_8Bit.dll,AE_Float.dll	Feather 3 | Radius 3 | Spot Light 3 | Interest XY 3 | Interest Z 3 | Cone Angle 3
Connect Free Emitters             	3	AE_16Bit.dll,AE_8Bit.dll,AE_Float.dll	Random Offset | Use Emitter Color | Use Emitter Alpha | Connect to Emitter
Connect Particles                 	3	AE_16Bit.dll,AE_8Bit.dll,AE_Float.dll	Update Alpha From Layer | Use Particle Color | Scale Particle Alpha | Connect to Main Emitter
Connect to Birth Pos.             	3	AE_16Bit.dll,AE_8Bit.dll,AE_Float.dll	Use Particle Color | Scale Particle Alpha | Connect to Main Emitter | Connect Particles
Connect to Emitter                	3	AE_16Bit.dll,AE_8Bit.dll,AE_Float.dll	Frequency Scale | Random Offset | Use Emitter Color | Use Emitter Alpha
Connect to Main Emitter           	3	AE_16Bit.dll,AE_8Bit.dll,AE_Float.dll	Repeat Alpha | Update Alpha From Layer | Use Particle Color | Scale Particle Alpha
Contain Destination Warp Shape    	3	AE_16Bit.dll,AE_8Bit.dll,AE_Float.dll	Contain Source Warp Shape
Contain Source Warp Shape         	3	AE_16Bit.dll,AE_8Bit.dll,AE_Float.dll	BCC4Morph
Contain Warp Shape                	3	AE_16Bit.dll,AE_8Bit.dll,AE_Float.dll	Smallest|Small|Medium|Larg
Continuum 2026                    	3	AE_16Bit.dll,AE_8Bit.dll,AE_Float.dll	Job  |  (5d8bfdd4c656e7ce607400a6 | 19.0.0.327 |   - Version:
Continuum 2026 -                  	3	AE_16Bit.dll,AE_8Bit.dll,AE_Float.dll	, failed to launch | , unknown return code | launchBFXD - exception | Core lic dlg
Continuum for Wondershare Filmora 	3	AE_16Bit.dll,AE_8Bit.dll,AE_Float.dll	runBFXDirect | BFXD app directory not fou | <small hidden>BFXBUNDLE</s
Control                           	3	AE_16Bit.dll,AE_8Bit.dll,AE_Float.dll	
Control Map 1                     	3	AE_16Bit.dll,AE_8Bit.dll,AE_Float.dll	Control Maps
Control Map 2                     	3	AE_16Bit.dll,AE_8Bit.dll,AE_Float.dll	
Control Map 3                     	3	AE_16Bit.dll,AE_8Bit.dll,AE_Float.dll	Control Map 2 | Layer CONTROL2
Control Map 4                     	3	AE_16Bit.dll,AE_8Bit.dll,AE_Float.dll	Control Map 2 | Layer CONTROL2 | Control Map 3 | Layer CONTROL3
Control Map 5                     	3	AE_16Bit.dll,AE_8Bit.dll,AE_Float.dll	Control Map 2 | Layer CONTROL2 | Control Map 3 | Layer CONTROL3 | Control Map 4 | Layer CONTROL4
Control Maps                      	3	AE_16Bit.dll,AE_8Bit.dll,AE_Float.dll	
ConvertFromRGB                    	3	AE_16Bit.dll,AE_8Bit.dll,AE_Float.dll	BCC6Noise Reduction | NoiseReductionFilter::Rend | Mix Noise
ConvertToRGB                      	3	AE_16Bit.dll,AE_8Bit.dll,AE_Float.dll	NoiseReductionFilter::Rend | Mix Noise | ConvertFromRGB
CopyAcceleratorTableA             	3	AE_16Bit.dll,AE_8Bit.dll,AE_Float.dll	DispatchMessageA | S
Core lic dlg                      	3	AE_16Bit.dll,AE_8Bit.dll,AE_Float.dll	, failed to launch | , unknown return code | launchBFXD - exception
Corner                            	3	AE_16Bit.dll,AE_8Bit.dll,AE_Float.dll	BCC3CornerPin | Corner 1 TL | Corner 2 TR | Corner 3 BR | Corner 4 BL
Corner 1 TL                       	3	AE_16Bit.dll,AE_8Bit.dll,AE_Float.dll	BCC3CornerPin
Corner 2 TR                       	3	AE_16Bit.dll,AE_8Bit.dll,AE_Float.dll	BCC3CornerPin | Corner 1 TL
Corner 3 BR                       	3	AE_16Bit.dll,AE_8Bit.dll,AE_Float.dll	BCC3CornerPin | Corner 1 TL | Corner 2 TR
Corner 4 BL                       	3	AE_16Bit.dll,AE_8Bit.dll,AE_Float.dll	BCC3CornerPin | Corner 1 TL | Corner 2 TR | Corner 3 BR
Corner Pin Source                 	3	AE_16Bit.dll,AE_8Bit.dll,AE_Float.dll	BCC UpRez | 4D
Could not create AVI Export Stream.	3	AE_16Bit.dll,AE_8Bit.dll,AE_Float.dll	No export handler register
Could not determine sparse matrix dimensionality	3	AE_16Bit.dll,AE_8Bit.dll,AE_Float.dll	icvReadMatND | i | opencv-sparse-matrix | Could not determine the ma
Could not determine the matrix dimensionality	3	AE_16Bit.dll,AE_8Bit.dll,AE_Float.dll	sizes | opencv-nd-matrix | icvReadMatND | i | opencv-sparse-matrix
Could not find the Mocha Main Entry Point	3	AE_16Bit.dll,AE_8Bit.dll,AE_Float.dll	mochaMain | mochaShutdown | Error
Could not find the Mocha shutdown function	3	AE_16Bit.dll,AE_8Bit.dll,AE_Float.dll	mochaMain | mochaShutdown | Error | Could not find the Mocha M
Could not load the Mocha module   	3	AE_16Bit.dll,AE_8Bit.dll,AE_Float.dll	Could not find the Mocha M | Could not find the Mocha s
CreateCompatibleBitmap            	3	AE_16Bit.dll,AE_8Bit.dll,AE_Float.dll	BitBlt | ) | CreateBitmap | 0
CreateCompatibleDC                	3	AE_16Bit.dll,AE_8Bit.dll,AE_Float.dll	BitBlt | ) | CreateBitmap | 0 | CreateCompatibleBitmap | 1
CreateDCA                         	3	AE_16Bit.dll,AE_8Bit.dll,AE_Float.dll	CreateRectRgn | 2
CreateMenu                        	3	AE_16Bit.dll,AE_8Bit.dll,AE_Float.dll	m
CreatePatternBrush                	3	AE_16Bit.dll,AE_8Bit.dll,AE_Float.dll	CreateCompatibleDC | @ | CreateFontIndirectA | P | CreatePenIndirect | N
CreatePenIndirect                 	3	AE_16Bit.dll,AE_8Bit.dll,AE_Float.dll	CreateCompatibleBitmap | 1 | CreateCompatibleDC | @ | CreateFontIndirectA | P
CreatePopupMenu                   	3	AE_16Bit.dll,AE_8Bit.dll,AE_Float.dll	m | CreateMenu | n
CreateRectRgn                     	3	AE_16Bit.dll,AE_8Bit.dll,AE_Float.dll	" | CombineRgn | S
CreateRectRgnIndirect             	3	AE_16Bit.dll,AE_8Bit.dll,AE_Float.dll	CreateFontIndirectA | P | CreatePenIndirect | N | CreatePatternBrush | T
CreateSolidBrush                  	3	AE_16Bit.dll,AE_8Bit.dll,AE_Float.dll	CreatePenIndirect | N | CreatePatternBrush | T | CreateRectRgnIndirect | Z
Creating backward pixel plan for  	3	AE_16Bit.dll,AE_8Bit.dll,AE_Float.dll	Creating channel plan for  | , Kernel dim =  | Creating forward pixel pla
Creating channel plan for         	3	AE_16Bit.dll,AE_8Bit.dll,AE_Float.dll	Layer Downsampling:  | Padded Dimensions: (
Creating forward pixel plan for   	3	AE_16Bit.dll,AE_8Bit.dll,AE_Float.dll	Padded Dimensions: ( | Creating channel plan for  | , Kernel dim =
Crop & Blend                      	3	AE_16Bit.dll,AE_8Bit.dll,AE_Float.dll	BCC3DVE
Current.bgs                       	3	AE_16Bit.dll,AE_8Bit.dll,AE_Float.dll	ww
Custom Gradient                   	3	AE_16Bit.dll,AE_8Bit.dll,AE_Float.dll	Off|On|Pass Through|Random
Custom Look                       	3	AE_16Bit.dll,AE_8Bit.dll,AE_Float.dll	
Custom Orb Layer                  	3	AE_16Bit.dll,AE_8Bit.dll,AE_Float.dll	Orbs | Circle|Polygon|Custom Laye
Custom Shape                      	3	AE_16Bit.dll,AE_8Bit.dll,AE_Float.dll	
Cutout                            	3	AE_16Bit.dll,AE_8Bit.dll,AE_Float.dll	Scale 2 | Morph | Ripple Center | Wave Anchor | Ring Center | Line Start
Cyan Color                        	3	AE_16Bit.dll,AE_8Bit.dll,AE_Float.dll	Colors & Angles | Blue Color
DS Result                         	3	AE_16Bit.dll,AE_8Bit.dll,AE_Float.dll	
Damage                            	3	AE_16Bit.dll,AE_8Bit.dll,AE_Float.dll	Zero|One|Two | Image Roll | Up|Down|Up and Down|Down a
Dark Bias On                      	3	AE_16Bit.dll,AE_8Bit.dll,AE_Float.dll	Master Range | Master Y Range | Master Cb Range | Master Cr Range
DefMDIChildProcA                  	3	AE_16Bit.dll,AE_8Bit.dll,AE_Float.dll	
Deflector                         	3	AE_16Bit.dll,AE_8Bit.dll,AE_Float.dll	project() is null | Child already exists() | Emitter
Deflector Line Points             	3	AE_16Bit.dll,AE_8Bit.dll,AE_Float.dll	Break Particles | Velocity Randomness | Size Limit
Deinterlace renders only at full resolution.	3	AE_16Bit.dll,AE_8Bit.dll,AE_Float.dll	
DeleteMenu                        	3	AE_16Bit.dll,AE_8Bit.dll,AE_Float.dll	
Dest Angle                        	3	AE_16Bit.dll,AE_8Bit.dll,AE_Float.dll	Offset (Relative) | Radius  | Scale  | Source Offset X  | Source Offset Y
Dest Center                       	3	AE_16Bit.dll,AE_8Bit.dll,AE_Float.dll	
Destination image                 	3	AE_16Bit.dll,AE_8Bit.dll,AE_Float.dll	blurAmtX | blurAmtY | Source image
Destination image                 	3	AE_16Bit.dll,AE_8Bit.dll,AE_Float.dll	
DestroyAcceleratorTable           	3	AE_16Bit.dll,AE_8Bit.dll,AE_Float.dll	DeleteMenu
DestroyIcon                       	3	AE_16Bit.dll,AE_8Bit.dll,AE_Float.dll	DrawIcon
DestroyMenu                       	3	AE_16Bit.dll,AE_8Bit.dll,AE_Float.dll	
Detail                            	3	AE_16Bit.dll,AE_8Bit.dll,AE_Float.dll	
Detail +                          	3	AE_16Bit.dll,AE_8Bit.dll,AE_Float.dll	Spill + | Spill - | Matte + | Matte -
Detail -                          	3	AE_16Bit.dll,AE_8Bit.dll,AE_Float.dll	Spill + | Spill - | Matte + | Matte - | Detail +
Diffusion                         	3	AE_16Bit.dll,AE_8Bit.dll,AE_Float.dll	RenderMe
Direction Turbulence              	3	AE_16Bit.dll,AE_8Bit.dll,AE_Float.dll	Boundary | Calculation
Direction X                       	3	AE_16Bit.dll,AE_8Bit.dll,AE_Float.dll	Force | Box | Sphere
Direction Y                       	3	AE_16Bit.dll,AE_8Bit.dll,AE_Float.dll	Force | Box | Sphere | Direction X
Direction Z                       	3	AE_16Bit.dll,AE_8Bit.dll,AE_Float.dll	Force | Box | Sphere | Direction X | Direction Y
Disable Motion Blur               	3	AE_16Bit.dll,AE_8Bit.dll,AE_Float.dll	Number of Points Z | Emit in 3D | 3D Lines | Legacy Interpolation
Disp. Angle                       	3	AE_16Bit.dll,AE_8Bit.dll,AE_Float.dll	Zoom Rot Center
DispatchMessageA                  	3	AE_16Bit.dll,AE_8Bit.dll,AE_Float.dll	EnumWindows
Dispersion                        	3	AE_16Bit.dll,AE_8Bit.dll,AE_Float.dll	
Displacement Layer                	3	AE_16Bit.dll,AE_8Bit.dll,AE_Float.dll	Displacement Map | Composited|Texture|Source  | Composited|Texture|Source
Displacement Map on               	3	AE_16Bit.dll,AE_8Bit.dll,AE_Float.dll	.JPG | .JPEG | None|X|Y|XY
Distorted Edge                    	3	AE_16Bit.dll,AE_8Bit.dll,AE_Float.dll	
Division by zero occured          	3	AE_16Bit.dll,AE_8Bit.dll,AE_Float.dll	Iterations do not converge | Autotrace call | Incorrect size of input ar | Null pointer
DoRender tempSrc invalid  - returning memory err	3	AE_16Bit.dll,AE_8Bit.dll,AE_Float.dll	
Double Click to Select Preset     	3	AE_16Bit.dll,AE_8Bit.dll,AE_Float.dll	Outside of trim range for  | Outside of trim range for
Draw Shape                        	3	AE_16Bit.dll,AE_8Bit.dll,AE_Float.dll	Swirl Amount | Swirl Turbulence | Shape Selection | Top Cap On | Bot. Cap On
Draw Trails                       	3	AE_16Bit.dll,AE_8Bit.dll,AE_Float.dll	Use Emitter Alpha | Connect to Emitter | Connect Free Emitters
DrawIcon                          	3	AE_16Bit.dll,AE_8Bit.dll,AE_Float.dll	
DrawIconEx                        	3	AE_16Bit.dll,AE_8Bit.dll,AE_Float.dll	DrawIcon | DestroyIcon
DrawMenuBar                       	3	AE_16Bit.dll,AE_8Bit.dll,AE_Float.dll	DestroyWindow
DrawParticles                     	3	AE_16Bit.dll,AE_8Bit.dll,AE_Float.dll	
DrawStateA                        	3	AE_16Bit.dll,AE_8Bit.dll,AE_Float.dll	DefMDIChildProcA
Drop Shape                        	3	AE_16Bit.dll,AE_8Bit.dll,AE_Float.dll	Composite Layer | __ Raindrops __ | Lines|Streaks
Dropout Field                     	3	AE_16Bit.dll,AE_8Bit.dll,AE_Float.dll	Set Start Frame | Dropout Start Frame | Field 1|Field 2
Dropout Length                    	3	AE_16Bit.dll,AE_8Bit.dll,AE_Float.dll	Set Start Frame | Dropout Start Frame | Field 1|Field 2 | Dropout Field
Dropout Start Frame               	3	AE_16Bit.dll,AE_8Bit.dll,AE_Float.dll	Set Start Frame
Dummy String - No Match           	3	AE_16Bit.dll,AE_8Bit.dll,AE_Float.dll	
Duplicated edge has occured       	3	AE_16Bit.dll,AE_8Bit.dll,AE_Float.dll	Graph edges should start w | No vertices data | No edges data
Dust                              	3	AE_16Bit.dll,AE_8Bit.dll,AE_Float.dll	Normal|Lighten|Screen|Add
EFFECTS                           	3	AE_16Bit.dll,AE_8Bit.dll,AE_Float.dll	
EMITTER                           	3	AE_16Bit.dll,AE_8Bit.dll,AE_Float.dll	Black and White|RGB
EMITTER Pos XY                    	3	AE_16Bit.dll,AE_8Bit.dll,AE_Float.dll	Particle Emitter Texture
EMPTYDATA                         	3	AE_16Bit.dll,AE_8Bit.dll,AE_Float.dll	size | INVALIDCONTEXT | INVALIDREF | EMPTYHANDLE
EMPTYDATACONTENTS                 	3	AE_16Bit.dll,AE_8Bit.dll,AE_Float.dll	arbchecksum | {%.2X%.2X%.2X%.2X-%.2X%.2X
EMPTYHANDLE                       	3	AE_16Bit.dll,AE_8Bit.dll,AE_Float.dll	size | INVALIDCONTEXT | INVALIDREF
EXTSHAPE                          	3	AE_16Bit.dll,AE_8Bit.dll,AE_Float.dll	%d %d %d %d | %d %d %d %d | %d %d %d %d | %f %f %f | %f %f %f | ENDLAYER
Edge Cleaner On                   	3	AE_16Bit.dll,AE_8Bit.dll,AE_Float.dll	
Edge Color Correction             	3	AE_16Bit.dll,AE_8Bit.dll,AE_Float.dll	Lightness Spill | Apply Mode Spill | Mix with Original Spill
Edge Enhancement                  	3	AE_16Bit.dll,AE_8Bit.dll,AE_Float.dll	BCC Cross Zoom
Edge Layer                        	3	AE_16Bit.dll,AE_8Bit.dll,AE_Float.dll	BCC3Edge Lighting
Edge Range                        	3	AE_16Bit.dll,AE_8Bit.dll,AE_Float.dll	Rectangle|Oval|Line | Region Corner 1 | Region Corner 2 | Edge Strength
Edge Source                       	3	AE_16Bit.dll,AE_8Bit.dll,AE_Float.dll	BCC3Cartooner
Edge Type                         	3	AE_16Bit.dll,AE_8Bit.dll,AE_Float.dll	__ Shake __ | Shake X | Shake Y | Shake Speed | Mirror|Black|Transparent|S
Effects                           	3	AE_16Bit.dll,AE_8Bit.dll,AE_Float.dll	
Emboss                            	3	AE_16Bit.dll,AE_8Bit.dll,AE_Float.dll	Emboss On
Emboss Channel                    	3	AE_16Bit.dll,AE_8Bit.dll,AE_Float.dll	e | e | e | e | e | e
Emboss On                         	3	AE_16Bit.dll,AE_8Bit.dll,AE_Float.dll	vector<bool> too long
Emission                          	3	AE_16Bit.dll,AE_8Bit.dll,AE_Float.dll	Reference Point | Preserve Color | General | Physics
Emission Angle                    	3	AE_16Bit.dll,AE_8Bit.dll,AE_Float.dll	f-Position Turb. Over Life | f-Zoom Over Life | f-Inherited Vel. Over Life
Emission In                       	3	AE_16Bit.dll,AE_8Bit.dll,AE_Float.dll	Number of Points | bad particle type
Emission Out                      	3	AE_16Bit.dll,AE_8Bit.dll,AE_Float.dll	bad particle type | Emission In
Emission Range                    	3	AE_16Bit.dll,AE_8Bit.dll,AE_Float.dll	f-Zoom Over Life | f-Inherited Vel. Over Life | Emission Angle
Emit From                         	3	AE_16Bit.dll,AE_8Bit.dll,AE_Float.dll	Use 3D Model | Model File: | Use Model Color for Tint | Show Wireframe
Emit at Points                    	3	AE_16Bit.dll,AE_8Bit.dll,AE_Float.dll	Emission In | Emission Out
Emit in 3D                        	3	AE_16Bit.dll,AE_8Bit.dll,AE_Float.dll	Emission In | Emission Out | Emit at Points | Number of Points Y | Number of Points Z
Emitter                           	3	AE_16Bit.dll,AE_8Bit.dll,AE_Float.dll	addChild: this ptr is null | project() is null | Child already exists()
Emitter Layer                     	3	AE_16Bit.dll,AE_8Bit.dll,AE_Float.dll	Pos XYZ|Comp Light(s)|3D L
Emitter Type                      	3	AE_16Bit.dll,AE_8Bit.dll,AE_Float.dll	Mask Particles | Mask Layer | Use Mask from Frame | Defined by PI|Mask / Text
Emitter Z Offset                  	3	AE_16Bit.dll,AE_8Bit.dll,AE_Float.dll	Transform / Tracking | World Transform | World Z Offset
EmptyClipboard                    	3	AE_16Bit.dll,AE_8Bit.dll,AE_Float.dll	
Enable Fluid Dynamics             	3	AE_16Bit.dll,AE_8Bit.dll,AE_Float.dll	Grid Y | Grid Z | Strength Variation | Direction Variation | Minimum Distance
Enable Random Grid Turbulence     	3	AE_16Bit.dll,AE_8Bit.dll,AE_Float.dll	Octave Amp Scale (%) | Auto Evolve X | Auto Evolve Y | Auto Evolve Z | Turbulence Field Zoom
EnableMenuItem                    	3	AE_16Bit.dll,AE_8Bit.dll,AE_Float.dll	DestroyMenu
EnableWindow                      	3	AE_16Bit.dll,AE_8Bit.dll,AE_Float.dll	
End Color Source                  	3	AE_16Bit.dll,AE_8Bit.dll,AE_Float.dll	
End Color Source Layer            	3	AE_16Bit.dll,AE_8Bit.dll,AE_Float.dll	__ Snowflakes __ | Flake|Blur|Sparkle
End Jitter 1                      	3	AE_16Bit.dll,AE_8Bit.dll,AE_Float.dll	
End Tracking Frame                	3	AE_16Bit.dll,AE_8Bit.dll,AE_Float.dll	Use External Data | Tracker Center KF | Start Tracking Frame
EndPaint                          	3	AE_16Bit.dll,AE_8Bit.dll,AE_Float.dll	m | CreateMenu | n | CreatePopupMenu | BeginPaint
EndPoint 1                        	3	AE_16Bit.dll,AE_8Bit.dll,AE_Float.dll	
EndPoint 2                        	3	AE_16Bit.dll,AE_8Bit.dll,AE_Float.dll	EndPoint 1
EnumWindows                       	3	AE_16Bit.dll,AE_8Bit.dll,AE_Float.dll	DeleteMenu | DestroyAcceleratorTable
Erosion                           	3	AE_16Bit.dll,AE_8Bit.dll,AE_Float.dll	Bump Map | Bump Layer | Point|Distance|Spot
Erosion Layer                     	3	AE_16Bit.dll,AE_8Bit.dll,AE_Float.dll	Bump Map | Bump Layer | Point|Distance|Spot | Erosion
Error                             	3	AE_16Bit.dll,AE_8Bit.dll,AE_Float.dll	mochaMain | mochaShutdown
Error creating grayscale version of texture 	3	AE_16Bit.dll,AE_8Bit.dll,AE_Float.dll	Exception getting color at | Error creating project alp
Error creating project alpha texture 	3	AE_16Bit.dll,AE_8Bit.dll,AE_Float.dll	Exception getting color at
Error creating project luminance alpha texture 	3	AE_16Bit.dll,AE_8Bit.dll,AE_Float.dll	Error creating grayscale v | Error creating project lum
Error creating project luminance texture 	3	AE_16Bit.dll,AE_8Bit.dll,AE_Float.dll	Error creating project alp | Error creating grayscale v
Error getting GPU memory          	3	AE_16Bit.dll,AE_8Bit.dll,AE_Float.dll	Host Details:  |  Process:  |  OS Details:  | Error getting GPU name(s) |  GPU Name(s):
Exception Thrown in SerializeKeyframeVector	3	AE_16Bit.dll,AE_8Bit.dll,AE_Float.dll	CDataKey
Exception Thrown in SerializeKeyframeVectorOL	3	AE_16Bit.dll,AE_8Bit.dll,AE_Float.dll	CDataKey | Exception Thrown in Serial
ExpandDifference                  	3	AE_16Bit.dll,AE_8Bit.dll,AE_Float.dll	MultiplyAlpha | MultiplyAlphaLuma | MultiplyNotAlpha | ScaleMultiply | ScaleScreen
ExpandDifference2                 	3	AE_16Bit.dll,AE_8Bit.dll,AE_Float.dll	MultiplyNotAlpha | ScaleMultiply | ScaleScreen | ExpandDifference
Exponent                          	3	AE_16Bit.dll,AE_8Bit.dll,AE_Float.dll	
Exponent Offset                   	3	AE_16Bit.dll,AE_8Bit.dll,AE_Float.dll	Exponent
Export Vector Maps                	3	AE_16Bit.dll,AE_8Bit.dll,AE_Float.dll	__ Motion Vectors __
FF RenderTransformation MP        	3	AE_16Bit.dll,AE_8Bit.dll,AE_Float.dll	
FF SmoothInvHistograms            	3	AE_16Bit.dll,AE_8Bit.dll,AE_Float.dll	FF RenderTransformation MP
FFT side limit exceeded. Scaling by 	3	AE_16Bit.dll,AE_8Bit.dll,AE_Float.dll	Pre-render Current OpenCL  | OclBufferSize limit exceed
FG Mask Layer                     	3	AE_16Bit.dll,AE_8Bit.dll,AE_Float.dll	Motion Complexity | Image Detail | Fast|Medium|High|Highest | Accuracy Tuning
FLMR                              	3	AE_16Bit.dll,AE_8Bit.dll,AE_Float.dll	OPT | FLM | BS: | MST | NBL | TBM
FRACTAL FIELD                     	3	AE_16Bit.dll,AE_8Bit.dll,AE_Float.dll	
FX Output A                       	3	AE_16Bit.dll,AE_8Bit.dll,AE_Float.dll	
FX Output B                       	3	AE_16Bit.dll,AE_8Bit.dll,AE_Float.dll	Generate Output A | Border 2 Layer
FX Output C                       	3	AE_16Bit.dll,AE_8Bit.dll,AE_Float.dll	Generate Output B | Border 3
Failed to allocate %lu bytes      	3	AE_16Bit.dll,AE_8Bit.dll,AE_Float.dll	cv::OutOfMemoryError
Feather 1                         	3	AE_16Bit.dll,AE_8Bit.dll,AE_Float.dll	Spot|Point | Type 1 | Point Light 1 | Point Light Style 1
Feather 2                         	3	AE_16Bit.dll,AE_8Bit.dll,AE_Float.dll	Type 2 | Point Light 2 | Point Light Style 2
Feather 3                         	3	AE_16Bit.dll,AE_8Bit.dll,AE_Float.dll	Type 3 | Point Light 3 | Point Light Style 3
Filter Apply Mix                  	3	AE_16Bit.dll,AE_8Bit.dll,AE_Float.dll	
Final Apply Mode                  	3	AE_16Bit.dll,AE_8Bit.dll,AE_Float.dll	
Fine Detail Radius                	3	AE_16Bit.dll,AE_8Bit.dll,AE_Float.dll	Luma|Independent Channels
Flare Layer                       	3	AE_16Bit.dll,AE_8Bit.dll,AE_Float.dll	BCC3Burnt Film | Burn Layer
Flicker                           	3	AE_16Bit.dll,AE_8Bit.dll,AE_Float.dll	
Flicker Bias                      	3	AE_16Bit.dll,AE_8Bit.dll,AE_Float.dll	None|Always Light|Always D
Flicker On                        	3	AE_16Bit.dll,AE_8Bit.dll,AE_Float.dll	Color 4 Density | __ Color __
Floating Footage                  	3	AE_16Bit.dll,AE_8Bit.dll,AE_Float.dll	Absolute|Relative
Floor Color Mix                   	3	AE_16Bit.dll,AE_8Bit.dll,AE_Float.dll	None|Shadow|Shadow&Light | Show Under Floor | Opacity Under Floor
Floor Fade Length                 	3	AE_16Bit.dll,AE_8Bit.dll,AE_Float.dll	Opacity Under Floor | Floor Color Mix | Floor Fade Start
Floor Fade Start                  	3	AE_16Bit.dll,AE_8Bit.dll,AE_Float.dll	Show Under Floor | Opacity Under Floor | Floor Color Mix
Fluid Dy. Applied                 	3	AE_16Bit.dll,AE_8Bit.dll,AE_Float.dll	Swirl Turbulence | Shape Selection | Top Cap On | Bot. Cap On | Draw Shape
Fluid Dynamics                    	3	AE_16Bit.dll,AE_8Bit.dll,AE_Float.dll	project() is null | Child already exists() | Emitter | Deflector
Focus Length                      	3	AE_16Bit.dll,AE_8Bit.dll,AE_Float.dll	Point To Target | Point To Object | Camera Preset: | Target XYZ | Object | Advance
Focus Matte                       	3	AE_16Bit.dll,AE_8Bit.dll,AE_Float.dll	
Force                             	3	AE_16Bit.dll,AE_8Bit.dll,AE_Float.dll	
Force Strength                    	3	AE_16Bit.dll,AE_8Bit.dll,AE_Float.dll	Position Turbulence | Size Turbulence | Affected by Fluids
Foreground Effects                	3	AE_16Bit.dll,AE_8Bit.dll,AE_Float.dll	
Foreground Preview                	3	AE_16Bit.dll,AE_8Bit.dll,AE_Float.dll	
Foreground Setup                  	3	AE_16Bit.dll,AE_8Bit.dll,AE_Float.dll	
Foreground Transforms             	3	AE_16Bit.dll,AE_8Bit.dll,AE_Float.dll	
Fractal Flow Direction            	3	AE_16Bit.dll,AE_8Bit.dll,AE_Float.dll	
Fractal Movement                  	3	AE_16Bit.dll,AE_8Bit.dll,AE_Float.dll	
Fractal Noise                     	3	AE_16Bit.dll,AE_8Bit.dll,AE_Float.dll	
Fractal Wave Generator            	3	AE_16Bit.dll,AE_8Bit.dll,AE_Float.dll	
Frame Analysis                    	3	AE_16Bit.dll,AE_8Bit.dll,AE_Float.dll	Frame Analysis|Temporal Sm
Frame Curve                       	3	AE_16Bit.dll,AE_8Bit.dll,AE_Float.dll	Cross Fade|Fade In - Fade
Frame Delay                       	3	AE_16Bit.dll,AE_8Bit.dll,AE_Float.dll	No Flip | Flip X | Flip Y | Flip X/Y | Use Single Frame | Random Start Frame
Frame Scale X                     	3	AE_16Bit.dll,AE_8Bit.dll,AE_Float.dll	Source Layer
Frame Scale Y                     	3	AE_16Bit.dll,AE_8Bit.dll,AE_Float.dll	Frame Scale X
Frame Separation                  	3	AE_16Bit.dll,AE_8Bit.dll,AE_Float.dll	BCC Fast Lens Blur | Time
Free Rotation                     	3	AE_16Bit.dll,AE_8Bit.dll,AE_Float.dll	None Selected | Orbit
Frequency Scale                   	3	AE_16Bit.dll,AE_8Bit.dll,AE_Float.dll	f-Size X Variation | f-Size X Over Life | Turbulence Field
From PixelChooser Legacy          	3	AE_16Bit.dll,AE_8Bit.dll,AE_Float.dll	Point 1 PixelChooser Legac | Point 2 PixelChooser Legac
Front Face                        	3	AE_16Bit.dll,AE_8Bit.dll,AE_Float.dll	Cards
GLOBAL SETTINGS                   	3	AE_16Bit.dll,AE_8Bit.dll,AE_Float.dll	Control Map 4 | Layer CONTROL4 | Control Map 5 | Layer CONTROL5
Gain Color Amount                 	3	AE_16Bit.dll,AE_8Bit.dll,AE_Float.dll	Gamma Color Angle | Gamma Color Amount | Gain Level | Gain Color Angle
Gain Color Angle                  	3	AE_16Bit.dll,AE_8Bit.dll,AE_Float.dll	Gamma  | Gamma Color Angle | Gamma Color Amount | Gain Level
Gain Level                        	3	AE_16Bit.dll,AE_8Bit.dll,AE_Float.dll	Lift Color Amount | Gamma  | Gamma Color Angle | Gamma Color Amount
Gamma                             	3	AE_16Bit.dll,AE_8Bit.dll,AE_Float.dll	Lift | Lift Level | Lift Color Angle | Lift Color Amount
Gamma Color Amount                	3	AE_16Bit.dll,AE_8Bit.dll,AE_Float.dll	Lift Level | Lift Color Angle | Lift Color Amount | Gamma  | Gamma Color Angle
Gamma Color Angle                 	3	AE_16Bit.dll,AE_8Bit.dll,AE_Float.dll	Lift | Lift Level | Lift Color Angle | Lift Color Amount | Gamma
GdipBitmapLockBits                	3	AE_16Bit.dll,AE_8Bit.dll,AE_Float.dll	GdipDeleteGraphics | GdipDrawImageRectI | +
GdipBitmapUnlockBits              	3	AE_16Bit.dll,AE_8Bit.dll,AE_Float.dll	GdipDrawImageRectI | + | GdipBitmapLockBits | .
GdipCloneBrush                    	3	AE_16Bit.dll,AE_8Bit.dll,AE_Float.dll	2
GdipCreateBitmapFromFile          	3	AE_16Bit.dll,AE_8Bit.dll,AE_Float.dll	+ | GdipBitmapLockBits | . | GdipBitmapUnlockBits | I
GdipCreateBitmapFromResource      	3	AE_16Bit.dll,AE_8Bit.dll,AE_Float.dll	GdipBitmapLockBits | . | GdipBitmapUnlockBits | I | GdipCreateBitmapFromFile | O
GdipCreateBitmapFromScan0         	3	AE_16Bit.dll,AE_8Bit.dll,AE_Float.dll	P
GdipCreateFontFromDC              	3	AE_16Bit.dll,AE_8Bit.dll,AE_Float.dll	GdipDeletePen | [ | GdipCreateFromHDC | GdipDrawRectangleI | GdipFillRectangleI | X
GdipCreateFromHDC                 	3	AE_16Bit.dll,AE_8Bit.dll,AE_Float.dll	GdipDeleteBrush | GdipCreateSolidFill | z | GdipCreatePen1 | GdipDeletePen | [
GdipCreateLineBrushI              	3	AE_16Bit.dll,AE_8Bit.dll,AE_Float.dll	GdipFillRectangleI | X | GdipCreateFontFromDC | GdipDeleteFont | GdipDrawString | i
GdipCreatePen1                    	3	AE_16Bit.dll,AE_8Bit.dll,AE_Float.dll	2 | GdipCloneBrush | GdipDeleteBrush | GdipCreateSolidFill | z
GdipCreateSolidFill               	3	AE_16Bit.dll,AE_8Bit.dll,AE_Float.dll	2 | GdipCloneBrush | GdipDeleteBrush
GdipDeleteBrush                   	3	AE_16Bit.dll,AE_8Bit.dll,AE_Float.dll	2 | GdipCloneBrush
GdipDeleteFont                    	3	AE_16Bit.dll,AE_8Bit.dll,AE_Float.dll	[ | GdipCreateFromHDC | GdipDrawRectangleI | GdipFillRectangleI | X | GdipCreateFontFromDC
GdipDeleteGraphics                	3	AE_16Bit.dll,AE_8Bit.dll,AE_Float.dll	P | GdipCreateBitmapFromScan0
GdipDeletePen                     	3	AE_16Bit.dll,AE_8Bit.dll,AE_Float.dll	2 | GdipCloneBrush | GdipDeleteBrush | GdipCreateSolidFill | z | GdipCreatePen1
GdipDrawImageRectI                	3	AE_16Bit.dll,AE_8Bit.dll,AE_Float.dll	P | GdipCreateBitmapFromScan0 | GdipDeleteGraphics
GdipDrawLine                      	3	AE_16Bit.dll,AE_8Bit.dll,AE_Float.dll	GdipDeleteFont | GdipDrawString | i | GdipCreateLineBrushI
GdipDrawRectangleI                	3	AE_16Bit.dll,AE_8Bit.dll,AE_Float.dll	GdipCreateSolidFill | z | GdipCreatePen1 | GdipDeletePen | [ | GdipCreateFromHDC
GdipDrawString                    	3	AE_16Bit.dll,AE_8Bit.dll,AE_Float.dll	GdipDrawRectangleI | GdipFillRectangleI | X | GdipCreateFontFromDC | GdipDeleteFont
GdipFillRectangleI                	3	AE_16Bit.dll,AE_8Bit.dll,AE_Float.dll	z | GdipCreatePen1 | GdipDeletePen | [ | GdipCreateFromHDC | GdipDrawRectangleI
Gel-Matte Layer                   	3	AE_16Bit.dll,AE_8Bit.dll,AE_Float.dll	Normal|Invert|Add|Subtract
Generate Output A                 	3	AE_16Bit.dll,AE_8Bit.dll,AE_Float.dll	
Generate Output B                 	3	AE_16Bit.dll,AE_8Bit.dll,AE_Float.dll	
Generate Output C                 	3	AE_16Bit.dll,AE_8Bit.dll,AE_Float.dll	Border 3 Layer
Generate from Alpha               	3	AE_16Bit.dll,AE_8Bit.dll,AE_Float.dll	__ Orientation __ | __ Production Area __
Generation was canceled           	3	AE_16Bit.dll,AE_8Bit.dll,AE_Float.dll	Output generation disabled
GetDpiForMonitor                  	3	AE_16Bit.dll,AE_8Bit.dll,AE_Float.dll	GetProcessDpiAwareness
GetProcessDpiAwareness            	3	AE_16Bit.dll,AE_8Bit.dll,AE_Float.dll	xB
Glare BackGround Map Layer        	3	AE_16Bit.dll,AE_8Bit.dll,AE_Float.dll	
Glint BackGround Map Layer        	3	AE_16Bit.dll,AE_8Bit.dll,AE_Float.dll	
Glitter BackGround Map Layer      	3	AE_16Bit.dll,AE_8Bit.dll,AE_Float.dll	
Global                            	3	AE_16Bit.dll,AE_8Bit.dll,AE_Float.dll	D | J | Smoke On
Glow                              	3	AE_16Bit.dll,AE_8Bit.dll,AE_Float.dll	
Glow Aspect                       	3	AE_16Bit.dll,AE_8Bit.dll,AE_Float.dll	f | f | f | f | f | Glow Scale
Glow Channel                      	3	AE_16Bit.dll,AE_8Bit.dll,AE_Float.dll	l | l | l | c | c | c
Glow Control                      	3	AE_16Bit.dll,AE_8Bit.dll,AE_Float.dll	
Glow Offset                       	3	AE_16Bit.dll,AE_8Bit.dll,AE_Float.dll	Overdrive Soften | Normal|Lighten|Darken|Diff
Glow Scale                        	3	AE_16Bit.dll,AE_8Bit.dll,AE_Float.dll	f | f | f | f | f | f
Gradient Preset                   	3	AE_16Bit.dll,AE_8Bit.dll,AE_Float.dll	Color Gradient
Grain Presets                     	3	AE_16Bit.dll,AE_8Bit.dll,AE_Float.dll	Final Output|Sample Layer| | Monochrome|RGB
GraphicsImportSetGraphicsMode     	3	AE_16Bit.dll,AE_8Bit.dll,AE_Float.dll	LockPixels | NewGWorldFromPtr | GraphicsImportSetGWorld | GraphicsImportDraw
Gravity Type                      	3	AE_16Bit.dll,AE_8Bit.dll,AE_Float.dll	Random|Straight|Centripeta
Green From                        	3	AE_16Bit.dll,AE_8Bit.dll,AE_Float.dll	Red From
Green Offset                      	3	AE_16Bit.dll,AE_8Bit.dll,AE_Float.dll	t | t | t | t | t | Red Offset
Hard Clip                         	3	AE_16Bit.dll,AE_8Bit.dll,AE_Float.dll	NTSC, no Setup | NTSC, 7.5 IRE Setup | PAL | Chroma | Soft Clip
Height Maps                       	3	AE_16Bit.dll,AE_8Bit.dll,AE_Float.dll	
Help used                         	3	AE_16Bit.dll,AE_8Bit.dll,AE_Float.dll	Watermarking filter
Hide UI                           	3	AE_16Bit.dll,AE_8Bit.dll,AE_Float.dll	
Highlight Balance                 	3	AE_16Bit.dll,AE_8Bit.dll,AE_Float.dll	e | e | e | e | e | Emboss Channel
Highlight Range                   	3	AE_16Bit.dll,AE_8Bit.dll,AE_Float.dll	Range Tuning | Range Preview
Highlight Sharpen                 	3	AE_16Bit.dll,AE_8Bit.dll,AE_Float.dll	Midtone High Range | Midtone Low Range | Shadow Range
Histogram                         	3	AE_16Bit.dll,AE_8Bit.dll,AE_Float.dll	Vectorscope | 75% Color Bars|100% Color
Horizon ON                        	3	AE_16Bit.dll,AE_8Bit.dll,AE_Float.dll	
Horizontal Perspective            	3	AE_16Bit.dll,AE_8Bit.dll,AE_Float.dll	LB | |B | 2C | eC | aD | Vertical Perspective
Host Error. Read from bad handle. 	3	AE_16Bit.dll,AE_8Bit.dll,AE_Float.dll	This Continuum 2026 plug-i
Host Offset                       	3	AE_16Bit.dll,AE_8Bit.dll,AE_Float.dll	Mask Points | Mask Pt 1
Hue High Softness                 	3	AE_16Bit.dll,AE_8Bit.dll,AE_Float.dll	Hue Match On | Saturation Match On | Lightness Match On | Hue Low Softness
Hue Low Softness                  	3	AE_16Bit.dll,AE_8Bit.dll,AE_Float.dll	Lightness Offset | Hue Match On | Saturation Match On | Lightness Match On
Hue Match On                      	3	AE_16Bit.dll,AE_8Bit.dll,AE_Float.dll	Bypass|On|Invert|Solo | Stage 1 Mode | Stage 1 | Hue Offset | Lightness Offset
Hue Offset                        	3	AE_16Bit.dll,AE_8Bit.dll,AE_Float.dll	Bypass|On|Invert|Solo | Stage 1 Mode | Stage 1
ILLU3tHuMB                        	3	AE_16Bit.dll,AE_8Bit.dll,AE_Float.dll	Project Load
ILLUSION3lib                      	3	AE_16Bit.dll,AE_8Bit.dll,AE_Float.dll	CEmitterLibrary | IMPlib1
ILLUSION4lib                      	3	AE_16Bit.dll,AE_8Bit.dll,AE_Float.dll	IMPlib1 | ILLUSION3lib
IMPlib1                           	3	AE_16Bit.dll,AE_8Bit.dll,AE_Float.dll	CEmitterLibrary
INTERACTION WITH LAYERS           	3	AE_16Bit.dll,AE_8Bit.dll,AE_Float.dll	
INVALIDCONTEXT                    	3	AE_16Bit.dll,AE_8Bit.dll,AE_Float.dll	size
INVALIDREF                        	3	AE_16Bit.dll,AE_8Bit.dll,AE_Float.dll	size | INVALIDCONTEXT
Ignore Camera                     	3	AE_16Bit.dll,AE_8Bit.dll,AE_Float.dll	World Center|Camera | Pivot Point|Horizontally w
Image Detail                      	3	AE_16Bit.dll,AE_8Bit.dll,AE_Float.dll	Simple|Advanced | Optical Flow Method | Better Downsampling | Motion Complexity
Image Layer                       	3	AE_16Bit.dll,AE_8Bit.dll,AE_Float.dll	Surface Image
Image Layer 2                     	3	AE_16Bit.dll,AE_8Bit.dll,AE_Float.dll	Static|Weighted Downward|W
Image Layer 3                     	3	AE_16Bit.dll,AE_8Bit.dll,AE_Float.dll	
Image Layer 4                     	3	AE_16Bit.dll,AE_8Bit.dll,AE_Float.dll	Image Layer 3
Image Layer 5                     	3	AE_16Bit.dll,AE_8Bit.dll,AE_Float.dll	Image Layer 3 | Image Layer 4
Image Layer 6                     	3	AE_16Bit.dll,AE_8Bit.dll,AE_Float.dll	Image Layer 3 | Image Layer 4 | Image Layer 5
Image Layer 7                     	3	AE_16Bit.dll,AE_8Bit.dll,AE_Float.dll	Image Layer 4 | Image Layer 5 | Image Layer 6
Image Plane                       	3	AE_16Bit.dll,AE_8Bit.dll,AE_Float.dll	
Image Roll                        	3	AE_16Bit.dll,AE_8Bit.dll,AE_Float.dll	Zero|One|Two
Images with planar data layout are not supported	3	AE_16Bit.dll,AE_8Bit.dll,AE_Float.dll	icvReadSparseMat | icvWriteImage | Sparse matrix data is corr | opencv-image
Incoming Clip                     	3	AE_16Bit.dll,AE_8Bit.dll,AE_Float.dll	BCC Vignette | BCCVignette
Individual FX Layers              	3	AE_16Bit.dll,AE_8Bit.dll,AE_Float.dll	
Infinite Plane                    	3	AE_16Bit.dll,AE_8Bit.dll,AE_Float.dll	SYSTEM Pos XY | Light1 Pos XY | Light2 Pos XY | Light3 Pos XY
Influence Controls                	3	AE_16Bit.dll,AE_8Bit.dll,AE_Float.dll	Off|On|View
Influence Layer                   	3	AE_16Bit.dll,AE_8Bit.dll,AE_Float.dll	Off|On|View | Influence Controls
Influence Softness                	3	AE_16Bit.dll,AE_8Bit.dll,AE_Float.dll	Influence Threshold
Influence Threshold               	3	AE_16Bit.dll,AE_8Bit.dll,AE_Float.dll	
Inherited Vel. Variation          	3	AE_16Bit.dll,AE_8Bit.dll,AE_Float.dll	Bounce Variation | Position Turb. Variation | Size Turbulence Variation
Insert 1                          	3	AE_16Bit.dll,AE_8Bit.dll,AE_Float.dll	
Insert 2                          	3	AE_16Bit.dll,AE_8Bit.dll,AE_Float.dll	Insert 1
Insert 3                          	3	AE_16Bit.dll,AE_8Bit.dll,AE_Float.dll	Insert 2
Insert Feather Radius             	3	AE_16Bit.dll,AE_8Bit.dll,AE_Float.dll	
Insert Layer                      	3	AE_16Bit.dll,AE_8Bit.dll,AE_Float.dll	Normal|Replace | None|Good|Best | Before Reorient|After Reor
Insert Order                      	3	AE_16Bit.dll,AE_8Bit.dll,AE_Float.dll	
Inside Mask                       	3	AE_16Bit.dll,AE_8Bit.dll,AE_Float.dll	Off|Rectangle|Egg Shape
Inside Preset                     	3	AE_16Bit.dll,AE_8Bit.dll,AE_Float.dll	HSV|HSL|HSI|HSP|HSLuma
Insufficient resolution for Motion Tracking.	3	AE_16Bit.dll,AE_8Bit.dll,AE_Float.dll	All Tracker Data Reset
Insufficient resolution for Tracking	3	AE_16Bit.dll,AE_8Bit.dll,AE_Float.dll	Cannot track time-reversed
Interaction                       	3	AE_16Bit.dll,AE_8Bit.dll,AE_Float.dll	
Interaction Layer                 	3	AE_16Bit.dll,AE_8Bit.dll,AE_Float.dll	Complete System|Above Floo
Interest XY 1                     	3	AE_16Bit.dll,AE_8Bit.dll,AE_Float.dll	Point Light 1 | Point Light Style 1 | Feather 1 | Radius 1 | Spot Light 1
Interest XY 2                     	3	AE_16Bit.dll,AE_8Bit.dll,AE_Float.dll	Type 2 | Point Light 2 | Point Light Style 2 | Feather 2 | Radius 2 | Spot Light 2
Interest XY 3                     	3	AE_16Bit.dll,AE_8Bit.dll,AE_Float.dll	Type 3 | Point Light 3 | Point Light Style 3 | Feather 3 | Radius 3 | Spot Light 3
Interest Z 1                      	3	AE_16Bit.dll,AE_8Bit.dll,AE_Float.dll	Point Light Style 1 | Feather 1 | Radius 1 | Spot Light 1 | Interest XY 1
Interest Z 2                      	3	AE_16Bit.dll,AE_8Bit.dll,AE_Float.dll	Point Light Style 2 | Feather 2 | Radius 2 | Spot Light 2 | Interest XY 2
Interest Z 3                      	3	AE_16Bit.dll,AE_8Bit.dll,AE_Float.dll	Point Light Style 3 | Feather 3 | Radius 3 | Spot Light 3 | Interest XY 3
Invalid Unlock Code.              	3	AE_16Bit.dll,AE_8Bit.dll,AE_Float.dll	
Invalid pointer to file storage   	3	AE_16Bit.dll,AE_8Bit.dll,AE_Float.dll	_ | The storage is not opened | icvPuts
Invalid type info                 	3	AE_16Bit.dll,AE_8Bit.dll,AE_Float.dll	No edges data | Duplicated edge has occure | Some of stored vertex indi
Invert Luma                       	3	AE_16Bit.dll,AE_8Bit.dll,AE_Float.dll	l | c | c | c | c | c
Invert Matte PixelChooser Legacy  	3	AE_16Bit.dll,AE_8Bit.dll,AE_Float.dll	Blur Matte PixelChooser Le | Choke Matte PixelChooser L
Jitter 1                          	3	AE_16Bit.dll,AE_8Bit.dll,AE_Float.dll	Insert 3
Jitter 2                          	3	AE_16Bit.dll,AE_8Bit.dll,AE_Float.dll	
Jitter 3                          	3	AE_16Bit.dll,AE_8Bit.dll,AE_Float.dll	
Jitter Curves                     	3	AE_16Bit.dll,AE_8Bit.dll,AE_Float.dll	q | b | p | d | r | BCC3Trails
Jitter Source                     	3	AE_16Bit.dll,AE_8Bit.dll,AE_Float.dll	
Keep Proportional to Flame Texture Scale X	3	AE_16Bit.dll,AE_8Bit.dll,AE_Float.dll	
Keep Proportional to Smoke Texture X Scale	3	AE_16Bit.dll,AE_8Bit.dll,AE_Float.dll	Smoke
Key From                          	3	AE_16Bit.dll,AE_8Bit.dll,AE_Float.dll	Range|Color 1|Color 2
LIGHT                             	3	AE_16Bit.dll,AE_8Bit.dll,AE_Float.dll	BORIS | PARTICLE | MOTION | PATH
LW On Black                       	3	AE_16Bit.dll,AE_8Bit.dll,AE_Float.dll	Matte Status | Hybrid Matte | LightWrap
LWindow                           	3	AE_16Bit.dll,AE_8Bit.dll,AE_Float.dll	NumofDisplays | ScreenHeight | ScreenWidth
Launch PI 2026                    	3	AE_16Bit.dll,AE_8Bit.dll,AE_Float.dll	Particle Illusion Data
Launch Particle Illusion          	3	AE_16Bit.dll,AE_8Bit.dll,AE_Float.dll	---Launch PI Start---
Layer 1                           	3	AE_16Bit.dll,AE_8Bit.dll,AE_Float.dll	BCC3Super Blend | Input|Transparent
Layer 2                           	3	AE_16Bit.dll,AE_8Bit.dll,AE_Float.dll	
Layer 3                           	3	AE_16Bit.dll,AE_8Bit.dll,AE_Float.dll	
Layer 4                           	3	AE_16Bit.dll,AE_8Bit.dll,AE_Float.dll	
Layer 5                           	3	AE_16Bit.dll,AE_8Bit.dll,AE_Float.dll	
Layer A Type                      	3	AE_16Bit.dll,AE_8Bit.dll,AE_Float.dll	INTERACTION WITH LAYERS | will be | filled in | dyna
Layer CONTROL1                    	3	AE_16Bit.dll,AE_8Bit.dll,AE_Float.dll	Unused|X Axis|Y Axis|Z Axi
Layer CONTROL2                    	3	AE_16Bit.dll,AE_8Bit.dll,AE_Float.dll	Control Map 2
Layer CONTROL3                    	3	AE_16Bit.dll,AE_8Bit.dll,AE_Float.dll	Control Map 2 | Layer CONTROL2 | Control Map 3
Layer CONTROL4                    	3	AE_16Bit.dll,AE_8Bit.dll,AE_Float.dll	Control Map 2 | Layer CONTROL2 | Control Map 3 | Layer CONTROL3 | Control Map 4
Layer CONTROL5                    	3	AE_16Bit.dll,AE_8Bit.dll,AE_Float.dll	Layer CONTROL2 | Control Map 3 | Layer CONTROL3 | Control Map 4 | Layer CONTROL4 | Control Map 5
Layer Count                       	3	AE_16Bit.dll,AE_8Bit.dll,AE_Float.dll	Particles per Ring | Rings per Layer
Layer Sampling                    	3	AE_16Bit.dll,AE_8Bit.dll,AE_Float.dll	
Layer Step 1                      	3	AE_16Bit.dll,AE_8Bit.dll,AE_Float.dll	BCC3Sequencer | __ Step 1 __
Layer Step 2                      	3	AE_16Bit.dll,AE_8Bit.dll,AE_Float.dll	On|Off|Gap | __ Step 2 __
Layer Step 3                      	3	AE_16Bit.dll,AE_8Bit.dll,AE_Float.dll	__ Step 3 __
Layer Step 4                      	3	AE_16Bit.dll,AE_8Bit.dll,AE_Float.dll	__ Step 4 __
Layer Step 5                      	3	AE_16Bit.dll,AE_8Bit.dll,AE_Float.dll	__ Step 5 __
Layer Step 6                      	3	AE_16Bit.dll,AE_8Bit.dll,AE_Float.dll	__ Step 6 __
Layer Step 7                      	3	AE_16Bit.dll,AE_8Bit.dll,AE_Float.dll	__ Step 7 __
Layer Step 8                      	3	AE_16Bit.dll,AE_8Bit.dll,AE_Float.dll	__ Step 8 __
Layer Step 9                      	3	AE_16Bit.dll,AE_8Bit.dll,AE_Float.dll	__ Step 9 __
LeastGray                         	3	AE_16Bit.dll,AE_8Bit.dll,AE_Float.dll	ScaleScreen | ExpandDifference | ExpandDifference2 | Transparency | MoreGray
Legacy Interpolation              	3	AE_16Bit.dll,AE_8Bit.dll,AE_Float.dll	Emit at Points | Number of Points Y | Number of Points Z | Emit in 3D | 3D Lines
Lens Center                       	3	AE_16Bit.dll,AE_8Bit.dll,AE_Float.dll	eC | aD | Vertical Perspective | Horizontal Perspective | Pan
Lens Flare BackGround Map Layer   	3	AE_16Bit.dll,AE_8Bit.dll,AE_Float.dll	
Lens Spots                        	3	AE_16Bit.dll,AE_8Bit.dll,AE_Float.dll	
Lens Type                         	3	AE_16Bit.dll,AE_8Bit.dll,AE_Float.dll	BCC LED | BCC4LED | 50-300mm Zoom|35mm Prime|1
Licensed                          	3	AE_16Bit.dll,AE_8Bit.dll,AE_Float.dll	<small hidden>BFXBUNDLE</s | Continuum for Wondershare
Licensed render                   	3	AE_16Bit.dll,AE_8Bit.dll,AE_Float.dll	pylib
Life Variation                    	3	AE_16Bit.dll,AE_8Bit.dll,AE_Float.dll	Position Turb. Over Life | Size Turb. Over Life
Lift Color Amount                 	3	AE_16Bit.dll,AE_8Bit.dll,AE_Float.dll	ThreeWayCCFilter::Render | Lift | Lift Level | Lift Color Angle
Lift Color Angle                  	3	AE_16Bit.dll,AE_8Bit.dll,AE_Float.dll	ThreeWayCCFilter::Render | Lift | Lift Level
Lift Level                        	3	AE_16Bit.dll,AE_8Bit.dll,AE_Float.dll	ThreeWayCCFilter::Render | Lift
Light 1                           	3	AE_16Bit.dll,AE_8Bit.dll,AE_Float.dll	Alt Back | Camera/Pivot | Lock to Center
Light 2                           	3	AE_16Bit.dll,AE_8Bit.dll,AE_Float.dll	
Light 3                           	3	AE_16Bit.dll,AE_8Bit.dll,AE_Float.dll	
Light Apply Layer                 	3	AE_16Bit.dll,AE_8Bit.dll,AE_Float.dll	Transparent | None|Gel|Matte|Luma Matte
Light Cone Width                  	3	AE_16Bit.dll,AE_8Bit.dll,AE_Float.dll	BCC3Spotlight
Light Distance Z                  	3	AE_16Bit.dll,AE_8Bit.dll,AE_Float.dll	Specular Falloff | Sweep Width
Light Model 1                     	3	AE_16Bit.dll,AE_8Bit.dll,AE_Float.dll	Radius 1 | Spot Light 1 | Interest XY 1 | Interest Z 1 | Cone Angle 1 | Cone Feather 1
Light Model 2                     	3	AE_16Bit.dll,AE_8Bit.dll,AE_Float.dll	Spot Light 2 | Interest XY 2 | Interest Z 2 | Cone Angle 2 | Cone Feather 2 | Off|Natural
Light Model 3                     	3	AE_16Bit.dll,AE_8Bit.dll,AE_Float.dll	Radius 3 | Spot Light 3 | Interest XY 3 | Interest Z 3 | Cone Angle 3 | Cone Feather 3
Light Position X                  	3	AE_16Bit.dll,AE_8Bit.dll,AE_Float.dll	
Light Position Y                  	3	AE_16Bit.dll,AE_8Bit.dll,AE_Float.dll	Light Position X
Light Position Z                  	3	AE_16Bit.dll,AE_8Bit.dll,AE_Float.dll	Light Position X  | Light Position Y
Light Properties                  	3	AE_16Bit.dll,AE_8Bit.dll,AE_Float.dll	
Light Strobe                      	3	AE_16Bit.dll,AE_8Bit.dll,AE_Float.dll	
Light Strobe 1                    	3	AE_16Bit.dll,AE_8Bit.dll,AE_Float.dll	
Light Strobe 2                    	3	AE_16Bit.dll,AE_8Bit.dll,AE_Float.dll	
Light Strobe 3                    	3	AE_16Bit.dll,AE_8Bit.dll,AE_Float.dll	
Light Target 1                    	3	AE_16Bit.dll,AE_8Bit.dll,AE_Float.dll	
Light Target 2                    	3	AE_16Bit.dll,AE_8Bit.dll,AE_Float.dll	Light Target 1 | Light Source 1 | Light Source 2
Light Target 3                    	3	AE_16Bit.dll,AE_8Bit.dll,AE_Float.dll	Light Target 1 | Light Source 1 | Light Source 2 | Light Target 2 | Light Source 3
Light Wrap Edge                   	3	AE_16Bit.dll,AE_8Bit.dll,AE_Float.dll	Opacity Only|Opacity and S | Light Wrap Edge On
Light Wrap Edge On                	3	AE_16Bit.dll,AE_8Bit.dll,AE_Float.dll	Mocha DataB | Opacity Only|Opacity and S
Light Wrap On Spill               	3	AE_16Bit.dll,AE_8Bit.dll,AE_Float.dll	Green|Blue|Red | Screen Color
Light Wrap Spill On               	3	AE_16Bit.dll,AE_8Bit.dll,AE_Float.dll	Opacity Only|Opacity and S | Light Wrap Edge On | Light Wrap Edge
Light1 Pos XY                     	3	AE_16Bit.dll,AE_8Bit.dll,AE_Float.dll	EMITTER Pos XY | SINK Pos XY | SYSTEM Pos XY
Light2 Pos XY                     	3	AE_16Bit.dll,AE_8Bit.dll,AE_Float.dll	EMITTER Pos XY | SINK Pos XY | SYSTEM Pos XY | Light1 Pos XY
Light3 Pos XY                     	3	AE_16Bit.dll,AE_8Bit.dll,AE_Float.dll	SINK Pos XY | SYSTEM Pos XY | Light1 Pos XY | Light2 Pos XY
LightWrap                         	3	AE_16Bit.dll,AE_8Bit.dll,AE_Float.dll	Detail - | Matte Status | Hybrid Matte
Lighting                          	3	AE_16Bit.dll,AE_8Bit.dll,AE_Float.dll	
Lightness High Softness           	3	AE_16Bit.dll,AE_8Bit.dll,AE_Float.dll	Saturation Low Softness | Saturation High Softness | Lightness Low Softness
Lightness Low Softness            	3	AE_16Bit.dll,AE_8Bit.dll,AE_Float.dll	Hue High Softness | Saturation Low Softness | Saturation High Softness
Lightness Match On                	3	AE_16Bit.dll,AE_8Bit.dll,AE_Float.dll	Stage 1 | Hue Offset | Lightness Offset | Hue Match On | Saturation Match On
Lightness Offset                  	3	AE_16Bit.dll,AE_8Bit.dll,AE_Float.dll	Bypass|On|Invert|Solo | Stage 1 Mode | Stage 1 | Hue Offset
Lightness Spill                   	3	AE_16Bit.dll,AE_8Bit.dll,AE_Float.dll	Light Wrap Spill | Wrap Source Spill | Softness Spill | Wrap Color Spill
Lights Cast Shadows               	3	AE_16Bit.dll,AE_8Bit.dll,AE_Float.dll	Off|Faster # 1|Faster # 2| | Shadow Elevation | Shadow Direction | Casts
Line Composite                    	3	AE_16Bit.dll,AE_8Bit.dll,AE_Float.dll	BCC6Cartoon2Look | Soften Method | Spread and Smooth | Line Color
Line Matte                        	3	AE_16Bit.dll,AE_8Bit.dll,AE_Float.dll	Boost Dark Pixels
Line Opacity Type                 	3	AE_16Bit.dll,AE_8Bit.dll,AE_Float.dll	Draw Trails | Trail Length | Trail Fade | Trail Taper | Lines Fade
Line Start                        	3	AE_16Bit.dll,AE_8Bit.dll,AE_Float.dll	Scale 1 | Scale 2 | Morph | Ripple Center | Wave Anchor | Ring Center
Lines                             	3	AE_16Bit.dll,AE_8Bit.dll,AE_Float.dll	
Lines Fade                        	3	AE_16Bit.dll,AE_8Bit.dll,AE_Float.dll	Draw Trails | Trail Length | Trail Fade | Trail Taper
Link                              	3	AE_16Bit.dll,AE_8Bit.dll,AE_Float.dll	Plane 1 | __ Plane 1 __ | Free|In Container
Link to Color                     	3	AE_16Bit.dll,AE_8Bit.dll,AE_Float.dll	Use key colors only | Number of each color | Update Color From Layer | Colors / Alpha
Load primary lib -                	3	AE_16Bit.dll,AE_8Bit.dll,AE_Float.dll	19.0.0.327 |   - Version:  | Continuum 2026 | 8bit:  | Load supporting lib -
Load supporting lib -             	3	AE_16Bit.dll,AE_8Bit.dll,AE_Float.dll	19.0.0.327 |   - Version:  | Continuum 2026 | 8bit:
Location Layer                    	3	AE_16Bit.dll,AE_8Bit.dll,AE_Float.dll	Off|Alpha|Luma
Lock                              	3	AE_16Bit.dll,AE_8Bit.dll,AE_Float.dll	Border & Shadow
Lock Colors to Red                	3	AE_16Bit.dll,AE_8Bit.dll,AE_Float.dll	BCC3RGB Blend | Mix On Top|Original On Top
Lock Size Aspect                  	3	AE_16Bit.dll,AE_8Bit.dll,AE_Float.dll	f-Zoom Over Life | f-Inherited Vel. Over Life | Emission Angle | Emission Range
Lock to Center                    	3	AE_16Bit.dll,AE_8Bit.dll,AE_Float.dll	Around|One Way Repeat|Back | Alt Back | Camera/Pivot
Lock to Horizontal                	3	AE_16Bit.dll,AE_8Bit.dll,AE_Float.dll	BCC Gaussian Blur | BCC3Gaussian Blur
Lock to Position                  	3	AE_16Bit.dll,AE_8Bit.dll,AE_Float.dll	BCC3Cube
Lock to Red                       	3	AE_16Bit.dll,AE_8Bit.dll,AE_Float.dll	BCC3Posterize
Lock to Start Frame               	3	AE_16Bit.dll,AE_8Bit.dll,AE_Float.dll	Stick|Fall|Slide|Bounce | None|Solid
Lock to X                         	3	AE_16Bit.dll,AE_8Bit.dll,AE_Float.dll	BCC Mosaic | Boris3Pixelate
Look Ahead exceeded. Please rewind to Frame 	3	AE_16Bit.dll,AE_8Bit.dll,AE_Float.dll	
Loop Layer                        	3	AE_16Bit.dll,AE_8Bit.dll,AE_Float.dll	BCC Edge Cleaner | BCC3Looper
MM Background                     	3	AE_16Bit.dll,AE_8Bit.dll,AE_Float.dll	Source Pins | Move Over Background|Move  | MM Foreground
MM Foreground                     	3	AE_16Bit.dll,AE_8Bit.dll,AE_Float.dll	Source Pins | Source Pins | Move Over Background|Move
MOTION                            	3	AE_16Bit.dll,AE_8Bit.dll,AE_Float.dll	BORIS | PARTICLE
Magenta Color                     	3	AE_16Bit.dll,AE_8Bit.dll,AE_Float.dll	Blue Color  | Cyan Color
Main Stage Project                	3	AE_16Bit.dll,AE_8Bit.dll,AE_Float.dll	
Make Blur Dests                   	3	AE_16Bit.dll,AE_8Bit.dll,AE_Float.dll	Mix down
Make Key From                     	3	AE_16Bit.dll,AE_8Bit.dll,AE_Float.dll	BCC Linear Luma Key | BCC3Linear Luma Key | Luma|Red|Green|Blue
Man. Sample BG                    	3	AE_16Bit.dll,AE_8Bit.dll,AE_Float.dll	
Map Scale                         	3	AE_16Bit.dll,AE_8Bit.dll,AE_Float.dll	__ Motion Vectors __ | Export Vector Maps
Map image                         	3	AE_16Bit.dll,AE_8Bit.dll,AE_Float.dll	
Mask Layer                        	3	AE_16Bit.dll,AE_8Bit.dll,AE_Float.dll	Use Mask For | With PixelChooser|With Lay | Mask Particles
Mask Particles                    	3	AE_16Bit.dll,AE_8Bit.dll,AE_Float.dll	Use Mask For | With PixelChooser|With Lay
Mask Points                       	3	AE_16Bit.dll,AE_8Bit.dll,AE_Float.dll	
Mask Pt 1                         	3	AE_16Bit.dll,AE_8Bit.dll,AE_Float.dll	Mask Points
Mask Pt 2                         	3	AE_16Bit.dll,AE_8Bit.dll,AE_Float.dll	Mask Points | Mask Pt 1 | Host Offset
Mask image                        	3	AE_16Bit.dll,AE_8Bit.dll,AE_Float.dll	
Master Cb Range                   	3	AE_16Bit.dll,AE_8Bit.dll,AE_Float.dll	Use Region Of Interest | Master Range | Master Y Range
Master Cr Range                   	3	AE_16Bit.dll,AE_8Bit.dll,AE_Float.dll	Master Range | Master Y Range | Master Cb Range
Master FX Wipe                    	3	AE_16Bit.dll,AE_8Bit.dll,AE_Float.dll	0
Master Range                      	3	AE_16Bit.dll,AE_8Bit.dll,AE_Float.dll	MixPixMapsRGBMaxDeviation | Use Region Of Interest
Master Tolerance                  	3	AE_16Bit.dll,AE_8Bit.dll,AE_Float.dll	Range|Color 1|Color 2 | Key From
Master Y Range                    	3	AE_16Bit.dll,AE_8Bit.dll,AE_Float.dll	Use Region Of Interest | Master Range
Matte +                           	3	AE_16Bit.dll,AE_8Bit.dll,AE_Float.dll	Point | Spill + | Spill -
Matte -                           	3	AE_16Bit.dll,AE_8Bit.dll,AE_Float.dll	Point | Spill + | Spill - | Matte +
Matte Choker                      	3	AE_16Bit.dll,AE_8Bit.dll,AE_Float.dll	Matte Cleanup | Color from Cleaned Alpha
Matte Cleanup                     	3	AE_16Bit.dll,AE_8Bit.dll,AE_Float.dll	Spill Suppression On
Matte Layer PixelChooser Legacy   	3	AE_16Bit.dll,AE_8Bit.dll,AE_Float.dll	
Matte Refinement                  	3	AE_16Bit.dll,AE_8Bit.dll,AE_Float.dll	Green|Blue|Red|Auto
Matte Softness PixelChooser Legacy	3	AE_16Bit.dll,AE_8Bit.dll,AE_Float.dll	White/To PixelChooser Lega
Max Line Length                   	3	AE_16Bit.dll,AE_8Bit.dll,AE_Float.dll	Scale Particle Alpha | Connect to Main Emitter | Connect Particles | Connect to Birth Pos.
MddaMvrpMtxn                      	3	AE_16Bit.dll,AE_8Bit.dll,AE_Float.dll	tstg01kBkcaBRylPpotsyalPdw
Medium                            	3	3DObjects,BCCPlus.dll	SemiBold | Semi Bold | Bold | Extended | Condensed | Regular
Memory Allocation Error.          	3	AE_16Bit.dll,AE_8Bit.dll,AE_Float.dll	Unable to write preset fil | Memory error while saving
Memory error while saving preset file.	3	AE_16Bit.dll,AE_8Bit.dll,AE_Float.dll	Unable to write preset fil
Memory is Low-UWindowManager      	3	AE_16Bit.dll,AE_8Bit.dll,AE_Float.dll	Please save your work and
Midpoint Color Source             	3	AE_16Bit.dll,AE_8Bit.dll,AE_Float.dll	
Midpoint Color Source Layer       	3	AE_16Bit.dll,AE_8Bit.dll,AE_Float.dll	
Midtone High Range                	3	AE_16Bit.dll,AE_8Bit.dll,AE_Float.dll	Range Tuning | Range Preview | Highlight Range
Midtone Low Range                 	3	AE_16Bit.dll,AE_8Bit.dll,AE_Float.dll	Range Preview | Highlight Range | Midtone High Range
Midtone Sharpen                   	3	AE_16Bit.dll,AE_8Bit.dll,AE_Float.dll	Midtone Low Range | Shadow Range | Highlight Sharpen
Minimum Softness                  	3	AE_16Bit.dll,AE_8Bit.dll,AE_Float.dll	BCC8Multi Color Key
Mix Back Min                      	3	AE_16Bit.dll,AE_8Bit.dll,AE_Float.dll	Slider|PixelChooser|Origin
Mix Layer                         	3	AE_16Bit.dll,AE_8Bit.dll,AE_Float.dll	BCC3Composite | Mix Layer Geometrics
Mix Layer Geometrics              	3	AE_16Bit.dll,AE_8Bit.dll,AE_Float.dll	BCC3Composite
Mix Noise                         	3	AE_16Bit.dll,AE_8Bit.dll,AE_Float.dll	BCC Noise Reduction | BCC6Noise Reduction | NoiseReductionFilter::Rend
Mix down                          	3	AE_16Bit.dll,AE_8Bit.dll,AE_Float.dll	
Mix to Layer                      	3	AE_16Bit.dll,AE_8Bit.dll,AE_Float.dll	Color and Alpha|Alpha Only
Mix with Original Spill           	3	AE_16Bit.dll,AE_8Bit.dll,AE_Float.dll	Softness Spill | Wrap Color Spill | Lightness Spill | Apply Mode Spill
MixDown                           	3	AE_16Bit.dll,AE_8Bit.dll,AE_Float.dll	ConvolutionRenderer :: Mak | RenderAccumulator
MixPixMapsRGBMaxDeviation         	3	AE_16Bit.dll,AE_8Bit.dll,AE_Float.dll	ConvertFromRGB | ConvertToRGB | RenderSpatial | RenderSharpen | BlurSomePixels
Mocha DataB                       	3	AE_16Bit.dll,AE_8Bit.dll,AE_Float.dll	Off|Mocha Mask|Host Mask
Mocha Init - Get Tracking Data    	3	AE_16Bit.dll,AE_8Bit.dll,AE_Float.dll	Mocha Init - Render
Mocha Init failed to load mocha library	3	AE_16Bit.dll,AE_8Bit.dll,AE_Float.dll	Mocha Init - Get Tracking  | Mocha Init - Invoked With
Mod. 1 Amount                     	3	AE_16Bit.dll,AE_8Bit.dll,AE_Float.dll	Ripple Center | Wave Anchor | Ring Center | Line Start | Cutout | Mod. 1 Reference
Mod. 1 Reference                  	3	AE_16Bit.dll,AE_8Bit.dll,AE_Float.dll	Morph | Ripple Center | Wave Anchor | Ring Center | Line Start | Cutout
Mod. 2 Amount                     	3	AE_16Bit.dll,AE_8Bit.dll,AE_Float.dll	Line Start | Cutout | Mod. 1 Reference | Mod. 1 Amount | Mod. 2 Reference
Mod. 2 Reference                  	3	AE_16Bit.dll,AE_8Bit.dll,AE_Float.dll	Wave Anchor | Ring Center | Line Start | Cutout | Mod. 1 Reference | Mod. 1 Amount
Model Rotation                    	3	AE_16Bit.dll,AE_8Bit.dll,AE_Float.dll	Threshold Angle | Use Inertia | Z Radius | Affect Fluids | Affected By Fluids
Model Scale                       	3	AE_16Bit.dll,AE_8Bit.dll,AE_Float.dll	Use Inertia | Z Radius | Affect Fluids | Affected By Fluids | Model Rotation
Model Scale X                     	3	AE_16Bit.dll,AE_8Bit.dll,AE_Float.dll	Z Radius | Affect Fluids | Affected By Fluids | Model Rotation | Model Scale
Model Scale Y                     	3	AE_16Bit.dll,AE_8Bit.dll,AE_Float.dll	Affect Fluids | Affected By Fluids | Model Rotation | Model Scale | Model Scale X
Model Scale Z                     	3	AE_16Bit.dll,AE_8Bit.dll,AE_Float.dll	Affected By Fluids | Model Rotation | Model Scale | Model Scale X | Model Scale Y
Modify Angular Offset             	3	AE_16Bit.dll,AE_8Bit.dll,AE_Float.dll	Filter Apply Mix
Modulation                        	3	AE_16Bit.dll,AE_8Bit.dll,AE_Float.dll	
Modulation 1 Layer                	3	AE_16Bit.dll,AE_8Bit.dll,AE_Float.dll	( | x | , | x | 0 | x
Modulation 1 Source               	3	AE_16Bit.dll,AE_8Bit.dll,AE_Float.dll	
Modulation 2 Source               	3	AE_16Bit.dll,AE_8Bit.dll,AE_Float.dll	
More Points                       	3	AE_16Bit.dll,AE_8Bit.dll,AE_Float.dll	
MoreGray                          	3	AE_16Bit.dll,AE_8Bit.dll,AE_Float.dll	ScaleMultiply | ScaleScreen | ExpandDifference | ExpandDifference2 | Transparency
Morph                             	3	AE_16Bit.dll,AE_8Bit.dll,AE_Float.dll	x | 0 | x | Modulation 1 Layer | Scale 1 | Scale 2
Motion Complexity                 	3	AE_16Bit.dll,AE_8Bit.dll,AE_Float.dll	Simple|Advanced | Optical Flow Method | Better Downsampling
Motion Control                    	3	AE_16Bit.dll,AE_8Bit.dll,AE_Float.dll	
Motion Estimation                 	3	AE_16Bit.dll,AE_8Bit.dll,AE_Float.dll	
Motion Tracker is not supported in this host.	3	AE_16Bit.dll,AE_8Bit.dll,AE_Float.dll	Unexpected Motion Tracker
Movement                          	3	AE_16Bit.dll,AE_8Bit.dll,AE_Float.dll	
Multi Color Gradient              	3	AE_16Bit.dll,AE_8Bit.dll,AE_Float.dll	
Multiplier                        	3	AE_16Bit.dll,AE_8Bit.dll,AE_Float.dll	BCC Rays | BCC3Rays | Pinch Distance
MultiplyAlpha                     	3	AE_16Bit.dll,AE_8Bit.dll,AE_Float.dll	Difference | Copy | Over | Under | HardLight | Darker
MultiplyAlphaLuma                 	3	AE_16Bit.dll,AE_8Bit.dll,AE_Float.dll	Copy | Over | Under | HardLight | Darker | MultiplyAlpha
MultiplyNotAlpha                  	3	AE_16Bit.dll,AE_8Bit.dll,AE_Float.dll	HardLight | Darker | MultiplyAlpha | MultiplyAlphaLuma
Negative number of elements       	3	AE_16Bit.dll,AE_8Bit.dll,AE_Float.dll	cvWriteRawData | Too complex format for the | Null data pointer
New DoSetup Error.                	3	AE_16Bit.dll,AE_8Bit.dll,AE_Float.dll	A valid codec could not be
New Emitter Folder                	3	AE_16Bit.dll,AE_8Bit.dll,AE_Float.dll	
New Free Emitter Type             	3	AE_16Bit.dll,AE_8Bit.dll,AE_Float.dll	
New Particle Type                 	3	AE_16Bit.dll,AE_8Bit.dll,AE_Float.dll	
New Scene Group                   	3	AE_16Bit.dll,AE_8Bit.dll,AE_Float.dll	
Next key color                    	3	AE_16Bit.dll,AE_8Bit.dll,AE_Float.dll	Use Emitter Emission | Break on Deflector | Uniform Spacing | Random Gradient
No Flip                           	3	AE_16Bit.dll,AE_8Bit.dll,AE_Float.dll	Connect Particles | Connect to Birth Pos. | Max Line Length
No GPU support                    	3	AE_16Bit.dll,AE_8Bit.dll,AE_Float.dll	The function/feature is no | Memory block has been corr | Assertion failed
No edges data                     	3	AE_16Bit.dll,AE_8Bit.dll,AE_Float.dll	%df%s | Graph edges should start w | No vertices data
No motion tracker data found for this frame.	3	AE_16Bit.dll,AE_8Bit.dll,AE_Float.dll	Invalid Unlock Code.
No output generated%s             	3	AE_16Bit.dll,AE_8Bit.dll,AE_Float.dll	, because all of your Outp
No vertices data                  	3	AE_16Bit.dll,AE_8Bit.dll,AE_Float.dll	icvReadGraph | %df%s | Graph edges should start w
Noise Blur Quality                	3	AE_16Bit.dll,AE_8Bit.dll,AE_Float.dll	BCC Light Zoom | BCC3Light Zoom | Cartoon Thickness
Noise Interpolation               	3	AE_16Bit.dll,AE_8Bit.dll,AE_Float.dll	Post Mix Threshold | Post Mix Ease In | Post Mix Ease Out
Noise Map Texture                 	3	AE_16Bit.dll,AE_8Bit.dll,AE_Float.dll	On|View|Off
Noise Waves                       	3	AE_16Bit.dll,AE_8Bit.dll,AE_Float.dll	
None Selected                     	3	AE_16Bit.dll,AE_8Bit.dll,AE_Float.dll	
None Selected...                  	3	AE_16Bit.dll,AE_8Bit.dll,AE_Float.dll	BCC3Match Grain
Null element name                 	3	AE_16Bit.dll,AE_8Bit.dll,AE_Float.dll	The node is neither a map  | cvGetFileNodeByName
Null pointer to reader or destination array	3	AE_16Bit.dll,AE_8Bit.dll,AE_Float.dll	The readed sequence is a s
Null pointer to source file node or reader	3	AE_16Bit.dll,AE_8Bit.dll,AE_Float.dll	Too complex format for the | Null data pointer | Negative number of element
Null pointer to the written object	3	AE_16Bit.dll,AE_8Bit.dll,AE_Float.dll	cvWrite | The node does not represen | Unknown object
Number Over Life                  	3	AE_16Bit.dll,AE_8Bit.dll,AE_Float.dll	f-Position Turb. Variation | f-Zoom Variation | f-Inherited Vel. Variation
Number Variation                  	3	AE_16Bit.dll,AE_8Bit.dll,AE_Float.dll	Size Turb. Over Life | Life Variation
Number of Points                  	3	AE_16Bit.dll,AE_8Bit.dll,AE_Float.dll	Plane | Using Host Mask/Text | Vertices | Surface | Number of Points X
Number of Points X                	3	AE_16Bit.dll,AE_8Bit.dll,AE_Float.dll	Plane | Using Host Mask/Text | Vertices | Surface
Number of Points Y                	3	AE_16Bit.dll,AE_8Bit.dll,AE_Float.dll	Emission In | Emission Out | Emit at Points
Number of Points Z                	3	AE_16Bit.dll,AE_8Bit.dll,AE_Float.dll	Emission In | Emission Out | Emit at Points | Number of Points Y
Number of each color              	3	AE_16Bit.dll,AE_8Bit.dll,AE_Float.dll	Color from layer | Color / Alpha | Color Over Life | Repeat Color | Use key colors only
NumofDisplays                     	3	AE_16Bit.dll,AE_8Bit.dll,AE_Float.dll	
OBEYSHAPE                         	3	AE_16Bit.dll,AE_8Bit.dll,AE_Float.dll	%d %d %d %d | %d %d %d %d | %f %f %f | %f %f %f | ENDLAYER | EXTSHAPE
Object                            	3	AE_16Bit.dll,AE_8Bit.dll,AE_Float.dll	Free Rotation | Point To Target | Point To Object | Camera Preset: | Target XYZ
Object Group                      	3	AE_16Bit.dll,AE_8Bit.dll,AE_Float.dll	Child already exists() | Emitter | Deflector | Fluid Dynamics
Obscuration Layer                 	3	AE_16Bit.dll,AE_8Bit.dll,AE_Float.dll	
Obstacle Layer                    	3	AE_16Bit.dll,AE_8Bit.dll,AE_Float.dll	None|Alpha|Luma
OclBufferSize limit exceeded. Scaling by 	3	AE_16Bit.dll,AE_8Bit.dll,AE_Float.dll	Pre-render Current OpenCL
Offset Source 1                   	3	AE_16Bit.dll,AE_8Bit.dll,AE_Float.dll	Spot Light 1 | Interest XY 1 | Interest Z 1 | Cone Angle 1 | Cone Feather 1 | Light Model 1
Offset Source 2                   	3	AE_16Bit.dll,AE_8Bit.dll,AE_Float.dll	Interest XY 2 | Interest Z 2 | Cone Angle 2 | Cone Feather 2 | Off|Natural | Light Model 2
Offset Source 3                   	3	AE_16Bit.dll,AE_8Bit.dll,AE_Float.dll	Spot Light 3 | Interest XY 3 | Interest Z 3 | Cone Angle 3 | Cone Feather 3 | Light Model 3
Offset X 1                        	3	AE_16Bit.dll,AE_8Bit.dll,AE_Float.dll	Light Strobe 3 | Source Tracker | Apply 1
Offset Y 1                        	3	AE_16Bit.dll,AE_8Bit.dll,AE_Float.dll	Light Strobe 3 | Source Tracker | Apply 1 | Offset X 1
Only Use Top Left                 	3	AE_16Bit.dll,AE_8Bit.dll,AE_Float.dll	Around|One Way Repeat|Back | Front|Back|Both | Alternate Back
Only interleaved images can be read	3	AE_16Bit.dll,AE_8Bit.dll,AE_Float.dll	icvReadImage | The image data is not foun
Opacity - RP                      	3	AE_16Bit.dll,AE_8Bit.dll,AE_Float.dll	Under Fade Length | Apply Reflect Rippling | Reflection Plane
Opacity FX Layer                  	3	AE_16Bit.dll,AE_8Bit.dll,AE_Float.dll	Shift FX Layer | Size FX Layer
Opacity Under Floor               	3	AE_16Bit.dll,AE_8Bit.dll,AE_Float.dll	Auto-scale Interactor | None|Shadow|Shadow&Light | Show Under Floor
Opacity Under Reflect             	3	AE_16Bit.dll,AE_8Bit.dll,AE_Float.dll	Show Under Reflect
Opaque Glow                       	3	AE_16Bit.dll,AE_8Bit.dll,AE_Float.dll	Glow Offset | Colorize|Glow Map|Matte wi
OpenCL not available              	3	AE_16Bit.dll,AE_8Bit.dll,AE_Float.dll	cv::ocl::ContextImpl::getC | this != currentContext | Can't select OpenCL device
Optical Flow Method               	3	AE_16Bit.dll,AE_8Bit.dll,AE_Float.dll	Simple|Advanced
Optical Flow Resolution           	3	AE_16Bit.dll,AE_8Bit.dll,AE_Float.dll	Best|High|Medium
Orbit                             	3	AE_16Bit.dll,AE_8Bit.dll,AE_Float.dll	None Selected
Organic Noise                     	3	AE_16Bit.dll,AE_8Bit.dll,AE_Float.dll	
Output not accurate at low resolution.	3	AE_16Bit.dll,AE_8Bit.dll,AE_Float.dll	
Outside Correction                	3	AE_16Bit.dll,AE_8Bit.dll,AE_Float.dll	
Outside Mask                      	3	AE_16Bit.dll,AE_8Bit.dll,AE_Float.dll	Quick Mask | Off|Rectangle|Egg Shape|Sp
Outside Preset                    	3	AE_16Bit.dll,AE_8Bit.dll,AE_Float.dll	Outside Correction
Outside of trim range for active trackers.	3	AE_16Bit.dll,AE_8Bit.dll,AE_Float.dll	There are no active tracke
Outside of trim range for at least one tracker.	3	AE_16Bit.dll,AE_8Bit.dll,AE_Float.dll	There are no active tracke | Outside of trim range for
Over                              	3	AE_16Bit.dll,AE_8Bit.dll,AE_Float.dll	Overlay | Soft Light | Darken | Lighten | Difference | Copy
Overdrive Amount                  	3	AE_16Bit.dll,AE_8Bit.dll,AE_Float.dll	f | f | f | Glow Scale | Glow Aspect | Low|Medium|High|Higher|Hig
Overdrive Soften                  	3	AE_16Bit.dll,AE_8Bit.dll,AE_Float.dll	l | l | c | c | c | Glow Channel
PARTICLE                          	3	AE_16Bit.dll,AE_8Bit.dll,AE_Float.dll	BORIS
PARTICLEA                         	3	AE_16Bit.dll,AE_8Bit.dll,AE_Float.dll	BORIS | PARTICLE | MOTION | PATH | LIGHT
PARTICLEB                         	3	AE_16Bit.dll,AE_8Bit.dll,AE_Float.dll	BORIS | PARTICLE | MOTION | PATH | LIGHT | PARTICLEA
PARTICLES                         	3	AE_16Bit.dll,AE_8Bit.dll,AE_Float.dll	Normal|x2|x3|x5|x10|x20|x5 | Point|Distant|Spot
PATHA                             	3	AE_16Bit.dll,AE_8Bit.dll,AE_Float.dll	PARTICLE | MOTION | PATH | LIGHT | PARTICLEA | PARTICLEB
PATHB                             	3	AE_16Bit.dll,AE_8Bit.dll,AE_Float.dll	MOTION | PATH | LIGHT | PARTICLEA | PARTICLEB | PATHA
PC Intensity PixelChooser Legacy  	3	AE_16Bit.dll,AE_8Bit.dll,AE_Float.dll	Off|On|View Chosen Pixels|
PC Layer PixelChooser Legacy      	3	AE_16Bit.dll,AE_8Bit.dll,AE_Float.dll	
PF Pixel Format Suite             	3	AE_16Bit.dll,AE_Float.dll,BCCPlus.dll	
PI3DModels                        	3	AE_16Bit.dll,AE_8Bit.dll,AE_Float.dll	Wireframe Opacity | Wireframe Thickness | Wireframe Color | Show Surface | Surface Opacity
PIData                            	3	AE_16Bit.dll,AE_8Bit.dll,AE_Float.dll	Missing -  | filename
Paint Layer                       	3	AE_16Bit.dll,AE_8Bit.dll,AE_Float.dll	
PartGroupRender.Texture           	3	AE_16Bit.dll,AE_8Bit.dll,AE_Float.dll	
Particle Angle                    	3	AE_16Bit.dll,AE_8Bit.dll,AE_Float.dll	Align to Motion | Behavior | Single Particle | Attached to Emitter | Attach Amount
Particle Emitter Texture          	3	AE_16Bit.dll,AE_8Bit.dll,AE_Float.dll	
Particle Illusion                 	3	AE_16Bit.dll,AE_8Bit.dll,AE_Float.dll	%s_%d
Particle Illusion Data            	3	AE_16Bit.dll,AE_8Bit.dll,AE_Float.dll	
Particle Velocity Variance        	3	AE_16Bit.dll,AE_8Bit.dll,AE_Float.dll	__ Production __
Particles per Ring                	3	AE_16Bit.dll,AE_8Bit.dll,AE_Float.dll	
Path Scale                        	3	AE_16Bit.dll,AE_8Bit.dll,AE_Float.dll	Forward|Backward|Forward_B
Pattern Settings                  	3	AE_16Bit.dll,AE_8Bit.dll,AE_Float.dll	
Physics                           	3	AE_16Bit.dll,AE_8Bit.dll,AE_Float.dll	Reference Point | Preserve Color | General
Pin FX                            	3	AE_16Bit.dll,AE_8Bit.dll,AE_Float.dll	Unused|Light Source X|Ligh
Pin FX Layer                      	3	AE_16Bit.dll,AE_8Bit.dll,AE_Float.dll	Unused|Light Source X|Ligh | Pin FX
Pin Mode                          	3	AE_16Bit.dll,AE_8Bit.dll,AE_Float.dll	Wave Form | Wave | Wave Blend | Wave Distort
Pin Screen                        	3	AE_16Bit.dll,AE_8Bit.dll,AE_Float.dll	
Pinch Distance                    	3	AE_16Bit.dll,AE_8Bit.dll,AE_Float.dll	BCC Rays | BCC3Rays
Pins                              	3	AE_16Bit.dll,AE_8Bit.dll,AE_Float.dll	
PixelChooser Interaction          	3	AE_16Bit.dll,AE_8Bit.dll,AE_Float.dll	
PixelChooser Target PixelChooser Legacy	3	AE_16Bit.dll,AE_8Bit.dll,AE_Float.dll	Light|Mix|Source Light|Att
Plane                             	3	AE_16Bit.dll,AE_8Bit.dll,AE_Float.dll	Line | Ellipse | CEmitter::AddFreeEmitters
Plane 1                           	3	AE_16Bit.dll,AE_8Bit.dll,AE_Float.dll	
Plane 2                           	3	AE_16Bit.dll,AE_8Bit.dll,AE_Float.dll	Off|Light 1 Only|Light 2 O
Plane 3                           	3	AE_16Bit.dll,AE_8Bit.dll,AE_Float.dll	
Plane 4                           	3	AE_16Bit.dll,AE_8Bit.dll,AE_Float.dll	BCC3Z Space II | Effect|Plane 1|Plane 2|Pla | Scale Plane 3
Plane 5                           	3	AE_16Bit.dll,AE_8Bit.dll,AE_Float.dll	
Plane with Alpha                  	3	AE_16Bit.dll,AE_8Bit.dll,AE_Float.dll	SYSTEM Pos XY | Light1 Pos XY | Light2 Pos XY | Light3 Pos XY | Infinite Plane | Bounded Plane
Planks                            	3	AE_16Bit.dll,AE_8Bit.dll,AE_Float.dll	
Please Wait...                    	3	AE_16Bit.dll,AE_8Bit.dll,AE_Float.dll	
Please click the Analyze button to continue.	3	AE_16Bit.dll,AE_8Bit.dll,AE_Float.dll	%d sec | %d min, %d sec | Analyzing Motion
Point                             	3	AE_16Bit.dll,AE_8Bit.dll,AE_Float.dll	
Point 1 PixelChooser Legacy       	3	AE_16Bit.dll,AE_8Bit.dll,AE_Float.dll	
Point 10 Settings                 	3	AE_16Bit.dll,AE_8Bit.dll,AE_Float.dll	Point 9 Settings
Point 2 PixelChooser Legacy       	3	AE_16Bit.dll,AE_8Bit.dll,AE_Float.dll	Point 1 PixelChooser Legac
Point 2 Settings                  	3	AE_16Bit.dll,AE_8Bit.dll,AE_Float.dll	More Points
Point 3 Settings                  	3	AE_16Bit.dll,AE_8Bit.dll,AE_Float.dll	Point 2 Settings
Point 4 Settings                  	3	AE_16Bit.dll,AE_8Bit.dll,AE_Float.dll	Point 3 Settings
Point 5 Settings                  	3	AE_16Bit.dll,AE_8Bit.dll,AE_Float.dll	Point 4 Settings
Point 6 Settings                  	3	AE_16Bit.dll,AE_8Bit.dll,AE_Float.dll	Point 5 Settings
Point 7 Settings                  	3	AE_16Bit.dll,AE_8Bit.dll,AE_Float.dll	Point 6 Settings
Point 8 Settings                  	3	AE_16Bit.dll,AE_8Bit.dll,AE_Float.dll	Point 7 Settings
Point 9 Settings                  	3	AE_16Bit.dll,AE_8Bit.dll,AE_Float.dll	Point 8 Settings
Point Light                       	3	AE_16Bit.dll,AE_8Bit.dll,AE_Float.dll	Anything|A|B|C|D|E|F|G|H|I | Weak|Linear|Natural|Strong
Point Light 1                     	3	AE_16Bit.dll,AE_8Bit.dll,AE_Float.dll	Render Mode 1 | Spot|Point | Type 1
Point Light 2                     	3	AE_16Bit.dll,AE_8Bit.dll,AE_Float.dll	Light Source 2 | Render Mode 2 | Type 2
Point Light 3                     	3	AE_16Bit.dll,AE_8Bit.dll,AE_Float.dll	Light Source 3 | Render Mode 3 | Type 3
Point Light Style 1               	3	AE_16Bit.dll,AE_8Bit.dll,AE_Float.dll	Spot|Point | Type 1 | Point Light 1
Point Light Style 2               	3	AE_16Bit.dll,AE_8Bit.dll,AE_Float.dll	Render Mode 2 | Type 2 | Point Light 2
Point Light Style 3               	3	AE_16Bit.dll,AE_8Bit.dll,AE_Float.dll	Render Mode 3 | Type 3 | Point Light 3
Point To Object                   	3	AE_16Bit.dll,AE_8Bit.dll,AE_Float.dll	None Selected | Orbit | Free Rotation | Point To Target
Point To Target                   	3	AE_16Bit.dll,AE_8Bit.dll,AE_Float.dll	None Selected | Orbit | Free Rotation
Position                          	3	AE_16Bit.dll,AE_8Bit.dll,AE_Float.dll	BCC3Sphere
Position Clamp                    	3	AE_16Bit.dll,AE_8Bit.dll,AE_Float.dll	__ Shake __ | Shake X | Shake Y | Shake Speed | Mirror|Black|Transparent|S | Edge Type
Position Offset Feedback          	3	AE_16Bit.dll,AE_8Bit.dll,AE_Float.dll	BCC3Trails Basic | __ Source __ | __ Geometry __ | __ Trails __ | __ Trail Feedback __
Position Turb. Over Life          	3	AE_16Bit.dll,AE_8Bit.dll,AE_Float.dll	Weight Over Life | Spin Over Life | Bounce Over Life
Position Turb. Variation          	3	AE_16Bit.dll,AE_8Bit.dll,AE_Float.dll	Weight Variation | Spin Variation | Bounce Variation
Position Turbulence               	3	AE_16Bit.dll,AE_8Bit.dll,AE_Float.dll	Bounce
Post Mix Ease In                  	3	AE_16Bit.dll,AE_8Bit.dll,AE_Float.dll	Post Mix Threshold
Post Mix Ease Out                 	3	AE_16Bit.dll,AE_8Bit.dll,AE_Float.dll	Post Mix Threshold | Post Mix Ease In
Post Mix Threshold                	3	AE_16Bit.dll,AE_8Bit.dll,AE_Float.dll	
Post Process                      	3	AE_16Bit.dll,AE_8Bit.dll,AE_Float.dll	Off|2
Post-process                      	3	AE_16Bit.dll,AE_8Bit.dll,AE_Float.dll	
Pre Key Cleanup                   	3	AE_16Bit.dll,AE_8Bit.dll,AE_Float.dll	
Pre-process                       	3	AE_16Bit.dll,AE_8Bit.dll,AE_Float.dll	BCC3Dust and Scratches
Prep for unload -                 	3	AE_16Bit.dll,AE_8Bit.dll,AE_Float.dll	AEGP Utility Suite | PF Transition Suite | 8bit
Preserve Color                    	3	AE_16Bit.dll,AE_8Bit.dll,AE_Float.dll	Random Start Frame | Frame Delay | Reference Point
Preview Mix                       	3	AE_16Bit.dll,AE_8Bit.dll,AE_Float.dll	
Preview Settings                  	3	AE_16Bit.dll,AE_8Bit.dll,AE_Float.dll	
Private                           	3	BCCPlus.dll,Common	Directory | mgmt | Management | experimental | Experimental | private
Production Boundary               	3	AE_16Bit.dll,AE_8Bit.dll,AE_Float.dll	
Project Load                      	3	AE_16Bit.dll,AE_8Bit.dll,AE_Float.dll	Error opening project file
Project SeqVers                   	3	AE_16Bit.dll,AE_8Bit.dll,AE_Float.dll	
Quick Mask                        	3	AE_16Bit.dll,AE_8Bit.dll,AE_Float.dll	
Quicktime export failed.          	3	AE_16Bit.dll,AE_8Bit.dll,AE_Float.dll	
RGB Misalignment                  	3	AE_16Bit.dll,AE_8Bit.dll,AE_Float.dll	i | k | _ | a | d | j
RRRRRR                            	3	AE_16Bit.dll,AE_8Bit.dll,AE_Float.dll	0u0u0u
Radial Matte                      	3	AE_16Bit.dll,AE_8Bit.dll,AE_Float.dll	
Radius                            	3	AE_16Bit.dll,AE_8Bit.dll,AE_Float.dll	- Tracked - Launch Mocha t | Source Offset/Center  | Offset (Relative)
Radius 1                          	3	AE_16Bit.dll,AE_8Bit.dll,AE_Float.dll	Spot|Point | Type 1 | Point Light 1 | Point Light Style 1 | Feather 1
Radius 2                          	3	AE_16Bit.dll,AE_8Bit.dll,AE_Float.dll	Type 2 | Point Light 2 | Point Light Style 2 | Feather 2
Radius 3                          	3	AE_16Bit.dll,AE_8Bit.dll,AE_Float.dll	Type 3 | Point Light 3 | Point Light Style 3 | Feather 3
Random Gradient                   	3	AE_16Bit.dll,AE_8Bit.dll,AE_Float.dll	Random Range | Use Emitter Emission | Break on Deflector | Uniform Spacing
Random Offset                     	3	AE_16Bit.dll,AE_8Bit.dll,AE_Float.dll	f-Size X Over Life | Turbulence Field | Frequency Scale
Random Range                      	3	AE_16Bit.dll,AE_8Bit.dll,AE_Float.dll	Attached to Emitter | Attach Amount | Particle Angle | Align Angle
Random Start Frame                	3	AE_16Bit.dll,AE_8Bit.dll,AE_Float.dll	No Flip | Flip X | Flip Y | Flip X/Y | Use Single Frame
Randomize Stripes                 	3	AE_16Bit.dll,AE_8Bit.dll,AE_Float.dll	
Randomness                        	3	AE_16Bit.dll,AE_8Bit.dll,AE_Float.dll	
Range Tuning                      	3	AE_16Bit.dll,AE_8Bit.dll,AE_Float.dll	Channel Tuning
Ray Splits                        	3	AE_16Bit.dll,AE_8Bit.dll,AE_Float.dll	
Red Density                       	3	AE_16Bit.dll,AE_8Bit.dll,AE_Float.dll	
Red From                          	3	AE_16Bit.dll,AE_8Bit.dll,AE_Float.dll	
Red Noise                         	3	AE_16Bit.dll,AE_8Bit.dll,AE_Float.dll	
Red Offset                        	3	AE_16Bit.dll,AE_8Bit.dll,AE_Float.dll	t | t | t | t | t | t
Reference                         	3	AE_16Bit.dll,AE_8Bit.dll,AE_Float.dll	Height Maps | Luma|Alpha|Red|Green|Blue | Black|Gray|White
Reference Point                   	3	AE_16Bit.dll,AE_8Bit.dll,AE_Float.dll	Flip X/Y | Use Single Frame | Random Start Frame | Frame Delay
Reflect Edges                     	3	AE_16Bit.dll,AE_8Bit.dll,AE_Float.dll	t | t | Red Offset | Green Offset | Blue Offset | Single Channel|Composite
Reflect off Layer                 	3	AE_16Bit.dll,AE_8Bit.dll,AE_Float.dll	__ Reflection __
Reflection Plane                  	3	AE_16Bit.dll,AE_8Bit.dll,AE_Float.dll	Under Surface Color | Under Fade Start | Under Fade Length | Apply Reflect Rippling
Reflection Style                  	3	AE_16Bit.dll,AE_8Bit.dll,AE_Float.dll	
Region Animation                  	3	AE_16Bit.dll,AE_8Bit.dll,AE_Float.dll	B Height
Region Blend PixelChooser Legacy  	3	AE_16Bit.dll,AE_8Bit.dll,AE_Float.dll	Scale PixelChooser Legacy | Stretch/Direction PixelCho
Region Corner 1                   	3	AE_16Bit.dll,AE_8Bit.dll,AE_Float.dll	Rectangle|Oval|Line
Region Corner 2                   	3	AE_16Bit.dll,AE_8Bit.dll,AE_Float.dll	Rectangle|Oval|Line | Region Corner 1
Region of Interest Bot-Right      	3	AE_16Bit.dll,AE_8Bit.dll,AE_Float.dll	BCC3Matte Cleanup | Region of Interest Top-Lef
Region of Interest Top-Left       	3	AE_16Bit.dll,AE_8Bit.dll,AE_Float.dll	BCC3Matte Cleanup
Regular                           	3	3DObjects,BCCPlus.dll	Extra Bold | SemiBold | Semi Bold | Bold | Extended | Condensed
Relative Offset X                 	3	AE_16Bit.dll,AE_8Bit.dll,AE_Float.dll	Radius  | Scale  | Source Offset X  | Source Offset Y  | Dest Angle
Relative Offset Y                 	3	AE_16Bit.dll,AE_8Bit.dll,AE_Float.dll	Scale  | Source Offset X  | Source Offset Y  | Dest Angle  | Relative Offset X
Remap Mixing                      	3	AE_16Bit.dll,AE_8Bit.dll,AE_Float.dll	y | ) | y | t | Color Remapping | Screen|Add|Lighten|Multipl
Remove Area                       	3	AE_16Bit.dll,AE_8Bit.dll,AE_Float.dll	BCC PI Dissolve
Render Legacy PixelChooser        	3	AE_16Bit.dll,AE_8Bit.dll,AE_Float.dll	
Render Misalignment               	3	AE_16Bit.dll,AE_8Bit.dll,AE_Float.dll	k | _ | a | d | j | RGB Misalignment
Render Mode 1                     	3	AE_16Bit.dll,AE_8Bit.dll,AE_Float.dll	Target Map Layer | Light Source 1
Render Mode 2                     	3	AE_16Bit.dll,AE_8Bit.dll,AE_Float.dll	Light Model 1 | Offset Source 1 | Target 1 | Light Source 2
Render Mode 3                     	3	AE_16Bit.dll,AE_8Bit.dll,AE_Float.dll	Light Model 2 | Offset Source 2 | Target 2 | Light Source 3
RenderAccumulator                 	3	AE_16Bit.dll,AE_8Bit.dll,AE_Float.dll	ConvolutionRenderer :: Mak
RenderMe                          	3	AE_16Bit.dll,AE_8Bit.dll,AE_Float.dll	
RenderSharpen                     	3	AE_16Bit.dll,AE_8Bit.dll,AE_Float.dll	Mix Noise | ConvertFromRGB | ConvertToRGB | RenderSpatial
RenderSpatial                     	3	AE_16Bit.dll,AE_8Bit.dll,AE_Float.dll	NoiseReductionFilter::Rend | Mix Noise | ConvertFromRGB | ConvertToRGB
RenderTemporal                    	3	AE_16Bit.dll,AE_8Bit.dll,AE_Float.dll	
Reorient                          	3	AE_16Bit.dll,AE_8Bit.dll,AE_Float.dll	
Repeat Alpha                      	3	AE_16Bit.dll,AE_8Bit.dll,AE_Float.dll	Colors / Alpha | Link to Color | Alpha from layer | Alpha Over Life | Alpha Type
Repeat Color                      	3	AE_16Bit.dll,AE_8Bit.dll,AE_Float.dll	Random Gradient | Next key color | Color from layer | Color / Alpha | Color Over Life
Reverse Effect                    	3	AE_16Bit.dll,AE_8Bit.dll,AE_Float.dll	Animation Tuning Graph
Reverse Range PixelChooser Legacy 	3	AE_16Bit.dll,AE_8Bit.dll,AE_Float.dll	Region Blend PixelChooser
Reverse Transition                	3	AE_16Bit.dll,AE_8Bit.dll,AE_Float.dll	
ReverseSubtract                   	3	AE_16Bit.dll,AE_8Bit.dll,AE_Float.dll	ExpandDifference | ExpandDifference2 | Transparency | MoreGray | LeastGray
ReverseSubtractBasic              	3	AE_16Bit.dll,AE_8Bit.dll,AE_Float.dll	ExpandDifference2 | Transparency | MoreGray | LeastGray | ReverseSubtract
Right Offset                      	3	AE_16Bit.dll,AE_8Bit.dll,AE_Float.dll	Compare Type | Host Layer | Slide | Wipe
Ring Center                       	3	AE_16Bit.dll,AE_8Bit.dll,AE_Float.dll	Modulation 1 Layer | Scale 1 | Scale 2 | Morph | Ripple Center | Wave Anchor
Ring Controls                     	3	AE_16Bit.dll,AE_8Bit.dll,AE_Float.dll	On|Inverse|Inside Only|Out
Rings per Layer                   	3	AE_16Bit.dll,AE_8Bit.dll,AE_Float.dll	Particles per Ring
Ripple Center                     	3	AE_16Bit.dll,AE_8Bit.dll,AE_Float.dll	0 | x | Modulation 1 Layer | Scale 1 | Scale 2 | Morph
Ripple Controls                   	3	AE_16Bit.dll,AE_8Bit.dll,AE_Float.dll	
Ripple On Floor                   	3	AE_16Bit.dll,AE_8Bit.dll,AE_Float.dll	
Rock                              	3	AE_16Bit.dll,AE_8Bit.dll,AE_Float.dll	
SHELL32.dll                       	3	AE_16Bit.dll,AE_8Bit.dll,AE_Float.dll	SHBrowseForFolderA
SINK Pos XY                       	3	AE_16Bit.dll,AE_8Bit.dll,AE_Float.dll	Particle Emitter Texture | EMITTER Pos XY
SPAWN PARTICLES                   	3	AE_16Bit.dll,AE_8Bit.dll,AE_Float.dll	
SYSTEM Pos XY                     	3	AE_16Bit.dll,AE_8Bit.dll,AE_Float.dll	Particle Emitter Texture | EMITTER Pos XY | SINK Pos XY
Sample Controls                   	3	AE_16Bit.dll,AE_8Bit.dll,AE_Float.dll	
Saturation Hard Clip              	3	AE_16Bit.dll,AE_8Bit.dll,AE_Float.dll	Saturation Soft Clip
Saturation High Softness          	3	AE_16Bit.dll,AE_8Bit.dll,AE_Float.dll	Lightness Match On | Hue Low Softness | Hue High Softness | Saturation Low Softness
Saturation Low Softness           	3	AE_16Bit.dll,AE_8Bit.dll,AE_Float.dll	Saturation Match On | Lightness Match On | Hue Low Softness | Hue High Softness
Saturation Match On               	3	AE_16Bit.dll,AE_8Bit.dll,AE_Float.dll	Stage 1 Mode | Stage 1 | Hue Offset | Lightness Offset | Hue Match On
Saturation Soft Clip              	3	AE_16Bit.dll,AE_8Bit.dll,AE_Float.dll	
Save...                           	3	AE_16Bit.dll,AE_8Bit.dll,AE_Float.dll	std::exception - see log f
Scale                             	3	AE_16Bit.dll,AE_8Bit.dll,AE_Float.dll	- Tracked - Launch Mocha t | Source Offset/Center  | Offset (Relative) | Radius
Scale 1                           	3	AE_16Bit.dll,AE_8Bit.dll,AE_Float.dll	x | , | x | 0 | x | Modulation 1 Layer
Scale 2                           	3	AE_16Bit.dll,AE_8Bit.dll,AE_Float.dll	, | x | 0 | x | Modulation 1 Layer | Scale 1
Scale Borders                     	3	AE_16Bit.dll,AE_8Bit.dll,AE_Float.dll	
Scale Number with Shape           	3	AE_16Bit.dll,AE_8Bit.dll,AE_Float.dll	All Masks, Selected Layer| | Single Mask
Scale Particle Alpha              	3	AE_16Bit.dll,AE_8Bit.dll,AE_Float.dll	Alpha Over Life | Alpha Type | Repeat Alpha | Update Alpha From Layer | Use Particle Color
Scale PixelChooser Legacy         	3	AE_16Bit.dll,AE_8Bit.dll,AE_Float.dll	From PixelChooser Legacy | To PixelChooser Legacy | To
Scale Plane 3                     	3	AE_16Bit.dll,AE_8Bit.dll,AE_Float.dll	K | Y | g | s | BCC3Z Space II | Effect|Plane 1|Plane 2|Pla
Scale and Offset                  	3	AE_16Bit.dll,AE_8Bit.dll,AE_Float.dll	Crop
Scan Lines                        	3	AE_16Bit.dll,AE_8Bit.dll,AE_Float.dll	Normal|Lighten|Screen|Add | Dust
Scanline Control                  	3	AE_16Bit.dll,AE_8Bit.dll,AE_Float.dll	Color Gun Offset
Scatter Time                      	3	AE_16Bit.dll,AE_8Bit.dll,AE_Float.dll	
ScreenHeight                      	3	AE_16Bit.dll,AE_8Bit.dll,AE_Float.dll	NumofDisplays
ScreenWidth                       	3	AE_16Bit.dll,AE_8Bit.dll,AE_Float.dll	NumofDisplays | ScreenHeight
Scroll Curve                      	3	AE_16Bit.dll,AE_8Bit.dll,AE_Float.dll	Full Effect (Max 30 Second
Select Host Mask                  	3	AE_16Bit.dll,AE_8Bit.dll,AE_Float.dll	Current|Spawn Time|Master
Selected device does not support double	3	AE_16Bit.dll,AE_8Bit.dll,AE_Float.dll	threshold
Set Start Frame                   	3	AE_16Bit.dll,AE_8Bit.dll,AE_Float.dll	
Shadow 1                          	3	AE_16Bit.dll,AE_8Bit.dll,AE_Float.dll	
Shadow 2                          	3	AE_16Bit.dll,AE_8Bit.dll,AE_Float.dll	
Shadow 3                          	3	AE_16Bit.dll,AE_8Bit.dll,AE_Float.dll	
Shadow Direction                  	3	AE_16Bit.dll,AE_8Bit.dll,AE_Float.dll	__ Shadows __ | Off|Faster # 1|Faster # 2| | Shadow Elevation
Shadow Elevation                  	3	AE_16Bit.dll,AE_8Bit.dll,AE_Float.dll	Off|Rough|Medium|Smooth|Sm | __ Shadows __ | Off|Faster # 1|Faster # 2|
Shadow Plane                      	3	AE_16Bit.dll,AE_8Bit.dll,AE_Float.dll	Floor Fade Start | Floor Fade Length | Apply Floor Rippling
Shadow Range                      	3	AE_16Bit.dll,AE_8Bit.dll,AE_Float.dll	Range Preview | Highlight Range | Midtone High Range | Midtone Low Range
Shadow Sharpen                    	3	AE_16Bit.dll,AE_8Bit.dll,AE_Float.dll	Shadow Range | Highlight Sharpen | Midtone Sharpen
ShadowInvMat                      	3	AE_16Bit.dll,AE_8Bit.dll,AE_Float.dll	
Shake Ease In                     	3	AE_16Bit.dll,AE_8Bit.dll,AE_Float.dll	BCC Light Leaks Dissolve | BCCLightLeakDslv | /
Shake Ease Mid                    	3	AE_16Bit.dll,AE_8Bit.dll,AE_Float.dll	BCC Light Leaks Dissolve | BCCLightLeakDslv | / | Shake Ease In
Shake Ease Out                    	3	AE_16Bit.dll,AE_8Bit.dll,AE_Float.dll	BCCLightLeakDslv | / | Shake Ease In | Shake Ease Mid
Shake Speed                       	3	AE_16Bit.dll,AE_8Bit.dll,AE_Float.dll	__ Shake __ | Shake X | Shake Y
Shape Image                       	3	AE_16Bit.dll,AE_8Bit.dll,AE_Float.dll	Custom Shape
Shape PixelChooser Legacy         	3	AE_16Bit.dll,AE_8Bit.dll,AE_Float.dll	PC Intensity PixelChooser
Shape Selection                   	3	AE_16Bit.dll,AE_8Bit.dll,AE_Float.dll	Swirl Amount | Swirl Turbulence
Sharpen                           	3	AE_16Bit.dll,AE_8Bit.dll,AE_Float.dll	Softening | Off|Y|YCbCr
Sharpen On                        	3	AE_16Bit.dll,AE_8Bit.dll,AE_Float.dll	1|2|3|4|5
Shift FX Layer                    	3	AE_16Bit.dll,AE_8Bit.dll,AE_Float.dll	Individual FX Layers
Show Surface                      	3	AE_16Bit.dll,AE_8Bit.dll,AE_Float.dll	Model Scale Y | Model Scale Z | Wireframe Opacity | Wireframe Thickness | Wireframe Color
Show UI                           	3	AE_16Bit.dll,AE_8Bit.dll,AE_Float.dll	
Show Under Floor                  	3	AE_16Bit.dll,AE_8Bit.dll,AE_Float.dll	Auto-scale Interactor | None|Shadow|Shadow&Light
Show Under Reflect                	3	AE_16Bit.dll,AE_8Bit.dll,AE_Float.dll	
Show Wireframe                    	3	AE_16Bit.dll,AE_8Bit.dll,AE_Float.dll	Use Old Calculation Method | Use 3D Model | Model File: | Use Model Color for Tint
Single Mask                       	3	AE_16Bit.dll,AE_8Bit.dll,AE_Float.dll	All Masks, Selected Layer|
Single Particle                   	3	AE_16Bit.dll,AE_8Bit.dll,AE_Float.dll	Size X Variation | Size X Over Life | Align to Motion | Behavior
Size                              	3	AE_16Bit.dll,AE_8Bit.dll,AE_Float.dll	BCC6Pixel Fixer
Size FX Layer                     	3	AE_16Bit.dll,AE_8Bit.dll,AE_Float.dll	Individual FX Layers | Shift FX Layer
Size Limit                        	3	AE_16Bit.dll,AE_8Bit.dll,AE_Float.dll	Randomness | Break Particles | Velocity Randomness
Size Over Life                    	3	AE_16Bit.dll,AE_8Bit.dll,AE_Float.dll	New Free Emitter Type | Size Variation
Size Turb. Over Life              	3	AE_16Bit.dll,AE_8Bit.dll,AE_Float.dll	Spin Over Life | Bounce Over Life | Position Turb. Over Life
Size Turbulence                   	3	AE_16Bit.dll,AE_8Bit.dll,AE_Float.dll	Bounce | Position Turbulence
Size Turbulence Variation         	3	AE_16Bit.dll,AE_8Bit.dll,AE_Float.dll	Spin Variation | Bounce Variation | Position Turb. Variation
Size Variation                    	3	AE_16Bit.dll,AE_8Bit.dll,AE_Float.dll	New Free Emitter Type
Size X Over Life                  	3	AE_16Bit.dll,AE_8Bit.dll,AE_Float.dll	New Particle Type | Size X Variation
Size X Variation                  	3	AE_16Bit.dll,AE_8Bit.dll,AE_Float.dll	New Particle Type
Size Y Over Life                  	3	AE_16Bit.dll,AE_8Bit.dll,AE_Float.dll	Reference Point | Preserve Color | General | Physics | Emission
Size Y Variation                  	3	AE_16Bit.dll,AE_8Bit.dll,AE_Float.dll	Size Turb. Over Life | Life Variation | Number Variation
Skip                              	3	AE_16Bit.dll,AE_8Bit.dll,AE_Float.dll	BCC Rays | BCC3Rays | Pinch Distance | Multiplier | Start
Slide                             	3	AE_16Bit.dll,AE_8Bit.dll,AE_Float.dll	Compare Type | Host Layer
Smoke On                          	3	AE_16Bit.dll,AE_8Bit.dll,AE_Float.dll	D | J
Soft Clip                         	3	AE_16Bit.dll,AE_8Bit.dll,AE_Float.dll	NTSC, no Setup | NTSC, 7.5 IRE Setup | PAL | Chroma
SoftDissolve                      	3	AE_16Bit.dll,AE_8Bit.dll,AE_Float.dll	Transparency | MoreGray | LeastGray | ReverseSubtract | ReverseSubtractBasic
Soften Method                     	3	AE_16Bit.dll,AE_8Bit.dll,AE_Float.dll	BCC6Cartoon2Look
Softening                         	3	AE_16Bit.dll,AE_8Bit.dll,AE_Float.dll	Temporal | Spatial
Softer Cartoon                    	3	AE_16Bit.dll,AE_8Bit.dll,AE_Float.dll	5 | 7 | ' | I | t | White Boost
Softness Mode                     	3	AE_16Bit.dll,AE_8Bit.dll,AE_Float.dll	Minimum Softness | Use Minimum|Use Initial|Us
Softness Spill                    	3	AE_16Bit.dll,AE_8Bit.dll,AE_Float.dll	Light Wrap Edge | Light Wrap Spill On | Light Wrap Spill | Wrap Source Spill
Some of essential image attributes are absent	3	AE_16Bit.dll,AE_8Bit.dll,AE_Float.dll	layout | interleaved | x | roi | coi | y
Some of essential matrix attributes are absent	3	AE_16Bit.dll,AE_8Bit.dll,AE_Float.dll	cvReadRawData | opencv-matrix | cols | rows | data | dt
Some of essential sequence attributes are absent	3	AE_16Bit.dll,AE_8Bit.dll,AE_Float.dll	opencv-sequence-tree | FALSE | icvReadSeq | sequences | The sequence flags are inv
Some of stored vertex indices are out of range	3	AE_16Bit.dll,AE_8Bit.dll,AE_Float.dll	No vertices data | No edges data | Duplicated edge has occure
Source Center                     	3	AE_16Bit.dll,AE_8Bit.dll,AE_Float.dll	Dest Center
Source Edges                      	3	AE_16Bit.dll,AE_8Bit.dll,AE_Float.dll	
Source Format                     	3	AE_16Bit.dll,AE_8Bit.dll,AE_Float.dll	Equirectangular|Horizontal
Source Geometry                   	3	AE_16Bit.dll,AE_8Bit.dll,AE_Float.dll	
Source Height                     	3	AE_16Bit.dll,AE_8Bit.dll,AE_Float.dll	Frame Scale Y | Source Size | Source Width
Source Layer 1                    	3	AE_16Bit.dll,AE_8Bit.dll,AE_Float.dll	White Color|Layer 1|Layer
Source Layer 2                    	3	AE_16Bit.dll,AE_8Bit.dll,AE_Float.dll	Source Layer 1
Source Offset X                   	3	AE_16Bit.dll,AE_8Bit.dll,AE_Float.dll	Source Offset/Center  | Offset (Relative) | Radius  | Scale
Source Offset Y                   	3	AE_16Bit.dll,AE_8Bit.dll,AE_Float.dll	Source Offset/Center  | Offset (Relative) | Radius  | Scale  | Source Offset X
Source Size                       	3	AE_16Bit.dll,AE_8Bit.dll,AE_Float.dll	Frame Scale X | Frame Scale Y
Source Tracker                    	3	AE_16Bit.dll,AE_8Bit.dll,AE_Float.dll	Light Strobe 3
Source Width                      	3	AE_16Bit.dll,AE_8Bit.dll,AE_Float.dll	Frame Scale X | Frame Scale Y | Source Size
Source image                      	3	AE_16Bit.dll,AE_8Bit.dll,AE_Float.dll	blurAmtX | blurAmtY
Sparse matrix data is corrupted   	3	AE_16Bit.dll,AE_8Bit.dll,AE_Float.dll	Could not determine sparse | icvReadSparseMat | icvWriteImage
Spatial                           	3	AE_16Bit.dll,AE_8Bit.dll,AE_Float.dll	Temporal
Spatial Master                    	3	AE_16Bit.dll,AE_8Bit.dll,AE_Float.dll	Boost | Add | Stage 1|Stage 2|Stage 1 Fi
Spatial Stage 1                   	3	AE_16Bit.dll,AE_8Bit.dll,AE_Float.dll	Boost | Add | Stage 1|Stage 2|Stage 1 Fi | Spatial Master
Spatial Stage 2                   	3	AE_16Bit.dll,AE_8Bit.dll,AE_Float.dll	Stage 1|Stage 2|Stage 1 Fi | Spatial Master | Spatial Stage 1
Spawn Color Gradient              	3	AE_16Bit.dll,AE_8Bit.dll,AE_Float.dll	Anything|A|B|C|D|E|F|G|H|I
Spawned Image Layer %d            	3	AE_16Bit.dll,AE_8Bit.dll,AE_Float.dll	Plane with Alpha | AE 3D Layer Infinite | AE 3D Layer Bounded | AE 3D Layer with Alpha
Specular Falloff                  	3	AE_16Bit.dll,AE_8Bit.dll,AE_Float.dll	
Sphere 1                          	3	AE_16Bit.dll,AE_8Bit.dll,AE_Float.dll	
Sphere 2                          	3	AE_16Bit.dll,AE_8Bit.dll,AE_Float.dll	Front|Back|Front and Back
Spill +                           	3	AE_16Bit.dll,AE_8Bit.dll,AE_Float.dll	Man. Sample BG | Point
Spill -                           	3	AE_16Bit.dll,AE_8Bit.dll,AE_Float.dll	Man. Sample BG | Point | Spill +
Spill Suppression On              	3	AE_16Bit.dll,AE_8Bit.dll,AE_Float.dll	Chroma Key On | Chroma Key
Spin Over Life                    	3	AE_16Bit.dll,AE_8Bit.dll,AE_Float.dll	Physics | Emission | Size Y Over Life | Velocity Over Life | Weight Over Life
Spin Variation                    	3	AE_16Bit.dll,AE_8Bit.dll,AE_Float.dll	Number Variation | Size Y Variation | Weight Variation
Splash on Layer                   	3	AE_16Bit.dll,AE_8Bit.dll,AE_Float.dll	__ Interaction __
Spline Mask                       	3	AE_16Bit.dll,AE_8Bit.dll,AE_Float.dll	Off
Spot Light                        	3	AE_16Bit.dll,AE_8Bit.dll,AE_Float.dll	None|Intensity(mult)|Shado
Spot Light 1                      	3	AE_16Bit.dll,AE_8Bit.dll,AE_Float.dll	Spot|Point | Type 1 | Point Light 1 | Point Light Style 1 | Feather 1 | Radius 1
Spot Light 2                      	3	AE_16Bit.dll,AE_8Bit.dll,AE_Float.dll	Type 2 | Point Light 2 | Point Light Style 2 | Feather 2 | Radius 2
Spot Light 3                      	3	AE_16Bit.dll,AE_8Bit.dll,AE_Float.dll	Type 3 | Point Light 3 | Point Light Style 3 | Feather 3 | Radius 3
Spot Source                       	3	AE_16Bit.dll,AE_8Bit.dll,AE_Float.dll	BCC Rays_Radiant Spotlight
Spot Target                       	3	AE_16Bit.dll,AE_8Bit.dll,AE_Float.dll	BCC Rays_Radiant Spotlight | Spot Source
Spotlight 1 On                    	3	AE_16Bit.dll,AE_8Bit.dll,AE_Float.dll	Shadow Elevation | Shadow Direction | Casts | Lights Cast Shadows
Spotlight Controls                	3	AE_16Bit.dll,AE_8Bit.dll,AE_Float.dll	Bloom|Matte|View|Off
Spread and Smooth                 	3	AE_16Bit.dll,AE_8Bit.dll,AE_Float.dll	BCC6Cartoon2Look | Soften Method
Stage 1                           	3	AE_16Bit.dll,AE_8Bit.dll,AE_Float.dll	Bypass|On|Invert|Solo | Stage 1 Mode
Stage 1 Mode                      	3	AE_16Bit.dll,AE_8Bit.dll,AE_Float.dll	Bypass|On|Invert|Solo
Stage 2                           	3	AE_16Bit.dll,AE_8Bit.dll,AE_Float.dll	Bypass|Add|Subtract|Multip | Stage 2 Mode
Stage 2 Mode                      	3	AE_16Bit.dll,AE_8Bit.dll,AE_Float.dll	Bypass|Add|Subtract|Multip
Stage 3                           	3	AE_16Bit.dll,AE_8Bit.dll,AE_Float.dll	Bypass|Add|Subtract|Multip | Stage 2 Mode | Stage 2 | Stage 3 Mode
Stage 3 Mode                      	3	AE_16Bit.dll,AE_8Bit.dll,AE_Float.dll	Bypass|Add|Subtract|Multip | Stage 2 Mode | Stage 2
Stage 4                           	3	AE_16Bit.dll,AE_8Bit.dll,AE_Float.dll	Stage 2 Mode | Stage 2 | Stage 3 Mode | Stage 3 | Stage 4 Mode
Stage 4 Mode                      	3	AE_16Bit.dll,AE_8Bit.dll,AE_Float.dll	Stage 2 Mode | Stage 2 | Stage 3 Mode | Stage 3
Stage 5                           	3	AE_16Bit.dll,AE_8Bit.dll,AE_Float.dll	Stage 2 | Stage 3 Mode | Stage 3 | Stage 4 Mode | Stage 4 | Stage 5 Mode
Stage 5 Mode                      	3	AE_16Bit.dll,AE_8Bit.dll,AE_Float.dll	Stage 2 Mode | Stage 2 | Stage 3 Mode | Stage 3 | Stage 4 Mode | Stage 4
Stage 6                           	3	AE_16Bit.dll,AE_8Bit.dll,AE_Float.dll	Stage 3 | Stage 4 Mode | Stage 4 | Stage 5 Mode | Stage 5 | Stage 6 Mode
Stage 6 Mode                      	3	AE_16Bit.dll,AE_8Bit.dll,AE_Float.dll	Stage 3 Mode | Stage 3 | Stage 4 Mode | Stage 4 | Stage 5 Mode | Stage 5
Stain                             	3	AE_16Bit.dll,AE_8Bit.dll,AE_Float.dll	
Start                             	3	AE_16Bit.dll,AE_8Bit.dll,AE_Float.dll	BCC Rays | BCC3Rays | Pinch Distance | Multiplier
Start Color Source                	3	AE_16Bit.dll,AE_8Bit.dll,AE_Float.dll	Brightness Variance | __ Appearance __
Start Color Source Layer          	3	AE_16Bit.dll,AE_8Bit.dll,AE_Float.dll	
Start Jitter 1                    	3	AE_16Bit.dll,AE_8Bit.dll,AE_Float.dll	
Start Tracking Frame              	3	AE_16Bit.dll,AE_8Bit.dll,AE_Float.dll	Use External Data | Tracker Center KF
Start on Frame                    	3	AE_16Bit.dll,AE_8Bit.dll,AE_Float.dll	Particle Velocity Variance | __ Options __
Static Amount                     	3	AE_16Bit.dll,AE_8Bit.dll,AE_Float.dll	Up|Down|Up and Down|Down a | Damage
Stick to Layer                    	3	AE_16Bit.dll,AE_8Bit.dll,AE_Float.dll	End Color Source Layer | __ Chaos __
Still Image file not found.       	3	AE_16Bit.dll,AE_8Bit.dll,AE_Float.dll	RESTYPE | We don't use error 0 | Can't open the settings fi
Strands                           	3	AE_16Bit.dll,AE_8Bit.dll,AE_Float.dll	Dark and Light|Light Only|
Stripes 1                         	3	AE_16Bit.dll,AE_8Bit.dll,AE_Float.dll	
Stripes 2                         	3	AE_16Bit.dll,AE_8Bit.dll,AE_Float.dll	
Surface Image                     	3	AE_16Bit.dll,AE_8Bit.dll,AE_Float.dll	
Surface Opacity                   	3	AE_16Bit.dll,AE_8Bit.dll,AE_Float.dll	Model Scale Z | Wireframe Opacity | Wireframe Thickness | Wireframe Color | Show Surface
Sweep                             	3	AE_16Bit.dll,AE_8Bit.dll,AE_Float.dll	Full|Upper|Lower | Sweep Field | Horizontal|Vertical
Sweep Field                       	3	AE_16Bit.dll,AE_8Bit.dll,AE_Float.dll	RGB (0-255)|D1 (16-235) | Full|Upper|Lower
Sweep Width                       	3	AE_16Bit.dll,AE_8Bit.dll,AE_Float.dll	Specular Falloff
Swirl Amount                      	3	AE_16Bit.dll,AE_8Bit.dll,AE_Float.dll	Minimum Distance | Enable Fluid Dynamics
Swirl Turbulence                  	3	AE_16Bit.dll,AE_8Bit.dll,AE_Float.dll	Enable Fluid Dynamics | Swirl Amount
Switch to full resolution to sample grain.	3	AE_16Bit.dll,AE_8Bit.dll,AE_Float.dll	
System                            	3	AE_16Bit.dll,AE_8Bit.dll,AE_Float.dll	
TRANSFORM PARTICLE                	3	AE_16Bit.dll,AE_8Bit.dll,AE_Float.dll	Image Layer 5 | Image Layer 6 | Image Layer 7
TRANSFORM SYSTEM                  	3	AE_16Bit.dll,AE_8Bit.dll,AE_Float.dll	EFFECTS
Taffy Stretch                     	3	AE_16Bit.dll,AE_8Bit.dll,AE_Float.dll	
Target 1                          	3	AE_16Bit.dll,AE_8Bit.dll,AE_Float.dll	Interest XY 1 | Interest Z 1 | Cone Angle 1 | Cone Feather 1 | Light Model 1 | Offset Source 1
Target 2                          	3	AE_16Bit.dll,AE_8Bit.dll,AE_Float.dll	Interest Z 2 | Cone Angle 2 | Cone Feather 2 | Off|Natural | Light Model 2 | Offset Source 2
Target 3                          	3	AE_16Bit.dll,AE_8Bit.dll,AE_Float.dll	Interest XY 3 | Interest Z 3 | Cone Angle 3 | Cone Feather 3 | Light Model 3 | Offset Source 3
Target Map Layer                  	3	AE_16Bit.dll,AE_8Bit.dll,AE_Float.dll	
Target Tracker                    	3	AE_16Bit.dll,AE_8Bit.dll,AE_Float.dll	Source Tracker | Apply 1 | Offset X 1 | Offset Y 1
Target XYZ                        	3	AE_16Bit.dll,AE_8Bit.dll,AE_Float.dll	Orbit | Free Rotation | Point To Target | Point To Object | Camera Preset:
Temporal                          	3	AE_16Bit.dll,AE_8Bit.dll,AE_Float.dll	Effect|Y|Cb|Cr | Temporal-Spatial|Spatial|T
TemporalDiffusionRenderer         	3	AE_16Bit.dll,AE_8Bit.dll,AE_Float.dll	RenderTemporal
Texture Flow Direction            	3	AE_16Bit.dll,AE_8Bit.dll,AE_Float.dll	Noise Map Texture
Texture Geometrics                	3	AE_16Bit.dll,AE_8Bit.dll,AE_Float.dll	Motion Vectors
Texture file is not found.        	3	AE_16Bit.dll,AE_8Bit.dll,AE_Float.dll	
Thank you for registering Continuum 2026	3	AE_16Bit.dll,AE_8Bit.dll,AE_Float.dll	
The file storage is opened for reading	3	AE_16Bit.dll,AE_8Bit.dll,AE_Float.dll	rt | .xml | cvStartWriteStruct | cvEndWriteStruct
The image data is not found in file storage	3	AE_16Bit.dll,AE_8Bit.dll,AE_Float.dll	x | roi | coi | y | Some of essential image at | icvReadImage
The library is compiled without CUDA support	3	AE_16Bit.dll,AE_8Bit.dll,AE_Float.dll	
The library is compiled without OpenGL support	3	AE_16Bit.dll,AE_8Bit.dll,AE_Float.dll	`anonymous-namespace'::thr
The mask must be 8-bit 1-channel image	3	AE_16Bit.dll,AE_8Bit.dll,AE_Float.dll	Only 8-bit 1-channel and 3
The matrix data is not found in file storage	3	AE_16Bit.dll,AE_8Bit.dll,AE_Float.dll	icvReadMat | The matrix size does not m
The object does not have write function	3	AE_16Bit.dll,AE_8Bit.dll,AE_Float.dll	Unknown object | Null pointer to the writte
The sequence element is not a numerical scalar	3	AE_16Bit.dll,AE_8Bit.dll,AE_Float.dll	The sequence slice does no
The sequence flags are invalid    	3	AE_16Bit.dll,AE_8Bit.dll,AE_Float.dll	False | 0 | opencv-sequence-tree | FALSE | icvReadSeq | sequences
The storage is not opened         	3	AE_16Bit.dll,AE_8Bit.dll,AE_Float.dll	_
There are no active trackers.     	3	AE_16Bit.dll,AE_8Bit.dll,AE_Float.dll	
This file has no audio tracks.    	3	AE_16Bit.dll,AE_8Bit.dll,AE_Float.dll	
This filter is not supported in this host.	3	AE_16Bit.dll,AE_8Bit.dll,AE_Float.dll	extra->cb->checkout_output |  DoRender unexpected null
This method is not implemented for oclMat yet	3	AE_16Bit.dll,AE_8Bit.dll,AE_Float.dll	cv::scalarToRawData | cn <= 4 | cv::_InputArray::getMat | i < 0 | 0 <= i && i < (int)vv.size
Threshold Angle                   	3	AE_16Bit.dll,AE_8Bit.dll,AE_Float.dll	Use Model Color for Tint | Show Wireframe | Emit From
Threshold Soften                  	3	AE_16Bit.dll,AE_8Bit.dll,AE_Float.dll	BCC Beauty Studio
Tile 1                            	3	AE_16Bit.dll,AE_8Bit.dll,AE_Float.dll	
Tile 2                            	3	AE_16Bit.dll,AE_8Bit.dll,AE_Float.dll	
Tint Strength                     	3	AE_16Bit.dll,AE_8Bit.dll,AE_Float.dll	Particle Illusion Data | Launch PI 2026 | Direct (Classic)|Alpha + A | Composite Style
To PixelChooser Legacy            	3	AE_16Bit.dll,AE_8Bit.dll,AE_Float.dll	Point 2 PixelChooser Legac | From PixelChooser Legacy
Tolerance                         	3	AE_16Bit.dll,AE_8Bit.dll,AE_Float.dll	BCC8Color Range Key
Top Cap On                        	3	AE_16Bit.dll,AE_8Bit.dll,AE_Float.dll	Swirl Amount | Swirl Turbulence | Shape Selection
Top Left                          	3	AE_16Bit.dll,AE_8Bit.dll,AE_Float.dll	+CMD/CTRL on Corner Line t
Top Right                         	3	AE_16Bit.dll,AE_8Bit.dll,AE_Float.dll	+CMD/CTRL on Corner Line t | Top Left
Tracker Auto-Man                  	3	AE_16Bit.dll,AE_8Bit.dll,AE_Float.dll	Tracker Time Offset | Use Offset Only | Off|Start|End|Start and En
Tracker Center KF                 	3	AE_16Bit.dll,AE_8Bit.dll,AE_Float.dll	Use External Data
Tracker Time Offset               	3	AE_16Bit.dll,AE_8Bit.dll,AE_Float.dll	Start Tracking Frame | End Tracking Frame
Trail Fade                        	3	AE_16Bit.dll,AE_8Bit.dll,AE_Float.dll	Connect to Emitter | Connect Free Emitters | Draw Trails | Trail Length
Trail Feedback                    	3	AE_16Bit.dll,AE_8Bit.dll,AE_Float.dll	
Trail Length                      	3	AE_16Bit.dll,AE_8Bit.dll,AE_Float.dll	Use Emitter Alpha | Connect to Emitter | Connect Free Emitters | Draw Trails
Trail Taper                       	3	AE_16Bit.dll,AE_8Bit.dll,AE_Float.dll	Connect to Emitter | Connect Free Emitters | Draw Trails | Trail Length | Trail Fade
Trails Geometry                   	3	AE_16Bit.dll,AE_8Bit.dll,AE_Float.dll	Source Time|Current Time
Transform - Particle              	3	AE_16Bit.dll,AE_8Bit.dll,AE_Float.dll	XYZ|ZXY|YZX|XZY|ZYX|YXZ
Transform - Pins                  	3	AE_16Bit.dll,AE_8Bit.dll,AE_Float.dll	X Axis|Y Axis
Transform - Screen                	3	AE_16Bit.dll,AE_8Bit.dll,AE_Float.dll	Pin Screen
Transform - System                	3	AE_16Bit.dll,AE_8Bit.dll,AE_Float.dll	
Transparent                       	3	AE_16Bit.dll,AE_8Bit.dll,AE_Float.dll	Ignore|Mix|Prefer
Turbulence Field                  	3	AE_16Bit.dll,AE_8Bit.dll,AE_Float.dll	Size Variation | Size Over Life | f-Size X Variation | f-Size X Over Life
Turbulence Field Zoom             	3	AE_16Bit.dll,AE_8Bit.dll,AE_Float.dll	Octave Freq Scale (%) | Octave Amp Scale (%) | Auto Evolve X | Auto Evolve Y | Auto Evolve Z
Turbulence Settings               	3	AE_16Bit.dll,AE_8Bit.dll,AE_Float.dll	Spline|Quadric|Cubic|Quadr
Twist                             	3	AE_16Bit.dll,AE_8Bit.dll,AE_Float.dll	World|Camera | Light Source|Texture 1|Tex
Type 1                            	3	AE_16Bit.dll,AE_8Bit.dll,AE_Float.dll	Light Source 1 | Render Mode 1 | Spot|Point
Type 2                            	3	AE_16Bit.dll,AE_8Bit.dll,AE_Float.dll	Light Source 2 | Render Mode 2
Type 3                            	3	AE_16Bit.dll,AE_8Bit.dll,AE_Float.dll	Light Source 3 | Render Mode 3
Type PixelChooser Legacy          	3	AE_16Bit.dll,AE_8Bit.dll,AE_Float.dll	PC Layer PixelChooser Lega
UNKNOWN                           	3	AE_16Bit.dll,AE_8Bit.dll,AE_Float.dll	MST | NBL | TBM | FLMR | LWK | ATG
UP Result                         	3	AE_16Bit.dll,AE_8Bit.dll,AE_Float.dll	DS Result
UUUA                              	3	AE_16Bit.dll,AE_8Bit.dll,AE_Float.dll	
Unable to read preset file.       	3	AE_16Bit.dll,AE_8Bit.dll,AE_Float.dll	Memory error while saving  | Memory Allocation Error.
Unable to write preset file.      	3	AE_16Bit.dll,AE_8Bit.dll,AE_Float.dll	
Under Color Mix                   	3	AE_16Bit.dll,AE_8Bit.dll,AE_Float.dll	Show Under Reflect | Opacity Under Reflect
Under Fade Length                 	3	AE_16Bit.dll,AE_8Bit.dll,AE_Float.dll	Opacity Under Reflect | Under Color Mix | Under Surface Color | Under Fade Start
Under Fade Start                  	3	AE_16Bit.dll,AE_8Bit.dll,AE_Float.dll	Show Under Reflect | Opacity Under Reflect | Under Color Mix | Under Surface Color
Under Surface Color               	3	AE_16Bit.dll,AE_8Bit.dll,AE_Float.dll	Show Under Reflect | Opacity Under Reflect | Under Color Mix
Unexpected Corrupt Tracker        	3	AE_16Bit.dll,AE_8Bit.dll,AE_Float.dll	Unexpected track from star
Unexpected Missing Tracker        	3	AE_16Bit.dll,AE_8Bit.dll,AE_Float.dll	Unexpected track from star | Unexpected Corrupt Tracker
Unexpected Motion Tracker Error   	3	AE_16Bit.dll,AE_8Bit.dll,AE_Float.dll	
Unexpected track from start message	3	AE_16Bit.dll,AE_8Bit.dll,AE_Float.dll	
Uniform Spacing                   	3	AE_16Bit.dll,AE_8Bit.dll,AE_Float.dll	Random Range | Use Emitter Emission | Break on Deflector
Unknown exception                 	3	3DObjects,BCCPlus.dll,Common	
Unknown interpolation method      	3	AE_16Bit.dll,AE_8Bit.dll,AE_Float.dll	cv::initInterTab1D
Unknown object                    	3	AE_16Bit.dll,AE_8Bit.dll,AE_Float.dll	cvRead | cvWrite | The node does not represen
Unlicensed                        	3	AE_16Bit.dll,AE_8Bit.dll,AE_Float.dll	Continuum for Wondershare  | Licensed |  Unit(s) Licensed
Unnamed                           	3	AE_16Bit.dll,AE_8Bit.dll,AE_Float.dll	
Unsupported border type           	3	AE_16Bit.dll,AE_8Bit.dll,AE_Float.dll	dsize.area() > 0 | -D GENTYPE=%s%s -D %s | copymakeborder | cv::ocl::copyMakeBorder
Update Alpha From Layer           	3	AE_16Bit.dll,AE_8Bit.dll,AE_Float.dll	Link to Color | Alpha from layer | Alpha Over Life | Alpha Type | Repeat Alpha
Update Color From Layer           	3	AE_16Bit.dll,AE_8Bit.dll,AE_Float.dll	Color / Alpha | Color Over Life | Repeat Color | Use key colors only | Number of each color
Use 3D Model                      	3	AE_16Bit.dll,AE_8Bit.dll,AE_Float.dll	Disable Motion Blur | 2D Particle Order | Use Old Calculation Method
Use Emitter Alpha                 	3	AE_16Bit.dll,AE_8Bit.dll,AE_Float.dll	Turbulence Field | Frequency Scale | Random Offset | Use Emitter Color
Use Emitter Color                 	3	AE_16Bit.dll,AE_8Bit.dll,AE_Float.dll	f-Size X Over Life | Turbulence Field | Frequency Scale | Random Offset
Use Emitter Emission              	3	AE_16Bit.dll,AE_8Bit.dll,AE_Float.dll	Attach Amount | Particle Angle | Align Angle | Random Range
Use External Data                 	3	AE_16Bit.dll,AE_8Bit.dll,AE_Float.dll	Trimmed Start and End|Trim
Use Inertia                       	3	AE_16Bit.dll,AE_8Bit.dll,AE_Float.dll	Show Wireframe | Emit From | Threshold Angle
Use Mask For                      	3	AE_16Bit.dll,AE_8Bit.dll,AE_Float.dll	No Masking|Particle Creati
Use Mask from Frame               	3	AE_16Bit.dll,AE_8Bit.dll,AE_Float.dll	Use Mask For | With PixelChooser|With Lay | Mask Particles | Mask Layer
Use Model Color for Tint          	3	AE_16Bit.dll,AE_8Bit.dll,AE_Float.dll	2D Particle Order | Use Old Calculation Method | Use 3D Model | Model File:
Use Offset Only                   	3	AE_16Bit.dll,AE_8Bit.dll,AE_Float.dll	End Tracking Frame | Tracker Time Offset
Use Old Calculation Method        	3	AE_16Bit.dll,AE_8Bit.dll,AE_Float.dll	3D Lines | Legacy Interpolation | Disable Motion Blur | 2D Particle Order
Use Particle Color                	3	AE_16Bit.dll,AE_8Bit.dll,AE_Float.dll	Alpha from layer | Alpha Over Life | Alpha Type | Repeat Alpha | Update Alpha From Layer
Use Region Of Interest            	3	AE_16Bit.dll,AE_8Bit.dll,AE_Float.dll	ConvertToRGB | RenderSpatial | RenderSharpen | BlurSomePixels | MixPixMapsRGBMaxDeviation
Use Single Frame                  	3	AE_16Bit.dll,AE_8Bit.dll,AE_Float.dll	Max Line Length | No Flip | Flip X | Flip Y | Flip X/Y
Use key colors only               	3	AE_16Bit.dll,AE_8Bit.dll,AE_Float.dll	Next key color | Color from layer | Color / Alpha | Color Over Life | Repeat Color
Using Host Camera                 	3	AE_16Bit.dll,AE_8Bit.dll,AE_Float.dll	Camera Preset: | Target XYZ | Object | Advance | Focus Length | Blur Strength
Variance 1                        	3	AE_16Bit.dll,AE_8Bit.dll,AE_Float.dll	
Variance 2                        	3	AE_16Bit.dll,AE_8Bit.dll,AE_Float.dll	
Vectorscope                       	3	AE_16Bit.dll,AE_8Bit.dll,AE_Float.dll	YCbCr Waveform Monitor | YCbCr Parade|Cb|Cr
Velocity Over Life                	3	AE_16Bit.dll,AE_8Bit.dll,AE_Float.dll	Preserve Color | General | Physics | Emission | Size Y Over Life
Velocity Randomness               	3	AE_16Bit.dll,AE_8Bit.dll,AE_Float.dll	Randomness | Break Particles
Vertical Perspective              	3	AE_16Bit.dll,AE_8Bit.dll,AE_Float.dll	LB | |B | 2C | eC | aD
Vertices                          	3	AE_16Bit.dll,AE_8Bit.dll,AE_Float.dll	Plane | Using Host Mask/Text
View Current Matte                	3	AE_16Bit.dll,AE_8Bit.dll,AE_Float.dll	BCCCloud Wipe
View Iris Shape                   	3	AE_16Bit.dll,AE_8Bit.dll,AE_Float.dll	BCC Lens Blur | @ | A | hB | BCC6LensBlur | LensBlurFilter::Render
WINMM.dll                         	3	AE_16Bit.dll,AE_8Bit.dll,AE_Float.dll	timeGetTime | timeGetDevCaps | timeBeginPeriod | timeSetEvent | timeKillEvent | timeEndPeriod
Watermarking filter               	3	AE_16Bit.dll,AE_8Bit.dll,AE_Float.dll	- Either no license, lost
Wave                              	3	AE_16Bit.dll,AE_8Bit.dll,AE_Float.dll	Wave Form
Wave Anchor                       	3	AE_16Bit.dll,AE_8Bit.dll,AE_Float.dll	x | Modulation 1 Layer | Scale 1 | Scale 2 | Morph | Ripple Center
Wave Blend                        	3	AE_16Bit.dll,AE_8Bit.dll,AE_Float.dll	Wave Form | Wave
Wave Distort                      	3	AE_16Bit.dll,AE_8Bit.dll,AE_Float.dll	Wave Form | Wave | Wave Blend
Wave Form                         	3	AE_16Bit.dll,AE_8Bit.dll,AE_Float.dll	
Waveform Monitor                  	3	AE_16Bit.dll,AE_8Bit.dll,AE_Float.dll	
Wedge Center                      	3	AE_16Bit.dll,AE_8Bit.dll,AE_Float.dll	BCC Rays_Wedge | BCC Rays Wedge | BCC3Rays Wedge | Wedge From
Wedge From                        	3	AE_16Bit.dll,AE_8Bit.dll,AE_Float.dll	BCC Rays_Wedge | BCC Rays Wedge | BCC3Rays Wedge
Weight Over Life                  	3	AE_16Bit.dll,AE_8Bit.dll,AE_Float.dll	General | Physics | Emission | Size Y Over Life | Velocity Over Life
Weight Variation                  	3	AE_16Bit.dll,AE_8Bit.dll,AE_Float.dll	Life Variation | Number Variation | Size Y Variation
White Boost                       	3	AE_16Bit.dll,AE_8Bit.dll,AE_Float.dll	BCC6Pencil Sketch | 5 | 7 | ' | I | t
White Noise                       	3	AE_16Bit.dll,AE_8Bit.dll,AE_Float.dll	Airy|Puffy|Wispy
Wind                              	3	AE_16Bit.dll,AE_8Bit.dll,AE_Float.dll	
Windows                           	3	3DObjects,BCCPlus.dll,Common	/
Wipe Effect                       	3	AE_16Bit.dll,AE_8Bit.dll,AE_Float.dll	System
Wipe FX Controls                  	3	AE_16Bit.dll,AE_8Bit.dll,AE_Float.dll	
Wireframe Color                   	3	AE_16Bit.dll,AE_8Bit.dll,AE_Float.dll	Model Scale X | Model Scale Y | Model Scale Z | Wireframe Opacity | Wireframe Thickness
Wireframe Opacity                 	3	AE_16Bit.dll,AE_8Bit.dll,AE_Float.dll	Model Rotation | Model Scale | Model Scale X | Model Scale Y | Model Scale Z
Wireframe Thickness               	3	AE_16Bit.dll,AE_8Bit.dll,AE_Float.dll	Model Scale | Model Scale X | Model Scale Y | Model Scale Z | Wireframe Opacity
World Transform                   	3	AE_16Bit.dll,AE_8Bit.dll,AE_Float.dll	None|World|Emitter|World + | Transform / Tracking
World Z Offset                    	3	AE_16Bit.dll,AE_8Bit.dll,AE_Float.dll	None|World|Emitter|World + | Transform / Tracking | World Transform
Wrap Color Spill                  	3	AE_16Bit.dll,AE_8Bit.dll,AE_Float.dll	Light Wrap Spill On | Light Wrap Spill | Wrap Source Spill | Softness Spill
Wrap Source Spill                 	3	AE_16Bit.dll,AE_8Bit.dll,AE_Float.dll	Light Wrap Edge On | Light Wrap Edge | Light Wrap Spill On | Light Wrap Spill
Wrong argument type               	3	AE_16Bit.dll,AE_8Bit.dll,AE_Float.dll	integer | boolean | unsigned int | unsigned int64 | std::vector<cv::Mat> | algorithm
Wrong argument type in the setter 	3	AE_16Bit.dll,AE_8Bit.dll,AE_Float.dll	<NULL> | so it should be get as flo | but the getter was called
Wrong parameter type in the setter	3	AE_16Bit.dll,AE_8Bit.dll,AE_Float.dll	but the getter was called  | Wrong argument type in the
X Scale                           	3	AE_16Bit.dll,AE_8Bit.dll,AE_Float.dll	Post Mix Ease Out | Noise Interpolation | Auto|Pct. Done
XIImageQT                         	3	AE_16Bit.dll,AE_8Bit.dll,AE_Float.dll	
Y Scale                           	3	AE_16Bit.dll,AE_8Bit.dll,AE_Float.dll	Post Mix Ease Out | Noise Interpolation | Auto|Pct. Done | X Scale
Y-Luma Range                      	3	AE_16Bit.dll,AE_8Bit.dll,AE_Float.dll	Rec. 601 (SD)|Rec. 709/188
YCbCr Waveform Monitor            	3	AE_16Bit.dll,AE_8Bit.dll,AE_Float.dll	RGB Parade|R|G|B
Yellow Color                      	3	AE_16Bit.dll,AE_8Bit.dll,AE_Float.dll	Blue Color  | Cyan Color  | Magenta Color
Z Radius                          	3	AE_16Bit.dll,AE_8Bit.dll,AE_Float.dll	Show Wireframe | Emit From | Threshold Angle | Use Inertia
Zoom Overlap                      	3	AE_16Bit.dll,AE_8Bit.dll,AE_Float.dll	9 | Blur Duration
Zoom Rot Center                   	3	AE_16Bit.dll,AE_8Bit.dll,AE_Float.dll	
A B91                             	2	BCCPlus.dll	
A%B91                             	2	BCCPlus.dll	
A6B91                             	2	BCCPlus.dll	a3:91
ABCDEFGHIJKLMNOPQRSTUVWXYZ234567  	2	BCCPlus.dll,Common	
AES-128-CBC                       	2	BCCPlus.dll,Common	prime256v1 | ecdsa-with-SHA1 | CSPName | Microsoft CSP Name | AES-128-ECB | aes-128-ecb
AES-128-CFB                       	2	BCCPlus.dll,Common	AES-128-ECB | aes-128-ecb | AES-128-CBC | aes-128-cbc | AES-128-OFB | aes-128-ofb
AES-128-CFB1                      	2	BCCPlus.dll,Common	Microsoft Smartcardlogin | msUPN | Microsoft Universal Princi
AES-128-CFB8                      	2	BCCPlus.dll,Common	AES-128-CFB1 | aes-128-cfb1 | AES-192-CFB1 | aes-192-cfb1 | AES-256-CFB1 | aes-256-cfb1
AES-128-ECB                       	2	BCCPlus.dll,Common	prime239v2 | prime239v3 | prime256v1 | ecdsa-with-SHA1 | CSPName | Microsoft CSP Name
AES-128-OFB                       	2	BCCPlus.dll,Common	CSPName | Microsoft CSP Name | AES-128-ECB | aes-128-ecb | AES-128-CBC | aes-128-cbc
AES-192-CBC                       	2	BCCPlus.dll,Common	AES-128-OFB | aes-128-ofb | AES-128-CFB | aes-128-cfb | AES-192-ECB | aes-192-ecb
AES-192-CFB                       	2	BCCPlus.dll,Common	AES-192-ECB | aes-192-ecb | AES-192-CBC | aes-192-cbc | AES-192-OFB | aes-192-ofb
AES-192-CFB1                      	2	BCCPlus.dll,Common	msUPN | Microsoft Universal Princi | AES-128-CFB1 | aes-128-cfb1
AES-192-CFB8                      	2	BCCPlus.dll,Common	AES-192-CFB1 | aes-192-cfb1 | AES-256-CFB1 | aes-256-cfb1 | AES-128-CFB8 | aes-128-cfb8
AES-192-ECB                       	2	BCCPlus.dll,Common	AES-128-CBC | aes-128-cbc | AES-128-OFB | aes-128-ofb | AES-128-CFB | aes-128-cfb
AES-192-OFB                       	2	BCCPlus.dll,Common	AES-128-CFB | aes-128-cfb | AES-192-ECB | aes-192-ecb | AES-192-CBC | aes-192-cbc
AES-256-CBC                       	2	BCCPlus.dll,Common	AES-192-OFB | aes-192-ofb | AES-192-CFB | aes-192-cfb | AES-256-ECB | aes-256-ecb
AES-256-CFB                       	2	BCCPlus.dll,Common	AES-256-ECB | aes-256-ecb | AES-256-CBC | aes-256-cbc | AES-256-OFB | aes-256-ofb
AES-256-CFB1                      	2	BCCPlus.dll,Common	AES-128-CFB1 | aes-128-cfb1 | AES-192-CFB1 | aes-192-cfb1
AES-256-CFB8                      	2	BCCPlus.dll,Common	AES-256-CFB1 | aes-256-cfb1 | AES-128-CFB8 | aes-128-cfb8 | AES-192-CFB8 | aes-192-cfb8
AES-256-ECB                       	2	BCCPlus.dll,Common	AES-192-CBC | aes-192-cbc | AES-192-OFB | aes-192-ofb | AES-192-CFB | aes-192-cfb
AES-256-OFB                       	2	BCCPlus.dll,Common	AES-192-CFB | aes-192-cfb | AES-256-ECB | aes-256-ecb | AES-256-CBC | aes-256-cbc
AMD64                             	2	BCCPlus.dll,Common	
ANSI X9.62                        	2	BCCPlus.dll,Common	X509v3 AC Targeting | noRevAvail | X509v3 No Revocation Avail | ansi-X9-62
ASN1 lib                          	2	BCCPlus.dll,Common	EVP lib | BUF lib | OBJ lib | PEM lib | DSA lib | X509 lib
Acceptable OCSP Responses         	2	BCCPlus.dll,Common	Basic OCSP Response | Nonce | OCSP Nonce | CrlID | OCSP CRL ID | acceptableResponses
AccessMode                        	2	BCCPlus.dll,Common	0xFFFFFFFF | SuperPro | ConfigDiscard | Protocol
AcquireSRWLockExclusive           	2	BCCPlus.dll,Common	.53464731/ | InitializeSRWLock | ReleaseSRWLockShared | ReleaseSRWLockExclusive | AcquireSRWLockShared
AcquireSRWLockShared              	2	BCCPlus.dll,Common	.434e4631/ | .434b4d31/ | .53464731/ | InitializeSRWLock | ReleaseSRWLockShared | ReleaseSRWLockExclusive
Advanced Data File Protection Module	2	BCCPlus.dll,Common	Demo XN | Demo 3A | SafeNet Memo Card Plugin | name | Value of Unlimited Seats | Demo MB
All files                         	2	3DObjects,BCCPlus.dll	Open Shortcuts | Save Shortcuts | Restore Defaults | Text files | *.TXT;*.INI
Any language                      	2	BCCPlus.dll,Common	.\crypto\engine\eng_lib.c | Proxy Certificate Informat | id-ppl-anyLanguage
AppOnChip Module                  	2	BCCPlus.dll,Common	Demo 3C | SafeNetCAD Enterprise | Reporting Module | %llu
Application built with libpng-    	2	BCCPlus.dll,Common	Too many bytes for PNG sig | Potential overflow in png_
Artist                            	2	3DObjects,BCCPlus.dll	PageNumber | ColorResponseUnit | TransferFunction | Software | DateTime
Assuming 8-bit colormap           	2	3DObjects,BCCPlus.dll	No space for Palette mappi
Audio                             	2	3DObjects,BCCPlus.dll	O
Authority Information Access      	2	BCCPlus.dll,Common	Extension Request | name | dnQualifier | id-pe | id-ad | authorityInfoAccess
Automatic                         	2	3DObjects,BCCPlus.dll	<key> | </key> | <settings> | </settings> | <language> | </language>
BCC3Premult                       	2	AE_16Bit.dll,AE_8Bit.dll	BCC3Multi Stripe Wipe
BF-CBC                            	2	BCCPlus.dll,Common	X509v3 Certificate Policie | authorityKeyIdentifier | X509v3 Authority Key Ident
BF-CFB                            	2	BCCPlus.dll,Common	authorityKeyIdentifier | X509v3 Authority Key Ident | BF-CBC | bf-cbc | BF-ECB | bf-ecb
BF-ECB                            	2	BCCPlus.dll,Common	authorityKeyIdentifier | X509v3 Authority Key Ident | BF-CBC | bf-cbc
BF-OFB                            	2	BCCPlus.dll,Common	BF-CBC | bf-cbc | BF-ECB | bf-ecb | BF-CFB | bf-cfb
BIGNUM                            	2	BCCPlus.dll,Common	
BIO lib                           	2	BCCPlus.dll,Common	X509 lib | ASN1 lib | CONF lib | CRYPTO lib | EC lib | SSL lib
BIO routines                      	2	BCCPlus.dll,Common	common libcrypto routines | elliptic curve routines | SSL routines
BN lib                            	2	BCCPlus.dll,Common	listen | accept | WSAstartup | opendir | fread | system lib
BUF lib                           	2	BCCPlus.dll,Common	fread | system lib | BN lib | RSA lib | DH lib | EVP lib
BadFaxLines                       	2	3DObjects,BCCPlus.dll	FaxMode | FaxFillFunc
Base                              	2	BCCPlus.dll,Common	tmpl | HASP HL BasicMicro | HL NetTime 250+ | 0 Sec | HASP HL Pro | <haspscope>
Basic                             	2	BCCPlus.dll,Common	Developer | Net%u | v2c | Time | Classic | Max
Big Number part of OpenSSL 0.9.8a 11 Oct 2005	2	BCCPlus.dll,Common	| F | A | T | A | L
Biometric Info                    	2	BCCPlus.dll,Common	id-mod-timestamp-protocol | id-mod-ocsp | id-mod-dvcs | id-mod-cmp2000 | biometricInfo
BitsPerSample                     	2	3DObjects,BCCPlus.dll	SubfileType | OldSubfileType | ImageWidth
Bold Italic                       	2	3DObjects,BCCPlus.dll	DISPLAY | Bold-Italic
Borland32                         	2	BCCPlus.dll,Common	WFQuerySessionInformationA | Begin HL-RUS License -----
CA Issuers                        	2	BCCPlus.dll,Common	id-ad | authorityInfoAccess | Authority Information Acce | OCSP | caIssuers
CAST5-CBC                         	2	BCCPlus.dll,Common	RSA-NP-MD5 | md5WithRSA | serialNumber | title | description
CAST5-CFB                         	2	BCCPlus.dll,Common	title | description | CAST5-CBC | cast5-cbc | CAST5-ECB | cast5-ecb
CAST5-ECB                         	2	BCCPlus.dll,Common	md5WithRSA | serialNumber | title | description | CAST5-CBC | cast5-cbc
CAST5-OFB                         	2	BCCPlus.dll,Common	CAST5-CBC | cast5-cbc | CAST5-ECB | cast5-ecb | CAST5-CFB | cast5-cfb
CCITT Group 3                     	2	3DObjects,BCCPlus.dll	ThunderScan | NeXT | JPEG | Old-style JPEG | CCITT RLE | CCITT RLE/W
CCITT Group 4                     	2	3DObjects,BCCPlus.dll	NeXT | JPEG | Old-style JPEG | CCITT RLE | CCITT RLE/W | CCITT Group 3
CCITT RLE                         	2	3DObjects,BCCPlus.dll	LZW | PackBits | ThunderScan | NeXT | JPEG | Old-style JPEG
CLOSE                             	2	BCCPlus.dll,Common	OPEN
CONF lib                          	2	BCCPlus.dll,Common	BUF lib | OBJ lib | PEM lib | DSA lib | X509 lib | ASN1 lib
CRC error                         	2	BCCPlus.dll,Common	PNG unsigned integer out o | Not a PNG file | PNG file corrupted by ASCI
CRLReason                         	2	BCCPlus.dll,Common	nsSGC | Netscape Server Gated Cryp | deltaCRL | X509v3 Delta CRL Indicator
CRYPTO lib                        	2	BCCPlus.dll,Common	OBJ lib | PEM lib | DSA lib | X509 lib | ASN1 lib | CONF lib
CSPName                           	2	BCCPlus.dll,Common	prime192v3 | prime239v1 | prime239v2 | prime239v3 | prime256v1 | ecdsa-with-SHA1
Call to NULL read function        	2	BCCPlus.dll,Common	png_do_rgb_to_gray found n | png_do_quantize returned r
Can not read scanlines from a tiled image	2	3DObjects,BCCPlus.dll	File not open for reading | Can not read tiles from a
Can not read tiles from a stripped image	2	3DObjects,BCCPlus.dll	%s: No space for data buff | File not open for reading
Can not unlink directory in read-only file	2	3DObjects,BCCPlus.dll	%s: Error fetching directo | %s: Error fetching directo
Can not write scanlines to a tiled image	2	3DObjects,BCCPlus.dll	%s: File not open for writ | Can not write tiles to a s
Can not write tiles to a stripped image	2	3DObjects,BCCPlus.dll	%s: Tile %lu out of range, | %s: File not open for writ
Cannot acquire port.              	2	BCCPlus.dll,Common	Error on memory allocation | HL-Server/Treiber-Versione | Not (yet) implemented.
Cannot get HW dependent info.     	2	BCCPlus.dll,Common	Hardlock module not found. | Unknown hardware descripto | Ungueltiger VAR-Block.
Cannot read TIFF header           	2	3DObjects,BCCPlus.dll	"%s": Bad mode | %s: Out of memory (TIFF st
CellLength                        	2	3DObjects,BCCPlus.dll	BitsPerSample | Compression | PhotometricInterpretation | Threshholding | CellWidth
CellWidth                         	2	3DObjects,BCCPlus.dll	ImageWidth | BitsPerSample | Compression | PhotometricInterpretation | Threshholding
CheckTokenMembership              	2	BCCPlus.dll,Common	connect | GetUserNameA | RegCreateKeyExA | send | GetSystemMetrics | RegSetValueExA
Classic                           	2	BCCPlus.dll,Common	HASP-SL-AdminMode | NetTime%u | Developer | Net%u | v2c | Time
CleanFaxData                      	2	3DObjects,BCCPlus.dll	FaxMode | FaxFillFunc | BadFaxLines
CloseToolhelp32Snapshot           	2	BCCPlus.dll,Common	L | L | GetForegroundWindow | GetCursorInfo | GetQueueStatus | CreateToolhelp32Snapshot
Code Signing                      	2	BCCPlus.dll,Common	TLS Web Server Authenticat | clientAuth | TLS Web Client Authenticat | codeSigning
Color channels                    	2	3DObjects,BCCPlus.dll	Planarconfiguration | Sorry, can not handle YCbC
ColorMap                          	2	3DObjects,BCCPlus.dll	DateTime | Artist | HostComputer | WhitePoint | PrimaryChromaticities
ColorResponseUnit                 	2	3DObjects,BCCPlus.dll	GrayResponseUnit | GrayResponseCurve | ResolutionUnit | PageNumber
Colormap                          	2	3DObjects,BCCPlus.dll	PlanarConfiguration | TileOffsets | StripOffsets | to read "TransferFunction"
CommonSoftLinkError               	2	3DObjects,Common	?zaxis@p3f@@SA?AV1@XZ | ?zaxis@p3f@OGL@@SA?AV12@XZ | BCCTextureLoader | Common
Compression                       	2	3DObjects,BCCPlus.dll	SubfileType | OldSubfileType | ImageWidth | BitsPerSample
ConfigDiscard                     	2	BCCPlus.dll,Common	0xFFFFFFFF | SuperPro
ConsecutiveBadFaxLines            	2	3DObjects,BCCPlus.dll	FaxMode | FaxFillFunc | BadFaxLines | CleanFaxData
CreateToolhelp32Snapshot          	2	BCCPlus.dll,Common	D | L | L | GetForegroundWindow | GetCursorInfo | GetQueueStatus
CryptAcquireContextW              	2	BCCPlus.dll,Common	S | e | r | v | e | r
CryptReleaseContext               	2	BCCPlus.dll,Common	r | v | e | r | CryptAcquireContextW | CryptGenRandom
CurrentBuildNumber                	2	BCCPlus.dll,Common	RegEnumValueA | PlatformId:%08X Version:%u | -
Custom error                      	2	BCCPlus.dll,Common	
DEBUG                             	2	BCCPlus.dll,Common	ALERT | CRITICAL | ERROR | WARNING | NOTICE | INFO
DEMOMA - evaluation               	2	BCCPlus.dll,Common	Demo XM | SafeNetCAD Home | Unlocked Unlimited Module | NetDC  | product | Demo XL
DES-CBC                           	2	BCCPlus.dll,Common	pkcs3 | dhKeyAgreement | DES-ECB | des-ecb | DES-CFB | des-cfb
DES-CDMF                          	2	BCCPlus.dll,Common	set-brand-JCB | set-brand-Visa | set-brand-MasterCard | set-brand-Novus
DES-CFB                           	2	BCCPlus.dll,Common	pkcs7-digestData | pkcs7-encryptedData | pkcs3 | dhKeyAgreement | DES-ECB | des-ecb
DES-CFB1                          	2	BCCPlus.dll,Common	AES-128-CFB8 | aes-128-cfb8 | AES-192-CFB8 | aes-192-cfb8 | AES-256-CFB8 | aes-256-cfb8
DES-CFB8                          	2	BCCPlus.dll,Common	AES-192-CFB8 | aes-192-cfb8 | AES-256-CFB8 | aes-256-cfb8 | DES-CFB1 | des-cfb1
DES-ECB                           	2	BCCPlus.dll,Common	pkcs7-digestData | pkcs7-encryptedData | pkcs3 | dhKeyAgreement
DES-EDE                           	2	BCCPlus.dll,Common	DES-ECB | des-ecb | DES-CFB | des-cfb | DES-CBC | des-cbc
DES-EDE-CBC                       	2	BCCPlus.dll,Common	RC2-OFB | rc2-ofb | SHA | sha | RSA-SHA | shaWithRSAEncryption
DES-EDE-CFB                       	2	BCCPlus.dll,Common	nsCertExt | Netscape Certificate Exten | nsDataType | Netscape Data Type
DES-EDE-OFB                       	2	BCCPlus.dll,Common	Netscape Data Type | DES-EDE-CFB | des-ede-cfb | DES-EDE3-CFB | des-ede3-cfb
DES-EDE3                          	2	BCCPlus.dll,Common	DES-CFB | des-cfb | DES-CBC | des-cbc | DES-EDE | des-ede
DES-EDE3-CBC                      	2	BCCPlus.dll,Common	SHA | sha | RSA-SHA | shaWithRSAEncryption | DES-EDE-CBC | des-ede-cbc
DES-EDE3-CFB                      	2	BCCPlus.dll,Common	nsDataType | Netscape Data Type | DES-EDE-CFB | des-ede-cfb
DES-EDE3-CFB1                     	2	BCCPlus.dll,Common	AES-256-CFB8 | aes-256-cfb8 | DES-CFB1 | des-cfb1 | DES-CFB8 | des-cfb8
DES-EDE3-CFB8                     	2	BCCPlus.dll,Common	DES-CFB1 | des-cfb1 | DES-CFB8 | des-cfb8 | DES-EDE3-CFB1 | des-ede3-cfb1
DES-EDE3-OFB                      	2	BCCPlus.dll,Common	DES-EDE-CFB | des-ede-cfb | DES-EDE3-CFB | des-ede3-cfb | DES-EDE-OFB | des-ede-ofb
DES-OFB                           	2	BCCPlus.dll,Common	RSA-SHA | shaWithRSAEncryption | DES-EDE-CBC | des-ede-cbc | DES-EDE3-CBC | des-ede3-cbc
DESX-CBC                          	2	BCCPlus.dll,Common	nsComment | Netscape Comment | nsCertSequence | Netscape Certificate Seque
DH lib                            	2	BCCPlus.dll,Common	WSAstartup | opendir | fread | system lib | BN lib | RSA lib
DHCPCSVC.DLL                      	2	BCCPlus.dll,Common	vmbus | RegCreateKeyExA
DSA lib                           	2	BCCPlus.dll,Common	RSA lib | DH lib | EVP lib | BUF lib | OBJ lib | PEM lib
DSA part of OpenSSL 0.9.8a 11 Oct 2005	2	BCCPlus.dll,Common	
DSA-SHA                           	2	BCCPlus.dll,Common	DES-EDE3-OFB | des-ede3-ofb | SHA1 | sha1 | RSA-SHA1 | sha1WithRSAEncryption
DSA-SHA1                          	2	BCCPlus.dll,Common	CAST5-CFB | cast5-cfb | CAST5-OFB | cast5-ofb | pbeWithMD5AndCast5CBC
DSA-SHA1-old                      	2	BCCPlus.dll,Common	dsaWithSHA | DSA-old | dsaEncryption-old | PBE-SHA1-RC2-64 | pbeWithSHA1AndRC2-CBC | PBKDF2
DSA-old                           	2	BCCPlus.dll,Common	SHA1 | sha1 | RSA-SHA1 | sha1WithRSAEncryption | DSA-SHA | dsaWithSHA
DSO lib                           	2	BCCPlus.dll,Common	SSL lib | BIO lib | PKCS7 lib | X509V3 lib | PKCS12 lib | RAND lib
DSO support routines              	2	BCCPlus.dll,Common	BIO routines | PKCS7 routines | X509 V3 routines | PKCS12 routines | random number generator
DVCS                              	2	BCCPlus.dll,Common	IPSec End System | ipsecTunnel | IPSec Tunnel | ipsecUser | IPSec User
DataType                          	2	3DObjects,BCCPlus.dll	YCbCrSubsampling | YCbCrPositioning | ReferenceBlackWhite | Matteing
Daten koennen nicht TLV kodiert werden.	2	BCCPlus.dll,Common	Seriennummer nicht lesbar/ | Port kann nicht angeforder
Datum fuer Update-Daten abgelaufen.	2	BCCPlus.dll,Common	Invalid variable block. | Fehler bei Schreiben der L | Ungueltige RUS-Lizenz.
Day of month is not valid for year	2	BCCPlus.dll,Common	Month number is out of ran
Day of month value is out of range 1..31	2	BCCPlus.dll,Common	could not convert calendar
Deflate                           	2	3DObjects,BCCPlus.dll	CCITT RLE | CCITT RLE/W | CCITT Group 3 | CCITT Group 4 | ISO JBIG
Delta                             	2	BCCPlus.dll	product | pi | integral | Omega | radical | approxequal
Demo 3A                           	2	BCCPlus.dll,Common	Reports | SafeNet Design Enterprise | SL Pool of Seats | feature | SafeNet Design Office | Demo XN
Demo 3B                           	2	BCCPlus.dll,Common	SafeNetCAD Home | Unlocked Unlimited Module | NetDC  | product | Demo XL | DEMOMA - evaluation
Demo 3C                           	2	BCCPlus.dll,Common	Demo MC | id | Unlocked Trialware Module | Demo XE | SafeNetCAD Office | SafeNet Design Lite
Demo MB                           	2	BCCPlus.dll,Common	SafeNet Design Office | Demo XN | Demo 3A | SafeNet Memo Card Plugin | name | Value of Unlimited Seats
Demo MC                           	2	BCCPlus.dll,Common	vendorname | V-Clock Module | Demo XF | 3D | Product Activation Module
Demo XE                           	2	BCCPlus.dll,Common	Demo XF | 3D | Product Activation Module | Demo MC | id | Unlocked Trialware Module
Demo XF                           	2	BCCPlus.dll,Common	Demo XL | DEMOMA - evaluation | Demo 3B | vendorname | V-Clock Module
Demo XH                           	2	BCCPlus.dll,Common	Memo Card Plugin | HL Pool of Seats | Print | Demo XI
Demo XI                           	2	BCCPlus.dll,Common	Memo Card Plugin | HL Pool of Seats | Print
Demo XK                           	2	BCCPlus.dll,Common	SafeNetCAD Enterprise | Reporting Module | %llu | AppOnChip Module
Demo XL                           	2	BCCPlus.dll,Common	vendorid | Demo XM | SafeNetCAD Home | Unlocked Unlimited Module | NetDC  | product
Demo XM                           	2	BCCPlus.dll,Common	Demo MB | Advanced Data File Protect | SafeNet Design Student | vendorid
Demo XN                           	2	BCCPlus.dll,Common	Demo XD | Reports | SafeNet Design Enterprise | SL Pool of Seats | feature | SafeNet Design Office
Developer                         	2	BCCPlus.dll,Common	Net250+ | unknown | HASP-HL | HASP-SL-AdminMode | NetTime%u
Diffie-Hellman routines           	2	BCCPlus.dll,Common	.\crypto\ex_data.c | unknown library | system library | bignum routines | rsa routines
Directory                         	2	BCCPlus.dll,Common	org | DOD | dod | IANA | iana | directory
Directory %d does not exist       	2	3DObjects,BCCPlus.dll	%s: Error fetching directo | Can not unlink directory i
Disable                           	2	BCCPlus.dll,Common	/*  | ex | n/a in embedded | 0x%08X | PMType4 | </config>
Disp                              	2	BCCPlus.dll,Common	file | %02llu:%02llu:%02llu |  (INACTIVE) | time
DocumentName                      	2	3DObjects,BCCPlus.dll	PhotometricInterpretation | Threshholding | CellWidth | CellLength | FillOrder
Domain                            	2	BCCPlus.dll,Common	Enterprises | dcobject | dcObject | DC | domainComponent | domain
DotRange                          	2	3DObjects,BCCPlus.dll	HalftoneHints | TileWidth | TileLength | TileByteCounts | SubIFD | InkNames
Double reference                  	2	BCCPlus.dll,Common	Custom error | Out of memory | Unknown | End of file | Reference gap | Invalid argument
E-mail Protection                 	2	BCCPlus.dll,Common	clientAuth | TLS Web Client Authenticat | codeSigning | Code Signing | emailProtection
EC lib                            	2	BCCPlus.dll,Common	PEM lib | DSA lib | X509 lib | ASN1 lib | CONF lib | CRYPTO lib
ENGINE lib                        	2	BCCPlus.dll,Common	BIO lib | PKCS7 lib | X509V3 lib | PKCS12 lib | RAND lib | DSO lib
ERROR %u                          	2	BCCPlus.dll,Common	osname | <br>&nbsp;None left | sentinelhl, | Sentinel HL Time | Sentinel HL Basic | Executions
ESELECTTIMEDOUT                   	2	BCCPlus.dll,Common	WSAENOBUFS | WSAETIMEDOUT | WSAELOOP | WIN32  | recv | getsockopt
EVP lib                           	2	BCCPlus.dll,Common	opendir | fread | system lib | BN lib | RSA lib | DH lib
End of file                       	2	BCCPlus.dll,Common	Custom error | Out of memory | Unknown
Enterprises                       	2	BCCPlus.dll,Common	security | Security | snmpv2 | SNMPv2 | Mail | enterprises
Error fetching directory count    	2	3DObjects,BCCPlus.dll	Error writing data for fie | %s: Error writing SubIFD d
Error fetching directory link     	2	3DObjects,BCCPlus.dll	%s: Error writing SubIFD d | Error fetching directory c
Error flushing data before directory write	2	3DObjects,BCCPlus.dll	TIFFLinkDirectory | Error post-encoding before
Error post-encoding before directory write	2	3DObjects,BCCPlus.dll	Not a TIFF file, bad versi | TIFFLinkDirectory
Error writing TIFF header         	2	3DObjects,BCCPlus.dll	%s: Out of memory (TIFF st | Cannot read TIFF header
Error writing directory contents  	2	3DObjects,BCCPlus.dll	Cannot write directory, ou | Error writing directory co
Error writing directory count     	2	3DObjects,BCCPlus.dll	Cannot write directory, ou
Error writing directory link      	2	3DObjects,BCCPlus.dll	Can not unlink directory i | Directory %d does not exis
Executions                        	2	BCCPlus.dll,Common	version | osname | <br>&nbsp;None left | sentinelhl, | Sentinel HL Time | Sentinel HL Basic
Experimental                      	2	BCCPlus.dll,Common	iana | directory | Directory | mgmt | Management | experimental
Expiration Date                   	2	BCCPlus.dll,Common	Sentinel HL Net | detiso | osnam | remotereq | ,  | haspsl-legacy,
Expired                           	2	BCCPlus.dll,Common	HASP HL NetTime %d | mch | Update  | Unknown | ERROR | typ
Extended OCSP Status              	2	BCCPlus.dll,Common	archiveCutoff | OCSP Archive Cutoff | serviceLocator | OCSP Service Locator | extendedStatus
Extension Request                 	2	BCCPlus.dll,Common	PBE-SHA1-DES | pbeWithSHA1AndDES-CBC | msExtReq | Microsoft Extension Reques | extReq
Extra compressed data             	2	BCCPlus.dll,Common	internal row width error | invalid user transform pix | Not enough image data
ExtraSamples                      	2	3DObjects,BCCPlus.dll	TileLength | TileByteCounts | SubIFD | InkNames | DotRange | TargetPrinter
FQDN                              	2	BCCPlus.dll,Common	process, | sentinelhl | count | attribute | fileattr | 0x%02X%02X
Falscher Zugriffsmodus.           	2	BCCPlus.dll,Common	Zaehlerlimit erreicht. | Unbekannter Hardware-Deskr | Non-existing slot number g
Fax3Decode1D                      	2	3DObjects,BCCPlus.dll	
Fax3Decode2D                      	2	3DObjects,BCCPlus.dll	Fax3Decode1D
Fax3DecodeRLE                     	2	3DObjects,BCCPlus.dll	7 | 8 | 8 | Fax4Decode
Fax3SetupState                    	2	3DObjects,BCCPlus.dll	%s: No space for Group 3/4
Fax4Decode                        	2	3DObjects,BCCPlus.dll	6 | 7 | 8 | 8
FaxFillFunc                       	2	3DObjects,BCCPlus.dll	FaxMode
FaxMode                           	2	3DObjects,BCCPlus.dll	
FaxRecvParams                     	2	3DObjects,BCCPlus.dll	FaxMode | FaxFillFunc | BadFaxLines | CleanFaxData | ConsecutiveBadFaxLines
FaxRecvTime                       	2	3DObjects,BCCPlus.dll	BadFaxLines | CleanFaxData | ConsecutiveBadFaxLines | FaxRecvParams | FaxSubAddress
FaxSubAddress                     	2	3DObjects,BCCPlus.dll	FaxFillFunc | BadFaxLines | CleanFaxData | ConsecutiveBadFaxLines | FaxRecvParams
File not open for reading         	2	3DObjects,BCCPlus.dll	%s: No space for data buff
FillOrder                         	2	3DObjects,BCCPlus.dll	Compression | PhotometricInterpretation | Threshholding | CellWidth | CellLength
Finalize Cleanup                  	2	3DObjects,Common	- | {%.2X%.2X%.2X%.2X-%.2X%.2X
FreeByteCounts                    	2	3DObjects,BCCPlus.dll	MaxSampleValue | XResolution | YResolution | PageName | FreeOffsets
FreeOffsets                       	2	3DObjects,BCCPlus.dll	MinSampleValue | MaxSampleValue | XResolution | YResolution | PageName
Funktion bei lokalem Zugriff nicht unterstuetzt.	2	BCCPlus.dll,Common	Datum fuer Update-Daten ab | Update data serial no. doe
GetAdaptersInfo                   	2	BCCPlus.dll,Common	Local\SafeNet-SentinelSMEM
GetCursorInfo                     	2	BCCPlus.dll,Common	2 | . | D | L | L | GetForegroundWindow
GetFileVersionInfoSizeW           	2	BCCPlus.dll,Common	e | " |   | - | d | C:\
GetFileVersionInfoW               	2	BCCPlus.dll,Common	VerQueryValueW | SYSTEM |   | - | f | console
GetForegroundWindow               	2	BCCPlus.dll,Common	3 | 2 | . | D | L | L
GetNamedSecurityInfoW             	2	BCCPlus.dll,Common	InitializeSecurityDescript | RegDeleteValueA | closesocket | SetNamedSecurityInfoW | MessageBoxA
GetQueueStatus                    	2	BCCPlus.dll,Common	. | D | L | L | GetForegroundWindow | GetCursorInfo
GetSidSubAuthority                	2	BCCPlus.dll,Common	IsValidSid | SetSecurityDescriptorDacl | RegQueryValueExA | getsockname | ProcessIdToSessionId
GetSystemMetrics                  	2	BCCPlus.dll,Common	AllocateAndInitializeSid | OpenProcessToken | connect | GetUserNameA | RegCreateKeyExA | send
GetTokenInformation               	2	BCCPlus.dll,Common	GetUserNameA | RegCreateKeyExA | send | GetSystemMetrics | RegSetValueExA | CheckTokenMembership
GetUserNameA                      	2	BCCPlus.dll,Common	AllocateAndInitializeSid | OpenProcessToken | connect
GlassSessionId                    	2	BCCPlus.dll,Common	GetFileVersionInfoW |   | - | D |   | "
Gray color space not permitted on RGB PNG	2	BCCPlus.dll,Common	PCS illuminant is not D50 | RGB color space not permit
GrayResponseCurve                 	2	3DObjects,BCCPlus.dll	YResolution | PageName | FreeOffsets | FreeByteCounts | GrayResponseUnit
GrayResponseUnit                  	2	3DObjects,BCCPlus.dll	XResolution | YResolution | PageName | FreeOffsets | FreeByteCounts
Group3Options                     	2	3DObjects,BCCPlus.dll	CleanFaxData | ConsecutiveBadFaxLines | FaxRecvParams | FaxSubAddress | FaxRecvTime
Group4Options                     	2	3DObjects,BCCPlus.dll	ConsecutiveBadFaxLines | FaxRecvParams | FaxSubAddress | FaxRecvTime | Group3Options
HARDLOCK                          	2	BCCPlus.dll,Common	RegDeleteValueA | RegCloseKey | DhcpCApiCleanup | DhcpRequestParams | GetSystemFirmwareTable
HASP Developer                    	2	BCCPlus.dll,Common	local
HASP HL                           	2	BCCPlus.dll,Common	SL-UserMode | Net
HASP HL BasicMicro                	2	BCCPlus.dll,Common	0x%08X | PMType4 | </config> | Disable | tmpl
HASP HL Drive                     	2	BCCPlus.dll,Common	driverless, |   </productdetails> | %d | HASP HL Max | HASP HL ProMicro
HASP HL Max                       	2	BCCPlus.dll,Common	Rehosted | driverless, |   </productdetails> | %d
HASP HL MaxMicro                  	2	BCCPlus.dll,Common	HYPERV VM |   <%s>%llu</%s> | cse | Micro | fw | localips
HASP HL Net %d                    	2	BCCPlus.dll,Common	Sentinel HL | vmin | exiso | %s %s %d, %04d %02d:%02d |  %u | Update%20
HASP HL Net 250+                  	2	BCCPlus.dll,Common	%02llu:%02llu:%02llu |  (INACTIVE) | time | Disp  | lt | Sentinel
HASP HL NetMicro 250+             	2	BCCPlus.dll,Common	R2H copy and paste not imp | %u Min | HL NetMicro %d | dog, | HL BasicMicro | %u %llu
HASP HL NetTime %d                	2	BCCPlus.dll,Common	</productdetails> | %d | HASP HL Max | HASP HL ProMicro | HASP HL Drive | isloc
HASP HL NetTime 250+              	2	BCCPlus.dll,Common	
HASP HL Pro                       	2	BCCPlus.dll,Common	tmpl | HASP HL BasicMicro | HL NetTime 250+ | 0 Sec
HASP HL ProMicro                  	2	BCCPlus.dll,Common	driverless, |   </productdetails> | %d | HASP HL Max
HASP HL Time                      	2	BCCPlus.dll,Common	Trial | ddis | uptm | ven | unusable | %d.%d
HASP Master                       	2	BCCPlus.dll,Common	HASP HL MaxMicro |   | QEMU VM | peakthr | HL Net 250+ | vid
HASP SL                           	2	BCCPlus.dll,Common	" | 0x%02X%02X | acc
HL Basic                          	2	BCCPlus.dll,Common	HASP id cannot be 0 | HL NetMicro 250+ | logl | detc | VMType2 | vm
HL BasicMicro                     	2	BCCPlus.dll,Common	HASP Master | bv | R2H copy and paste not imp | %u Min | HL NetMicro %d | dog,
HL Drive                          	2	BCCPlus.dll,Common	SL-Legacy | usertext | 127.0.0.1 | > | prname | <context/>
HL Max                            	2	BCCPlus.dll,Common	"%s":"%llu" | <br>&nbsp;%d left | lic | OK | #%llu |
HL MaxMicro                       	2	BCCPlus.dll,Common	
HL Net %d                         	2	BCCPlus.dll,Common	neterr | .%d | 20.1.1.71898 | SuperDog Master | %s %d, %04d | writes
HL Net 250+                       	2	BCCPlus.dll,Common	fw | localips | HASP HL MaxMicro |   | QEMU VM | peakthr
HL NetMicro %d                    	2	BCCPlus.dll,Common	HL Net 250+ | vid | HASP Master | bv | R2H copy and paste not imp | %u Min
HL NetTime 250+                   	2	BCCPlus.dll,Common	</config> | Disable | tmpl | HASP HL BasicMicro
HL Pool of Seats                  	2	BCCPlus.dll,Common	Demo XK | Save format |  Product %u | Memo Card Plugin
HL Pro                            	2	BCCPlus.dll,Common	None | Display | cookie: 0x%08X | details | 0x%08x | SL
HL-Server login table full.       	2	BCCPlus.dll,Common	Cannot TLV encode data. | Device not supported. | Function not supported on
HTTP                              	2	BCCPlus.dll,Common	h2r | ../ | .%s | attached | detached
HalftoneHints                     	2	3DObjects,BCCPlus.dll	Artist | HostComputer | WhitePoint | PrimaryChromaticities | ColorMap
Heap32First                       	2	BCCPlus.dll,Common	GetCursorInfo | GetQueueStatus | CreateToolhelp32Snapshot | CloseToolhelp32Snapshot
Heap32ListFirst                   	2	BCCPlus.dll,Common	CreateToolhelp32Snapshot | CloseToolhelp32Snapshot | Heap32First | Heap32Next
Heap32ListNext                    	2	BCCPlus.dll,Common	CloseToolhelp32Snapshot | Heap32First | Heap32Next | Heap32ListFirst
Heap32Next                        	2	BCCPlus.dll,Common	GetQueueStatus | CreateToolhelp32Snapshot | CloseToolhelp32Snapshot | Heap32First
HeartBeat                         	2	BCCPlus.dll,Common	0xFFFFFFFF | SuperPro | ConfigDiscard | Protocol | AccessMode
Hold Instruction Call Issuer      	2	BCCPlus.dll,Common	holdInstructionNone | Hold Instruction None | holdInstructionCallIssuer
Hold Instruction Code             	2	BCCPlus.dll,Common	AES-256-OFB | aes-256-ofb | AES-256-CFB | aes-256-cfb | holdInstructionCode
Hold Instruction None             	2	BCCPlus.dll,Common	aes-256-cfb | holdInstructionCode | Hold Instruction Code | holdInstructionNone
Hold Instruction Reject           	2	BCCPlus.dll,Common	holdInstructionCallIssuer | Hold Instruction Call Issu | holdInstructionReject
HostComputer                      	2	3DObjects,BCCPlus.dll	ColorResponseUnit | TransferFunction | Software | DateTime | Artist
IANA                              	2	BCCPlus.dll,Common	X500algorithms | directory services - algor | ORG | org | DOD | dod
ICC or token signature            	2	BCCPlus.dll,Common	encrypted track 2 | setAttr-T2cleartxt | cleartext track 2 | setAttr-TokICCsig
ICC profile tag outside profile   	2	BCCPlus.dll,Common	unrecognized ICC profile c | unexpected ICC PCS encodin
ICC profile tag start not a multiple of 4	2	BCCPlus.dll,Common	unrecognized ICC profile c | unexpected ICC PCS encodin | ICC profile tag outside pr
IDEA-CBC                          	2	BCCPlus.dll,Common	DES-CBC | des-cbc | DES-EDE | des-ede | DES-EDE3 | des-ede3
IDEA-CFB                          	2	BCCPlus.dll,Common	DES-EDE | des-ede | DES-EDE3 | des-ede3 | IDEA-CBC | idea-cbc
IDEA-ECB                          	2	BCCPlus.dll,Common	DES-EDE3 | des-ede3 | IDEA-CBC | idea-cbc | IDEA-CFB | idea-cfb
IDEA-OFB                          	2	BCCPlus.dll,Common	DES-EDE-CBC | des-ede-cbc | DES-EDE3-CBC | des-ede3-cbc | DES-OFB | des-ofb
IPSec End System                  	2	BCCPlus.dll,Common	sbgp-autonomousSysNum | sbgp-routerIdentifier | textNotice | ipsecEndSystem
IPSec Tunnel                      	2	BCCPlus.dll,Common	sbgp-routerIdentifier | textNotice | ipsecEndSystem | IPSec End System | ipsecTunnel
IPSec User                        	2	BCCPlus.dll,Common	ipsecEndSystem | IPSec End System | ipsecTunnel | IPSec Tunnel | ipsecUser
IPv4                              	2	BCCPlus.dll,Common	WSAENOTEMPTY | tcp6 | WSAEOPNOTSUPP | bind | sendto | gethostname
ISO JBIG                          	2	3DObjects,BCCPlus.dll	JPEG | Old-style JPEG | CCITT RLE | CCITT RLE/W | CCITT Group 3 | CCITT Group 4
ISO Member Body                   	2	BCCPlus.dll,Common	CA Issuers | OCSPSigning | OCSP Signing | ISO | iso | member-body
ISO US Member Body                	2	BCCPlus.dll,Common	OCSP Signing | ISO | iso | member-body | ISO Member Body | ISO-US
ISO-US                            	2	BCCPlus.dll,Common	OCSPSigning | OCSP Signing | ISO | iso | member-body | ISO Member Body
ITU-T                             	2	BCCPlus.dll,Common	set-brand-MasterCard | set-brand-Novus | DES-CDMF | des-cdmf | rsaOAEPEncryptionSET
Ignoring invalid time value       	2	BCCPlus.dll,Common	Potential overflow in png_ | Application built with lib |  but running with
Image                             	2	3DObjects,BCCPlus.dll	Spline Object | Spline Primitive | Procedural | Environment Map | Sound
Image height exceeds user limit in IHDR	2	BCCPlus.dll,Common	Image height is zero in IH | Invalid image height in IH
Image height is zero in IHDR      	2	BCCPlus.dll,Common	Invalid image width in IHD | Image width exceeds user l
Image width exceeds user limit in IHDR	2	BCCPlus.dll,Common	Image width is zero in IHD | Invalid image width in IHD
Image width is zero in IHDR       	2	BCCPlus.dll,Common	internal error handling cH | internal error handling cH
ImageDepth                        	2	3DObjects,BCCPlus.dll	YCbCrPositioning | ReferenceBlackWhite | Matteing | DataType
ImageDescription                  	2	3DObjects,BCCPlus.dll	Threshholding | CellWidth | CellLength | FillOrder | DocumentName
ImageLength                       	2	3DObjects,BCCPlus.dll	wrong data type %d for "%s
ImageWidth                        	2	3DObjects,BCCPlus.dll	SubfileType | OldSubfileType
Independent                       	2	BCCPlus.dll,Common	Inherit all | nameConstraints | X509v3 Name Constraints | id-ppl-independent
Inherit all                       	2	BCCPlus.dll,Common	Proxy Certificate Informat | id-ppl-anyLanguage | Any language | id-ppl-inheritAll
InitializeSRWLock                 	2	BCCPlus.dll,Common	WakeAllConditionVariable | SleepConditionVariableCS | .4d464731/ | .434e4631/ | .434b4d31/ | .53464731/
InkNames                          	2	3DObjects,BCCPlus.dll	ColorMap | HalftoneHints | TileWidth | TileLength | TileByteCounts | SubIFD
InkSet                            	2	3DObjects,BCCPlus.dll	Color channels | Sorry, can not handle RGB
Insufficient memory for pCAL parameter	2	BCCPlus.dll,Common	Insufficient memory for pC | Insufficient memory for pC
Insufficient memory for pCAL params	2	BCCPlus.dll,Common	Insufficient memory for pC | Insufficient memory for pC
Insufficient memory for pCAL purpose	2	BCCPlus.dll,Common	Invalid pCAL parameter cou | Invalid format for pCAL pa
Insufficient memory for pCAL units	2	BCCPlus.dll,Common	Invalid format for pCAL pa | Insufficient memory for pC
Insufficient memory to process text chunk	2	BCCPlus.dll,Common	non-positive width | bad height format | non-positive height | no space in chunk cache
International Organizations       	2	BCCPlus.dll,Common	ITU-T | itu-t | JOINT-ISO-ITU-T | joint-iso-itu-t | international-organization
Invalid IHDR data                 	2	BCCPlus.dll,Common	Unknown filter method in I | Invalid filter method in I
Invalid argument                  	2	BCCPlus.dll,Common	Custom error | Out of memory | Unknown | End of file | Reference gap
Invalid attempt to read row data  	2	BCCPlus.dll,Common	sRGB | Missing IHDR before IDAT | Missing PLTE before IDAT | Too many IDATs found
Invalid bit depth in IHDR         	2	BCCPlus.dll,Common	Invalid image height in IH | Image height exceeds user
Invalid color type in IHDR        	2	BCCPlus.dll,Common	Image height exceeds user  | Invalid bit depth in IHDR
Invalid environment string.       	2	BCCPlus.dll,Common	Slot existiert nicht. | Slot/Lizenz nicht freigesc | Seriennr. der Update-Daten
Invalid filter method in IHDR     	2	BCCPlus.dll,Common	MNG features are not allow | Unknown filter method in I
Invalid format for pCAL parameter 	2	BCCPlus.dll,Common	Invalid pCAL equation type | Invalid pCAL parameter cou
Invalid image height in IHDR      	2	BCCPlus.dll,Common	Image width exceeds user l | Image height is zero in IH
Invalid image width in IHDR       	2	BCCPlus.dll,Common	internal error handling cH | Image width is zero in IHD
Invalid pCAL equation type        	2	BCCPlus.dll,Common	Invalid palette size, hIST | Insufficient memory for hI
Invalid pCAL parameter count      	2	BCCPlus.dll,Common	Insufficient memory for hI | Invalid pCAL equation type
Invalid palette                   	2	BCCPlus.dll,Common	Invalid sCAL height | Memory allocation failed w | Invalid palette length
Invalid palette length            	2	BCCPlus.dll,Common	Invalid sCAL width | Invalid sCAL height | Memory allocation failed w
Invalid range                     	2	BCCPlus.dll,Common	Out of memory | Unknown | End of file | Reference gap | Invalid argument | Double reference
Invalid sCAL height               	2	BCCPlus.dll,Common	Insufficient memory for pC | Invalid sCAL unit | Invalid sCAL width
Invalid sCAL unit                 	2	BCCPlus.dll,Common	Insufficient memory for pC | Insufficient memory for pC
Invalid sCAL width                	2	BCCPlus.dll,Common	Insufficient memory for pC | Invalid sCAL unit
Invalidity Date                   	2	BCCPlus.dll,Common	X509v3 Delta CRL Indicator | CRLReason | X509v3 CRL Reason Code | invalidityDate
IsValidSid                        	2	BCCPlus.dll,Common	RegCreateKeyExA | send | GetSystemMetrics | RegSetValueExA | CheckTokenMembership | GetTokenInformation
Italic                            	2	3DObjects,BCCPlus.dll	DISPLAY | Bold-Italic | Bold Italic | Outline
JOINT-ISO-ITU-T                   	2	BCCPlus.dll,Common	set-brand-Novus | DES-CDMF | des-cdmf | rsaOAEPEncryptionSET | ITU-T | itu-t
JPEG                              	2	3DObjects,BCCPlus.dll	%s: Write error at scanlin | LZW | PackBits | ThunderScan | NeXT
LOCAL                             	2	BCCPlus.dll,Common	duration | hasp | rehost
Lens Flare                        	2	3DObjects,BCCPlus.dll	BCC Super Blend | BCC Radial Blur | BCC Spiral Blur | Lens Flare Adv
License                           	2	BCCPlus.dll,Common	
License file not found.           	2	BCCPlus.dll,Common	HL-Treiber kann nicht geoe | FIB in Modul/API-Struktur
Line length mismatch              	2	3DObjects,BCCPlus.dll	%s: Uncompressed data (not | Premature EOL
Lizenzdatei nicht gefunden.       	2	BCCPlus.dll,Common	FIB in Modul/API-Struktur  | License file not found. | Unknown fixed block positi
Login                             	2	BCCPlus.dll,Common	HASP HL NetTime 250+ | addrs | Parallels VM | seats
MD5-SHA1                          	2	BCCPlus.dll,Common	CAST5-OFB | cast5-ofb | pbeWithMD5AndCast5CBC | DSA-SHA1 | dsaWithSHA1
MDC2                              	2	BCCPlus.dll,Common	BF-ECB | bf-ecb | BF-CFB | bf-cfb | BF-OFB | bf-ofb
MIME MHS                          	2	BCCPlus.dll,Common	dITRedirect | audio | documentPublisher | x500UniqueIdentifier | mime-mhs
MNG features are not allowed in a PNG datastream	2	BCCPlus.dll,Common	Unknown interlace method i | Unknown compression method
Mail                              	2	BCCPlus.dll,Common	private | Private | security | Security | snmpv2 | SNMPv2
Make                              	2	3DObjects,BCCPlus.dll	CellWidth | CellLength | FillOrder | DocumentName | ImageDescription
Management                        	2	BCCPlus.dll,Common	dod | IANA | iana | directory | Directory | mgmt
Matteing                          	2	3DObjects,BCCPlus.dll	YCbCrCoefficients | YCbCrSubsampling | YCbCrPositioning | ReferenceBlackWhite
MaxSampleValue                    	2	3DObjects,BCCPlus.dll	Model | SamplesPerPixel | RowsPerStrip | MinSampleValue
Memo Card Plugin                  	2	BCCPlus.dll,Common	%llu | AppOnChip Module | Demo XK | Save format |  Product %u
Memory allocation failed while processing sCAL	2	BCCPlus.dll,Common	Invalid sCAL unit | Invalid sCAL width | Invalid sCAL height
MessageBoxA                       	2	BCCPlus.dll,Common	__WSAFDIsSet | InitializeSecurityDescript | RegDeleteValueA | closesocket | SetNamedSecurityInfoW
Microsoft Base Cryptographic Provider v1.0	2	BCCPlus.dll,Common	invalid distance too far b | invalid distance code | invalid literal/length cod | CryptGenRandom
Microsoft CSP Name                	2	BCCPlus.dll,Common	prime239v1 | prime239v2 | prime239v3 | prime256v1 | ecdsa-with-SHA1 | CSPName
Microsoft Commercial Code Signing 	2	BCCPlus.dll,Common	Time Stamping | msCodeInd | Microsoft Individual Code  | msCodeCom
Microsoft Encrypted File System   	2	BCCPlus.dll,Common	msCTLSign | Microsoft Trust List Signi | msSGC | Microsoft Server Gated Cry | msEFS
Microsoft Extension Request       	2	BCCPlus.dll,Common	PBE-MD5-RC2-64 | pbeWithMD5AndRC2-CBC | PBE-SHA1-DES | pbeWithSHA1AndDES-CBC | msExtReq
Microsoft Individual Code Signing 	2	BCCPlus.dll,Common	emailProtection | E-mail Protection | timeStamping | Time Stamping | msCodeInd
Microsoft Server Gated Crypto     	2	BCCPlus.dll,Common	Microsoft Commercial Code  | msCTLSign | Microsoft Trust List Signi | msSGC
Microsoft Smartcardlogin          	2	BCCPlus.dll,Common	international-organization | International Organization | msSmartcardLogin
Microsoft Trust List Signing      	2	BCCPlus.dll,Common	msCodeCom | Microsoft Commercial Code  | msCTLSign
Microsoft Universal Principal Name	2	BCCPlus.dll,Common	International Organization | msSmartcardLogin | Microsoft Smartcardlogin | msUPN
MinSampleValue                    	2	3DObjects,BCCPlus.dll	ImageDescription | Make | Model | SamplesPerPixel | RowsPerStrip
Mirror                            	2	3DObjects,BCCPlus.dll	Airbrush | Pencil | Box | Oval | Scissors | Multi-frame
Missing IHDR before IDAT          	2	BCCPlus.dll,Common	cHRM | gAMA | iCCP | sBIT | sRGB
Missing PLTE before IDAT          	2	BCCPlus.dll,Common	cHRM | gAMA | iCCP | sBIT | sRGB | Missing IHDR before IDAT
Missing needed %s tag             	2	3DObjects,BCCPlus.dll	PhotometricInterpretation | Sorry, can not handle imag
Model                             	2	3DObjects,BCCPlus.dll	CellWidth | CellLength | FillOrder | DocumentName | ImageDescription | Make
ModelView                         	2	3DObjects,Common	modelToWorld | ModelViewProj
ModelViewI                        	2	3DObjects,Common	modelToWorld | ModelViewProj | ModelView
ModelViewIT                       	2	3DObjects,Common	modelToWorld | ModelViewProj | ModelView | ModelViewI
ModelViewProj                     	2	3DObjects,Common	modelToWorld
Modul ist kein Hardlock-LiMas-Modul.	2	BCCPlus.dll,Common	Seriennr. der Update-Daten | Invalid environment string
Module32First                     	2	BCCPlus.dll,Common	Heap32ListFirst | Heap32ListNext | Process32First | Process32Next | Thread32First | Thread32Next
Module32Next                      	2	BCCPlus.dll,Common	Heap32ListNext | Process32First | Process32Next | Thread32First | Thread32Next | Module32First
Month number is out of range 1..12	2	BCCPlus.dll,Common	Year is out of valid range
NETWORK SERVICE                   	2	BCCPlus.dll,Common	R | N | A | M | E | localhost
NONAME                            	2	BCCPlus.dll,Common	/ | System\CurrentControlSet\C | ProductSuite | %2x%2x%2x%2x
NULL row buffer                   	2	BCCPlus.dll,Common	invalid background gamma t | png_do_encode_alpha: unexp
NeXT                              	2	3DObjects,BCCPlus.dll	%s: Write error at scanlin | LZW | PackBits | ThunderScan
Net                               	2	BCCPlus.dll,Common	SL-UserMode
Net%u                             	2	BCCPlus.dll,Common	unknown | HASP-HL | HASP-SL-AdminMode | NetTime%u | Developer
Net50                             	2	BCCPlus.dll,Common	haspsl-legacy | ~sentinelhl | false | ~MaxMicro | sentinelhl,hasphl | lt
NetApiBufferFree                  	2	BCCPlus.dll,Common	2 | . | D | L | L | NetStatisticsGet
NetDC                             	2	BCCPlus.dll,Common	SafeNet Design Student | vendorid | Demo XM | SafeNetCAD Home | Unlocked Unlimited Module
NetStatisticsGet                  	2	BCCPlus.dll,Common	3 | 2 | . | D | L | L
NetTime%u                         	2	BCCPlus.dll,Common	SL-AdminMode | Net250+ | unknown | HASP-HL | HASP-SL-AdminMode
NetTime10                         	2	BCCPlus.dll,Common	~Master | ~SL-UserMode | ~Pro | Classic | sentinelhl | ~Net10
NetTime250+                       	2	BCCPlus.dll,Common	Time | Classic | Max | Basic | Pro | Drive
Netscape                          	2	BCCPlus.dll,Common	challengePassword | unstructuredAddress | extendedCertificateAttribu
Netscape Base Url                 	2	BCCPlus.dll,Common	PBKDF2 | DSA-SHA1-old | dsaWithSHA1-old | nsCertType | Netscape Cert Type | nsBaseUrl
Netscape CA Policy Url            	2	BCCPlus.dll,Common	Netscape CA Revocation Url | nsRenewalUrl | Netscape Renewal Url | nsCaPolicyUrl
Netscape CA Revocation Url        	2	BCCPlus.dll,Common	Netscape Base Url | nsRevocationUrl | Netscape Revocation Url | nsCaRevocationUrl
Netscape Cert Type                	2	BCCPlus.dll,Common	PBE-SHA1-RC2-64 | pbeWithSHA1AndRC2-CBC | PBKDF2 | DSA-SHA1-old | dsaWithSHA1-old | nsCertType
Netscape Certificate Extension    	2	BCCPlus.dll,Common	extendedCertificateAttribu | Netscape | Netscape Communications Co | nsCertExt
Netscape Certificate Sequence     	2	BCCPlus.dll,Common	Netscape SSL Server Name | nsComment | Netscape Comment | nsCertSequence
Netscape Comment                  	2	BCCPlus.dll,Common	Netscape CA Policy Url | nsSslServerName | Netscape SSL Server Name | nsComment
Netscape Communications Corp.     	2	BCCPlus.dll,Common	challengePassword | unstructuredAddress | extendedCertificateAttribu | Netscape
Netscape Data Type                	2	BCCPlus.dll,Common	Netscape Communications Co | nsCertExt | Netscape Certificate Exten | nsDataType
Netscape Renewal Url              	2	BCCPlus.dll,Common	Netscape Revocation Url | nsCaRevocationUrl | Netscape CA Revocation Url | nsRenewalUrl
Netscape Revocation Url           	2	BCCPlus.dll,Common	nsCertType | Netscape Cert Type | nsBaseUrl | Netscape Base Url | nsRevocationUrl
Netscape SSL Server Name          	2	BCCPlus.dll,Common	nsRenewalUrl | Netscape Renewal Url | nsCaPolicyUrl | Netscape CA Policy Url | nsSslServerName
Netscape Server Gated Crypto      	2	BCCPlus.dll,Common	msSGC | Microsoft Server Gated Cry | msEFS | Microsoft Encrypted File S | nsSGC
No device available.              	2	BCCPlus.dll,Common	Fehler bei Schreiben der L | Dead counter limit reached | Ungueltige Umgebungsvariab
No space %s                       	2	3DObjects,BCCPlus.dll	TIFFOpen | %s Warning | TIFFLIB | %s Error | %s: Cannot open
No space for B&W mapping table    	2	3DObjects,BCCPlus.dll	No space for strip buffer | No space for YCbCr->RGB co
No space for Palette mapping table	2	3DObjects,BCCPlus.dll	No space for B&W mapping t | No space for photometric c
No space for photometric conversion table	2	3DObjects,BCCPlus.dll	No space for YCbCr->RGB co | No space for B&W mapping t
No space for strip buffer         	2	3DObjects,BCCPlus.dll	using top-left orientation | No space for tile buffer
No space for tile buffer          	2	3DObjects,BCCPlus.dll	using bottom-left orientat | using top-left orientation
No space in chunk cache for sPLT  	2	BCCPlus.dll,Common	invalid values | too many profiles | out of memory | bad compression method | bad keyword
No space to register compression scheme %s	2	3DObjects,BCCPlus.dll	Compression algorithm does
NoName                            	2	BCCPlus.dll,Common	%ld%s | enumServerEx | %d%s%u%s%d%s%d%s%d%s | keyInfoEx | %ld | heartbeatStr
Non-existing slot number given.   	2	BCCPlus.dll,Common	Invalid license. | Zaehlerlimit erreicht. | Unbekannter Hardware-Deskr
Not a PNG file                    	2	BCCPlus.dll,Common	too many unknown chunks | unknown chunk: out of memo | PNG unsigned integer out o
Not enough                        	2	3DObjects,BCCPlus.dll	TIFFInitCCITTFax3
Not enough image data             	2	BCCPlus.dll,Common	internal row width error | invalid user transform pix
NtClose                           	2	BCCPlus.dll,Common	NtQueryObject | NtQuerySemaphore | NtQuerySection | NtOpenFile
NtOpenFile                        	2	BCCPlus.dll,Common	NtQuerySystemInformation | NtQueryObject | NtQuerySemaphore | NtQuerySection
NtQueryObject                     	2	BCCPlus.dll,Common	NtSetInformationFile | NtQuerySystemInformation
NtQuerySection                    	2	BCCPlus.dll,Common	NtSetInformationFile | NtQuerySystemInformation | NtQueryObject | NtQuerySemaphore
NtQuerySemaphore                  	2	BCCPlus.dll,Common	NtSetInformationFile | NtQuerySystemInformation | NtQueryObject
NtQuerySystemInformation          	2	BCCPlus.dll,Common	NtSetInformationFile
NtQueryTimerResolution            	2	BCCPlus.dll,Common	NtQueryObject | NtQuerySemaphore | NtQuerySection | NtOpenFile | NtClose
NtSetInformationFile              	2	BCCPlus.dll,Common	Warning: deleting ShmemHea
OBJ lib                           	2	BCCPlus.dll,Common	system lib | BN lib | RSA lib | DH lib | EVP lib | BUF lib
OCSP                              	2	BCCPlus.dll,Common	dnQualifier | id-pe | id-ad | authorityInfoAccess | Authority Information Acce
OCSP Archive Cutoff               	2	BCCPlus.dll,Common	acceptableResponses | Acceptable OCSP Responses | noCheck | OCSP No Check | archiveCutoff
OCSP No Check                     	2	BCCPlus.dll,Common	CrlID | OCSP CRL ID | acceptableResponses | Acceptable OCSP Responses | noCheck
OCSP Service Locator              	2	BCCPlus.dll,Common	noCheck | OCSP No Check | archiveCutoff | OCSP Archive Cutoff | serviceLocator
OCSP Signing                      	2	BCCPlus.dll,Common	Authority Information Acce | OCSP | caIssuers | CA Issuers | OCSPSigning
OCSP lib                          	2	BCCPlus.dll,Common	PKCS7 lib | X509V3 lib | PKCS12 lib | RAND lib | DSO lib | ENGINE lib
OCSP routines                     	2	BCCPlus.dll,Common	PKCS12 routines | random number generator | DSO support routines | engine routines
OCSPSigning                       	2	BCCPlus.dll,Common	authorityInfoAccess | Authority Information Acce | OCSP | caIssuers | CA Issuers
OGL accelerated offscreen         	2	3DObjects,Common	BFX:OffscreenOpenGL
OPEN                              	2	BCCPlus.dll,Common	
Oakley-EC2N-3                     	2	BCCPlus.dll,Common	policyMappings | X509v3 Policy Mappings | inhibitAnyPolicy | X509v3 Inhibit Any Policy
Oakley-EC2N-4                     	2	BCCPlus.dll,Common	inhibitAnyPolicy | X509v3 Inhibit Any Policy | Oakley-EC2N-3 | ipsec3
Old-style JPEG                    	2	3DObjects,BCCPlus.dll	%s: Write error at scanlin | LZW | PackBits | ThunderScan | NeXT | JPEG
OldSubfileType                    	2	3DObjects,BCCPlus.dll	SubfileType
Omega                             	2	BCCPlus.dll	greaterequal | partialdiff | summation | product | pi | integral
OpenCL.dll                        	2	BCCPlus.dll,Common	clCreateBuffer | clCreateImage2D | 6 | clGetMemObjectInfo | 5 | clGetKernelWorkGroupInfo
OpenProcessToken                  	2	BCCPlus.dll,Common	AllocateAndInitializeSid
OpenSSL DSA method                	2	BCCPlus.dll,Common	
Oval                              	2	3DObjects	Watch Folder-->  | None | AE Mask | Line | Circle
PBE-MD2-DES                       	2	BCCPlus.dll,Common	rc4 | rsaEncryption | RSA-MD2 | md2WithRSAEncryption | RSA-MD5 | md5WithRSAEncryption
PBE-MD2-RC2-64                    	2	BCCPlus.dll,Common	RC2-64-CBC | rc2-64-cbc | SMIME-CAPS | S/MIME Capabilities
PBE-MD5-DES                       	2	BCCPlus.dll,Common	md2WithRSAEncryption | RSA-MD5 | md5WithRSAEncryption | PBE-MD2-DES | pbeWithMD2AndDES-CBC
PBE-MD5-RC2-64                    	2	BCCPlus.dll,Common	rc2-64-cbc | SMIME-CAPS | S/MIME Capabilities | PBE-MD2-RC2-64 | pbeWithMD2AndRC2-CBC
PBE-SHA1-2DES                     	2	BCCPlus.dll,Common	PBE-SHA1-RC4-40 | pbeWithSHA1And40BitRC4 | PBE-SHA1-3DES | pbeWithSHA1And3-KeyTripleD
PBE-SHA1-3DES                     	2	BCCPlus.dll,Common	PBE-SHA1-RC4-128 | pbeWithSHA1And128BitRC4 | PBE-SHA1-RC4-40 | pbeWithSHA1And40BitRC4
PBE-SHA1-DES                      	2	BCCPlus.dll,Common	PBE-MD2-RC2-64 | pbeWithMD2AndRC2-CBC | PBE-MD5-RC2-64 | pbeWithMD5AndRC2-CBC
PBE-SHA1-RC2-128                  	2	BCCPlus.dll,Common	pbeWithSHA1And3-KeyTripleD | PBE-SHA1-2DES | pbeWithSHA1And2-KeyTripleD
PBE-SHA1-RC2-40                   	2	BCCPlus.dll,Common	pbeWithSHA1And2-KeyTripleD | PBE-SHA1-RC2-128 | pbeWithSHA1And128BitRC2-CB
PBE-SHA1-RC2-64                   	2	BCCPlus.dll,Common	RSA-SHA1 | sha1WithRSAEncryption | DSA-SHA | dsaWithSHA | DSA-old | dsaEncryption-old
PBE-SHA1-RC4-128                  	2	BCCPlus.dll,Common	X509v3 CRL Reason Code | invalidityDate | Invalidity Date | SXNetID | Strong Extranet ID
PBE-SHA1-RC4-40                   	2	BCCPlus.dll,Common	Invalidity Date | SXNetID | Strong Extranet ID | PBE-SHA1-RC4-128 | pbeWithSHA1And128BitRC4
PBES2                             	2	BCCPlus.dll,Common	safeContentsBag | friendlyName | localKeyID | x509Certificate | sdsiCertificate | x509Crl
PBKDF2                            	2	BCCPlus.dll,Common	DSA-SHA | dsaWithSHA | DSA-old | dsaEncryption-old | PBE-SHA1-RC2-64 | pbeWithSHA1AndRC2-CBC
PBMAC1                            	2	BCCPlus.dll,Common	friendlyName | localKeyID | x509Certificate | sdsiCertificate | x509Crl | PBES2
PCS illuminant is not D50         	2	BCCPlus.dll,Common	invalid rendering intent | intent outside defined ran | invalid signature
PEM lib                           	2	BCCPlus.dll,Common	BN lib | RSA lib | DH lib | EVP lib | BUF lib | OBJ lib
PEM routines                      	2	BCCPlus.dll,Common	digital envelope routines | memory buffer routines | object identifier routines
PF AE Adv Time Suite              	2	3DObjects,AE_Float.dll	`A | pA |  C
PF Effect Custom UI Suite         	2	3DObjects,BCCPlus.dll	DRAWBOT Supplier Suite | DRAWBOT Surface Suite | DRAWBOT Path Suite
PKCS12 lib                        	2	BCCPlus.dll,Common	CRYPTO lib | EC lib | SSL lib | BIO lib | PKCS7 lib | X509V3 lib
PKCS12 routines                   	2	BCCPlus.dll,Common	elliptic curve routines | SSL routines | BIO routines | PKCS7 routines | X509 V3 routines
PKCS7 lib                         	2	BCCPlus.dll,Common	ASN1 lib | CONF lib | CRYPTO lib | EC lib | SSL lib | BIO lib
PKCS7 routines                    	2	BCCPlus.dll,Common	common libcrypto routines | elliptic curve routines | SSL routines | BIO routines
PKIX                              	2	BCCPlus.dll,Common	ZLIB | zlib compression | extendedKeyUsage | X509v3 Extended Key Usage
PMType2                           	2	BCCPlus.dll,Common	HL Drive | server | <config> | connmax | resper | %llu.%02llu
PMType3                           	2	BCCPlus.dll,Common	lc | WALLE | uptimeseconds | drivers | "%s":"%u" |   <error>unknown tag:
PMType4                           	2	BCCPlus.dll,Common	guid | c2v | /*  | ex | n/a in embedded | 0x%08X
PNG file corrupted by ASCII conversion	2	BCCPlus.dll,Common	unknown chunk: out of memo | PNG unsigned integer out o | Not a PNG file
PNG unsigned integer out of range 	2	BCCPlus.dll,Common	too many unknown chunks | unknown chunk: out of memo
PackBits                          	2	3DObjects,BCCPlus.dll	%s: Seek error at scanline | %s: Write error at scanlin | LZW
PageName                          	2	3DObjects,BCCPlus.dll	RowsPerStrip | MinSampleValue | MaxSampleValue | XResolution | YResolution
PageNumber                        	2	3DObjects,BCCPlus.dll	FreeByteCounts | GrayResponseUnit | GrayResponseCurve | ResolutionUnit
Parallels VM                      	2	BCCPlus.dll,Common	HASP HL NetTime 250+ | addrs
PixarLog                          	2	3DObjects,BCCPlus.dll	CCITT RLE | CCITT RLE/W | CCITT Group 3 | CCITT Group 4 | ISO JBIG | Deflate
PlanarConfiguration               	2	3DObjects,BCCPlus.dll	wrong data type %d for "%s | ImageLength
Planarconfiguration               	2	3DObjects,BCCPlus.dll	Samples/pixel | Sorry, can not handle cont
Plight                            	2	3DObjects,Common	modelToWorld | ModelViewProj | ModelView | ModelViewI | ModelViewIT
Policy Qualifier CPS              	2	BCCPlus.dll,Common	sdsiCertificate | x509Crl | PBES2 | PBMAC1 | hmacWithSHA1 | id-qt-cps
Policy Qualifier User Notice      	2	BCCPlus.dll,Common	PBES2 | PBMAC1 | hmacWithSHA1 | id-qt-cps | Policy Qualifier CPS | id-qt-unotice
Polygon                           	2	3DObjects,BCCPlus.dll	Line | Circle | Oval | Arrow | Star
Port kann nicht angefordert werden.	2	BCCPlus.dll,Common	FIB in key and api struc m | Seriennummer nicht lesbar/
Premature EOL                     	2	3DObjects,BCCPlus.dll	%s: Uncompressed data (not
PrimaryChromaticities             	2	3DObjects,BCCPlus.dll	TransferFunction | Software | DateTime | Artist | HostComputer | WhitePoint
Print                             	2	BCCPlus.dll,Common	Memo Card Plugin | HL Pool of Seats
Process32First                    	2	BCCPlus.dll,Common	CloseToolhelp32Snapshot | Heap32First | Heap32Next | Heap32ListFirst | Heap32ListNext
Process32Next                     	2	BCCPlus.dll,Common	Heap32First | Heap32Next | Heap32ListFirst | Heap32ListNext | Process32First
ProcessIdToSessionId              	2	BCCPlus.dll,Common	GetTokenInformation | IsValidSid | SetSecurityDescriptorDacl | RegQueryValueExA | getsockname
Product Activation Module         	2	BCCPlus.dll,Common	DEMOMA - evaluation | Demo 3B | vendorname | V-Clock Module | Demo XF | 3D
Protocol                          	2	BCCPlus.dll,Common	0xFFFFFFFF | SuperPro | ConfigDiscard
QEMU VM                           	2	BCCPlus.dll,Common	cse | Micro | fw | localips | HASP HL MaxMicro |
R2H copy and paste not implemented	2	BCCPlus.dll,Common	QEMU VM | peakthr | HL Net 250+ | vid | HASP Master | bv
RAND lib                          	2	BCCPlus.dll,Common	EC lib | SSL lib | BIO lib | PKCS7 lib | X509V3 lib | PKCS12 lib
RAND part of OpenSSL 0.9.8a 11 Oct 2005	2	BCCPlus.dll,Common	.\crypto\bio\b_print.c | .\crypto\bn\bn_ctx.c | .\crypto\bn\bn_rand.c | .\crypto\bn\bn_exp.c
RC2-40-CBC                        	2	BCCPlus.dll,Common	MDC2 | mdc2 | RSA-MDC2 | mdc2WithRSA | RC4-40 | rc4-40
RC2-64-CBC                        	2	BCCPlus.dll,Common	id-qt-cps | Policy Qualifier CPS | id-qt-unotice | Policy Qualifier User Noti
RC2-CBC                           	2	BCCPlus.dll,Common	IDEA-CBC | idea-cbc | IDEA-CFB | idea-cfb | IDEA-ECB | idea-ecb
RC2-CFB                           	2	BCCPlus.dll,Common	IDEA-ECB | idea-ecb | RC2-CBC | rc2-cbc | RC2-ECB | rc2-ecb
RC2-ECB                           	2	BCCPlus.dll,Common	IDEA-CFB | idea-cfb | IDEA-ECB | idea-ecb | RC2-CBC | rc2-cbc
RC2-OFB                           	2	BCCPlus.dll,Common	RC2-CBC | rc2-cbc | RC2-ECB | rc2-ecb | RC2-CFB | rc2-cfb
RC4-40                            	2	BCCPlus.dll,Common	BF-OFB | bf-ofb | MDC2 | mdc2 | RSA-MDC2 | mdc2WithRSA
RC5-CBC                           	2	BCCPlus.dll,Common	dsaEncryption | RIPEMD160 | ripemd160 | RSA-RIPEMD160 | ripemd160WithRSA
RC5-CFB                           	2	BCCPlus.dll,Common	RSA-RIPEMD160 | ripemd160WithRSA | RC5-CBC | rc5-cbc | RC5-ECB | rc5-ecb
RC5-ECB                           	2	BCCPlus.dll,Common	RIPEMD160 | ripemd160 | RSA-RIPEMD160 | ripemd160WithRSA | RC5-CBC | rc5-cbc
RC5-OFB                           	2	BCCPlus.dll,Common	RC5-CBC | rc5-cbc | RC5-ECB | rc5-ecb | RC5-CFB | rc5-cfb
RELOCATE                          	2	BCCPlus.dll,Common	SL-UserMode
RGB color space not permitted on grayscale PNG	2	BCCPlus.dll,Common	intent outside defined ran | invalid signature | PCS illuminant is not D50
RIPEMD160                         	2	BCCPlus.dll,Common	dsaWithSHA1 | MD5-SHA1 | md5-sha1 | RSA-SHA1-2 | sha1WithRSA | dsaEncryption
RSA lib                           	2	BCCPlus.dll,Common	accept | WSAstartup | opendir | fread | system lib | BN lib
RSA-MD2                           	2	BCCPlus.dll,Common	md2 | MD5 | md5 | RC4 | rc4 | rsaEncryption
RSA-MD4                           	2	BCCPlus.dll,Common	Domain | NULL | selected-attribute-types | Selected Attribute Types | clearance
RSA-MD5                           	2	BCCPlus.dll,Common	md5 | RC4 | rc4 | rsaEncryption | RSA-MD2 | md2WithRSAEncryption
RSA-MDC2                          	2	BCCPlus.dll,Common	BF-CFB | bf-cfb | BF-OFB | bf-ofb | MDC2 | mdc2
RSA-NP-MD5                        	2	BCCPlus.dll,Common	givenName | SN | surname | initials | crlDistributionPoints | X509v3 CRL Distribution Po
RSA-RIPEMD160                     	2	BCCPlus.dll,Common	md5-sha1 | RSA-SHA1-2 | sha1WithRSA | dsaEncryption | RIPEMD160 | ripemd160
RSA-SHA                           	2	BCCPlus.dll,Common	RC2-CFB | rc2-cfb | RC2-OFB | rc2-ofb | SHA | sha
RSA-SHA1                          	2	BCCPlus.dll,Common	DES-EDE-OFB | des-ede-ofb | DES-EDE3-OFB | des-ede3-ofb | SHA1 | sha1
RSA-SHA1-2                        	2	BCCPlus.dll,Common	pbeWithMD5AndCast5CBC | DSA-SHA1 | dsaWithSHA1 | MD5-SHA1 | md5-sha1
RSA-SHA224                        	2	BCCPlus.dll,Common	RSA-SHA384 | sha384WithRSAEncryption | RSA-SHA512 | sha512WithRSAEncryption
RSA-SHA256                        	2	BCCPlus.dll,Common	Inherit all | nameConstraints | X509v3 Name Constraints | id-ppl-independent | Independent
RSA-SHA384                        	2	BCCPlus.dll,Common	id-ppl-independent | Independent | RSA-SHA256 | sha256WithRSAEncryption
RSA-SHA512                        	2	BCCPlus.dll,Common	Independent | RSA-SHA256 | sha256WithRSAEncryption | RSA-SHA384 | sha384WithRSAEncryption
Ray Center                        	2	AE_8Bit.dll,AE_Float.dll	e | e | e | e | e | e
Reference gap                     	2	BCCPlus.dll,Common	Custom error | Out of memory | Unknown | End of file
ReferenceBlackWhite               	2	3DObjects,BCCPlus.dll	SMaxSampleValue | YCbCrCoefficients | YCbCrSubsampling | YCbCrPositioning
RegCloseKey                       	2	BCCPlus.dll,Common	SetNamedSecurityInfoW | MessageBoxA | GetNamedSecurityInfoW | select | htonl | WSAStartup
RegDeleteValueA                   	2	BCCPlus.dll,Common	GetSidSubAuthority | FreeSid | WSAGetLastError | __WSAFDIsSet | InitializeSecurityDescript
RegEnumValueA                     	2	BCCPlus.dll,Common	USB\Hasp
RegQueryValueExA                  	2	BCCPlus.dll,Common	RegSetValueExA | CheckTokenMembership | GetTokenInformation | IsValidSid | SetSecurityDescriptorDacl
RegSetValueExA                    	2	BCCPlus.dll,Common	OpenProcessToken | connect | GetUserNameA | RegCreateKeyExA | send | GetSystemMetrics
Rehosted                          	2	BCCPlus.dll,Common	<!--  | superpro, | Update %u | bli |   <numerrors> | Type%d
ReleaseSRWLockExclusive           	2	BCCPlus.dll,Common	.4d464731/ | .434e4631/ | .434b4d31/ | .53464731/ | InitializeSRWLock | ReleaseSRWLockShared
ReleaseSRWLockShared              	2	BCCPlus.dll,Common	SleepConditionVariableCS | .4d464731/ | .434e4631/ | .434b4d31/ | .53464731/ | InitializeSRWLock
Remote                            	2	BCCPlus.dll,Common	,  | haspsl-legacy, | Expiration Date | sessioncnt | <nobr>Time Period
Reporting Module                  	2	BCCPlus.dll,Common	Demo XE | SafeNetCAD Office | SafeNet Design Lite | Demo 3C | SafeNetCAD Enterprise
Reports                           	2	BCCPlus.dll,Common	<admin_status> | New SL Key Pool | Demo XD
ResolutionUnit                    	2	3DObjects,BCCPlus.dll	FreeOffsets | FreeByteCounts | GrayResponseUnit | GrayResponseCurve
Row has too many bytes to allocate in memory	2	BCCPlus.dll,Common	Not enough image data | Extra compressed data | Too much image data
RowsPerStrip                      	2	3DObjects,BCCPlus.dll	DocumentName | ImageDescription | Make | Model | SamplesPerPixel
SHA-256 part of OpenSSL 0.9.8a 11 Oct 2005	2	BCCPlus.dll,Common	ABCDEFGHIJKLMNOPQRSTUVWXYZ
SHA1                              	2	BCCPlus.dll,Common	DES-EDE3-CFB | des-ede3-cfb | DES-EDE-OFB | des-ede-ofb | DES-EDE3-OFB | des-ede3-ofb
SHA224                            	2	BCCPlus.dll,Common	SHA256 | sha256 | SHA384 | sha384 | SHA512 | sha512
SHA256                            	2	BCCPlus.dll,Common	RSA-SHA512 | sha512WithRSAEncryption | RSA-SHA224 | sha224WithRSAEncryption
SHA384                            	2	BCCPlus.dll,Common	RSA-SHA512 | sha512WithRSAEncryption | RSA-SHA224 | sha224WithRSAEncryption | SHA256 | sha256
SHA512                            	2	BCCPlus.dll,Common	RSA-SHA224 | sha224WithRSAEncryption | SHA256 | sha256 | SHA384 | sha384
SHGetFolderPathW                  	2	BCCPlus.dll,Common	
SL Pool of Seats                  	2	BCCPlus.dll,Common	<admin_status> | New SL Key Pool | Demo XD | Reports | SafeNet Design Enterprise
SL-Legacy                         	2	BCCPlus.dll,Common	Net  | HASP HL | fn | <context /> | config
SMIME-CAPS                        	2	BCCPlus.dll,Common	id-qt-unotice | Policy Qualifier User Noti | RC2-64-CBC | rc2-64-cbc
SMaxSampleValue                   	2	3DObjects,BCCPlus.dll	DotRange | TargetPrinter | ExtraSamples | SampleFormat | SMinSampleValue
SMinSampleValue                   	2	3DObjects,BCCPlus.dll	SubIFD | InkNames | DotRange | TargetPrinter | ExtraSamples | SampleFormat
SNMPv2                            	2	BCCPlus.dll,Common	Experimental | private | Private | security | Security | snmpv2
SPCL                              	2	BCCPlus.dll,Common	SPNClient | NoShareString | findFirstUnitEx2 | SUCCESS
SSL lib                           	2	BCCPlus.dll,Common	DSA lib | X509 lib | ASN1 lib | CONF lib | CRYPTO lib | EC lib
SSL routines                      	2	BCCPlus.dll,Common	configuration file routine | common libcrypto routines | elliptic curve routines
SUCCESS                           	2	BCCPlus.dll,Common	SPNClient | NoShareString | findFirstUnitEx2
SXNetID                           	2	BCCPlus.dll,Common	CRLReason | X509v3 CRL Reason Code | invalidityDate | Invalidity Date
SXRT70                            	2	BCCPlus.dll,Common	
SafeNet Design Enterprise         	2	BCCPlus.dll,Common	<admin_status> | New SL Key Pool | Demo XD | Reports
SafeNet Design Lite               	2	BCCPlus.dll,Common	Product Activation Module | Demo MC | id | Unlocked Trialware Module | Demo XE | SafeNetCAD Office
SafeNet Design Office             	2	BCCPlus.dll,Common	New SL Key Pool | Demo XD | Reports | SafeNet Design Enterprise | SL Pool of Seats | feature
SafeNet Design Student            	2	BCCPlus.dll,Common	name | Value of Unlimited Seats | Demo MB | Advanced Data File Protect
SafeNet Memo Card Plugin          	2	BCCPlus.dll,Common	SafeNet Design Enterprise | SL Pool of Seats | feature | SafeNet Design Office | Demo XN | Demo 3A
SafeNetCAD Enterprise             	2	BCCPlus.dll,Common	id | Unlocked Trialware Module | Demo XE | SafeNetCAD Office | SafeNet Design Lite | Demo 3C
SafeNetCAD Home                   	2	BCCPlus.dll,Common	Demo MB | Advanced Data File Protect | SafeNet Design Student | vendorid | Demo XM
SafeNetCAD Office                 	2	BCCPlus.dll,Common	3D | Product Activation Module | Demo MC | id | Unlocked Trialware Module | Demo XE
SampleFormat                      	2	3DObjects,BCCPlus.dll	TileByteCounts | SubIFD | InkNames | DotRange | TargetPrinter | ExtraSamples
SamplesPerPixel                   	2	3DObjects,BCCPlus.dll	FillOrder | DocumentName | ImageDescription | Make | Model
Save format                       	2	BCCPlus.dll,Common	Reporting Module | %llu | AppOnChip Module | Demo XK
SearchMode                        	2	BCCPlus.dll,Common	0xFFFFFFFF | SuperPro | ConfigDiscard | Protocol | AccessMode | HeartBeat
Secure Electronic Transactions    	2	BCCPlus.dll,Common	id-hex-multipart-message | generationQualifier | pseudonym | id-set
Security                          	2	BCCPlus.dll,Common	Management | experimental | Experimental | private | Private | security
Selected Attribute Types          	2	BCCPlus.dll,Common	DC | domainComponent | domain | Domain | NULL | selected-attribute-types
Sentinel                          	2	BCCPlus.dll,Common	%02llu:%02llu:%02llu |  (INACTIVE) | time | Disp  | lt
Sentinel Fit License Generation   	2	BCCPlus.dll,Common	Memo Card Plugin | HL Pool of Seats | Print | Demo XI | Demo XH
Sentinel HL                       	2	BCCPlus.dll,Common	mch | Update  | Unknown | ERROR | typ | Expired
Sentinel HL Basic                 	2	BCCPlus.dll,Common	version | osname | <br>&nbsp;None left | sentinelhl, | Sentinel HL Time
Sentinel HL Drive microSD         	2	BCCPlus.dll,Common	local | HASP Developer | <tr><td colspan=5>Features | localreq | isdet
Sentinel HL Max                   	2	BCCPlus.dll,Common	container | vmaj | ) | </haspscope> | 0x%02X
Sentinel HL Net                   	2	BCCPlus.dll,Common	lt | Sentinel | HASP HL Net 250+ |  250+ | %u.%u | Sentinel HL Pro
Sentinel HL NetTime               	2	BCCPlus.dll,Common	loc | haspsl-usermode, | VMType3 | <br><nobr> | prid | keyerr
Sentinel HL Pro                   	2	BCCPlus.dll,Common	Disp  | lt | Sentinel | HASP HL Net 250+ |  250+ | %u.%u
Sentinel HL Time                  	2	BCCPlus.dll,Common	version | osname | <br>&nbsp;None left | sentinelhl,
Sentinel LDK                      	2	BCCPlus.dll,Common	
Seriennr. der Update-Daten passt nicht.	2	BCCPlus.dll,Common	Can not open Hardlock driv | Slot existiert nicht. | Slot/Lizenz nicht freigesc
ServerPort                        	2	BCCPlus.dll,Common	SuperPro | ConfigDiscard | Protocol | AccessMode | HeartBeat | SearchMode
SetNamedSecurityInfoW             	2	BCCPlus.dll,Common	FreeSid | WSAGetLastError | __WSAFDIsSet | InitializeSecurityDescript | RegDeleteValueA | closesocket
SetupDiDestroyDeviceInfoList      	2	BCCPlus.dll,Common	SetupDiGetClassDevsA
SetupDiEnumDeviceInterfaces       	2	BCCPlus.dll,Common	
Shake Z                           	2	AE_16Bit.dll,AE_8Bit.dll	BCC Video Glitch
Software                          	2	3DObjects,BCCPlus.dll	ResolutionUnit | PageNumber | ColorResponseUnit | TransferFunction
Solid                             	2	3DObjects,BCCPlus.dll	Spline Object | Spline Primitive | Procedural | Environment Map | Sound | Image
Stack part of OpenSSL 0.9.8a 11 Oct 2005	2	BCCPlus.dll,Common	
Station                           	2	BCCPlus.dll,Common	%u Min | HL NetMicro %d | dog, | HL BasicMicro | %u %llu | HASP HL NetMicro 250+
Straight                          	2	3DObjects,BCCPlus.dll	Circle | Oval | Arrow | Star | Polygon | Heart
StripByteCounts                   	2	3DObjects,BCCPlus.dll	TileOffsets | StripOffsets | to read "TransferFunction" | Colormap
StripOffsets                      	2	3DObjects,BCCPlus.dll	ImageLength | PlanarConfiguration | TileOffsets
Strong Extranet ID                	2	BCCPlus.dll,Common	CRLReason | X509v3 CRL Reason Code | invalidityDate | Invalidity Date | SXNetID
SubIFD                            	2	3DObjects,BCCPlus.dll	ColorMap | HalftoneHints | TileWidth | TileLength | TileByteCounts
SubfileType                       	2	3DObjects,BCCPlus.dll	
Subject Information Access        	2	BCCPlus.dll,Common	clearance | RSA-MD4 | md4WithRSAEncryption | ac-proxying | subjectInfoAccess
SuperDog Master                   	2	BCCPlus.dll,Common	<nobr>Time Period | Remote | alarm | neterr | .%d | 20.1.1.71898
SuperPro                          	2	BCCPlus.dll,Common	0xFFFFFFFF
SystemDrive                       	2	BCCPlus.dll,Common	| - | D |   | " | GlassSessionId
TIFFAdvanceDirectory              	2	3DObjects,BCCPlus.dll	
TIFFAppendToStrip                 	2	3DObjects,BCCPlus.dll	TIFFWriteRawStrip | TIFFWriteEncodedTile | TIFFWriteRawTile | TIFFWriteBufferSetup
TIFFClientOpen                    	2	3DObjects,BCCPlus.dll	
TIFFFieldWithTag                  	2	3DObjects,BCCPlus.dll	Internal error, unknown ta
TIFFFillStrip                     	2	3DObjects,BCCPlus.dll	Internal error, unknown ta | TIFFFieldWithTag | TIFFReadRawStrip
TIFFFillTile                      	2	3DObjects,BCCPlus.dll	TIFFFieldWithTag | TIFFReadRawStrip | TIFFFillStrip | TIFFReadRawTile
TIFFInitCCITTFax3                 	2	3DObjects,BCCPlus.dll	%s: No space for state blo
TIFFLinkDirectory                 	2	3DObjects,BCCPlus.dll	Not a TIFF file, bad versi
TIFFOpen                          	2	3DObjects,BCCPlus.dll	No space for Palette mappi | Assuming 8-bit colormap
TIFFReadBufferSetup               	2	3DObjects,BCCPlus.dll	TIFFFieldWithTag | TIFFReadRawStrip | TIFFFillStrip | TIFFReadRawTile | TIFFFillTile
TIFFReadRawStrip                  	2	3DObjects,BCCPlus.dll	Internal error, unknown ta | TIFFFieldWithTag
TIFFReadRawTile                   	2	3DObjects,BCCPlus.dll	TIFFFieldWithTag | TIFFReadRawStrip | TIFFFillStrip
TIFFRegisterCODEC                 	2	3DObjects,BCCPlus.dll	No space to register compr
TIFFSetField                      	2	3DObjects,BCCPlus.dll	pseduo- | %s: Invalid %stag "%s" (no
TIFFUnRegisterCODEC               	2	3DObjects,BCCPlus.dll	TIFFRegisterCODEC | Cannot remove compression
TIFFUnlinkDirectory               	2	3DObjects,BCCPlus.dll	TIFFAdvanceDirectory
TIFFWriteBufferSetup              	2	3DObjects,BCCPlus.dll	TIFFWriteEncodedStrip | TIFFWriteRawStrip | TIFFWriteEncodedTile | TIFFWriteRawTile
TIFFWriteEncodedStrip             	2	3DObjects,BCCPlus.dll	Error fetching directory l
TIFFWriteEncodedTile              	2	3DObjects,BCCPlus.dll	TIFFWriteEncodedStrip | TIFFWriteRawStrip
TIFFWriteRawStrip                 	2	3DObjects,BCCPlus.dll	Error fetching directory l | TIFFWriteEncodedStrip
TIFFWriteRawTile                  	2	3DObjects,BCCPlus.dll	TIFFWriteEncodedStrip | TIFFWriteRawStrip | TIFFWriteEncodedTile
TLS Web Client Authentication     	2	BCCPlus.dll,Common	PKIX | id-kp | serverAuth | TLS Web Server Authenticat | clientAuth
TLS Web Server Authentication     	2	BCCPlus.dll,Common	extendedKeyUsage | X509v3 Extended Key Usage | PKIX | id-kp | serverAuth
TRUE                              	2	3DObjects,BCCPlus.dll	ReferenceBlackWhite | Matteing | DataType | ImageDepth | TileDepth
TargetPrinter                     	2	3DObjects,BCCPlus.dll	TileWidth | TileLength | TileByteCounts | SubIFD | InkNames | DotRange
Terminal Server                   	2	BCCPlus.dll,Common	127.0.0.1 | %2x-%2x-%2x-%2x,%2x-%2x-%2 | 00-00-00-00,FF-FF-FF-FF-FF
Text                              	2	3DObjects,BCCPlus.dll	Cylinder | Two-Sided Plane | Mask | 3D Container | 3D Line Art
Texture Map                       	2	3DObjects,BCCPlus.dll	shinymatte | selfillummatte | reflectionmatte | shadertexture | altmatrix
Thread32First                     	2	BCCPlus.dll,Common	Heap32First | Heap32Next | Heap32ListFirst | Heap32ListNext | Process32First | Process32Next
Thread32Next                      	2	BCCPlus.dll,Common	Heap32Next | Heap32ListFirst | Heap32ListNext | Process32First | Process32Next | Thread32First
Threshholding                     	2	3DObjects,BCCPlus.dll	ImageWidth | BitsPerSample | Compression | PhotometricInterpretation
ThunderScan                       	2	3DObjects,BCCPlus.dll	%s: Write error at scanlin | LZW | PackBits
TileByteCounts                    	2	3DObjects,BCCPlus.dll	PrimaryChromaticities | ColorMap | HalftoneHints | TileWidth | TileLength
TileDepth                         	2	3DObjects,BCCPlus.dll	YCbCrPositioning | ReferenceBlackWhite | Matteing | DataType | ImageDepth
TileLength                        	2	3DObjects,BCCPlus.dll	WhitePoint | PrimaryChromaticities | ColorMap | HalftoneHints | TileWidth
TileOffsets                       	2	3DObjects,BCCPlus.dll	wrong data type %d for "%s | ImageLength | PlanarConfiguration
TileWidth                         	2	3DObjects,BCCPlus.dll	HostComputer | WhitePoint | PrimaryChromaticities | ColorMap | HalftoneHints
Time Stamping                     	2	BCCPlus.dll,Common	codeSigning | Code Signing | emailProtection | E-mail Protection | timeStamping
Too many IDATs found              	2	BCCPlus.dll,Common	gAMA | iCCP | sBIT | sRGB | Missing IHDR before IDAT | Missing PLTE before IDAT
Too many arguments                	2	BCCPlus.dll,Common	(nil) | 0123456789abcdefghijklmnop | 0123456789ABCDEFGHIJKLMNOP
Too many bytes for PNG signature  	2	BCCPlus.dll,Common	Nov | Dec | 0u | &z
Too much                          	2	3DObjects,BCCPlus.dll	Not enough
Too much image data               	2	BCCPlus.dll,Common	invalid user transform pix | Not enough image data | Extra compressed data
TransferFunction                  	2	3DObjects,BCCPlus.dll	GrayResponseCurve | ResolutionUnit | PageNumber | ColorResponseUnit
Trial                             	2	BCCPlus.dll,Common	HASP HL BasicMicro | HL NetTime 250+ | 0 Sec | HASP HL Pro | <haspscope> | Base
Trust Root                        	2	BCCPlus.dll,Common	OCSP Service Locator | extendedStatus | Extended OCSP Status | valid | path | trustRoot
Type%d                            	2	BCCPlus.dll,Common	UserID | <!--  | superpro, | Update %u | bli |   <numerrors>
UGif                              	2	BCCPlus.dll,Common	SXRT70
UNDEF                             	2	BCCPlus.dll,Common	X509v3 Inhibit Any Policy | Oakley-EC2N-3 | ipsec3 | Oakley-EC2N-4 | ipsec4
USER32.DLL                        	2	BCCPlus.dll,Common	GetNamedSecurityInfoW | select | htonl | WSAStartup | RegCloseKey | socket
Uninitialized row                 	2	BCCPlus.dll,Common	invalid background gamma t | png_do_encode_alpha: unexp | NULL row buffer
Unknown compression method in IHDR	2	BCCPlus.dll,Common	Invalid color type/bit dep | Unknown interlace method i
Unknown error                     	2	BCCPlus.dll,Common	png_get_file_size: fail to | rb
Unknown error.                    	2	BCCPlus.dll,Common	x
Unknown filter method in IHDR     	2	BCCPlus.dll,Common	Unknown compression method | MNG features are not allow
Unknown fixed block position.     	2	BCCPlus.dll,Common	FIB in Modul/API-Struktur  | License file not found.
Unknown interlace method in IHDR  	2	BCCPlus.dll,Common	Invalid color type in IHDR | Invalid color type/bit dep
Unknown interop error %d          	2	BCCPlus.dll,Common	std:unknown
Unlocked Trialware Module         	2	BCCPlus.dll,Common	V-Clock Module | Demo XF | 3D | Product Activation Module | Demo MC | id
Unlocked Unlimited Module         	2	BCCPlus.dll,Common	Advanced Data File Protect | SafeNet Design Student | vendorid | Demo XM | SafeNetCAD Home
Update                            	2	BCCPlus.dll,Common	HASP HL Max | HASP HL ProMicro | HASP HL Drive | isloc | HASP HL NetTime %d | mch
Update %u                         	2	BCCPlus.dll,Common	PMType3 | sid | cp | UserID | <!--  | superpro,
Update data serial no. does not match.	2	BCCPlus.dll,Common	Ungueltige RUS-Lizenz. | Datum fuer Update-Daten ab
Update%20                         	2	BCCPlus.dll,Common	Expired | Sentinel HL | vmin | exiso | %s %s %d, %04d %02d:%02d |  %u
UserID                            	2	BCCPlus.dll,Common	drivers | "%s":"%u" |   <error>unknown tag:  | PMType3 | sid | cp
UuidCreate                        	2	BCCPlus.dll,Common	@ | @ | %08x-%04x-%04x-%02x%02x-%0
V-Clock Module                    	2	BCCPlus.dll,Common	NetDC  | product | Demo XL | DEMOMA - evaluation | Demo 3B | vendorname
VERSION.DLL                       	2	BCCPlus.dll,Common	t | . | e | x | e |
VMType3                           	2	BCCPlus.dll,Common	</ | PMType1 | filters: vendor=%u  key=%l | unknown | loc | haspsl-usermode,
VMWare                            	2	BCCPlus.dll,Common	n/a | </nobr> | srvos
Value of Unlimited Seats          	2	BCCPlus.dll,Common	feature | SafeNet Design Office | Demo XN | Demo 3A | SafeNet Memo Card Plugin | name
VerQueryValueW                    	2	BCCPlus.dll,Common	| - | d | C:\ | GetFileVersionInfoSizeW | 0
Virtual BOX VM                    	2	BCCPlus.dll,Common	
WARNING                           	2	BCCPlus.dll,Common	Continuum 2026 19.0 | EMERGENCY | ALERT | CRITICAL | ERROR
WIN32                             	2	BCCPlus.dll,Common	WIN64  | \hosts | OEF_NET_ALLOW_IPV6  | WSAENOBUFS | WSAETIMEDOUT | WSAELOOP
WIN64                             	2	BCCPlus.dll,Common	WSAENETDOWN | WSAEPROCLIM | WSAENOPROTOOPT | gethostbyaddr | shutdown | select
WSAAsyncSelect                    	2	BCCPlus.dll,Common	recvfrom | htons | htonl | ntohl | gethostname | gethostbyaddr
WSAEACCES                         	2	BCCPlus.dll,Common	WSAESHUTDOWN | WSAEADDRINUSE | \system32\drivers\etc\host | WSAECONNRESET | socket | getsockname
WSAEADDRINUSE                     	2	BCCPlus.dll,Common	htonl | WSAEPFNOSUPPORT | WSASYSNOTREADY | ENO | gethostbyname | WSAESHUTDOWN
WSAEADDRNOTAVAIL                  	2	BCCPlus.dll,Common	WSAEWOULDBLOCK | [ | listen | WSAETOOMANYREFS | WSAENETRESET | WSAENOTCONN
WSAEAFNOSUPPORT                   	2	BCCPlus.dll,Common	WSAGetLastError | WSAEPROTOTYPE
WSAEALREADY                       	2	BCCPlus.dll,Common	WSAGetLastError | WSAEPROTOTYPE | WSAEAFNOSUPPORT
WSAECONNABORTED                   	2	BCCPlus.dll,Common	WSAEOPNOTSUPP | bind | sendto | gethostname | IPv4 | getaddrinfo
WSAECONNRESET                     	2	BCCPlus.dll,Common	WSASYSNOTREADY | ENO | gethostbyname | WSAESHUTDOWN | WSAEADDRINUSE | \system32\drivers\etc\host
WSAEDESTADDRREQ                   	2	BCCPlus.dll,Common	WSAENOTCONN | WSAEADDRNOTAVAIL | WSACleanup | ntohs | WSAEFAULT | localhost
WSAEDISCON                        	2	BCCPlus.dll,Common	WSACleanup | ntohs | WSAEFAULT | localhost | WSAEDESTADDRREQ | unknown
WSAEDQUOT                         	2	BCCPlus.dll,Common	getprotobyname | WSAAddressToStringA | WSANOTINITIALISED | WSAVERNOTSUPPORTED | WSAEUSERS | WSAEINTR
WSAEFAULT                         	2	BCCPlus.dll,Common	WSAETOOMANYREFS | WSAENETRESET | WSAENOTCONN | WSAEADDRNOTAVAIL | WSACleanup | ntohs
WSAEHOSTDOWN                      	2	BCCPlus.dll,Common	WSAETIMEDOUT | WSAELOOP | WIN32  | recv | getsockopt | ESELECTTIMEDOUT
WSAEINTR                          	2	BCCPlus.dll,Common	WSAEBADF | getprotobyname | WSAAddressToStringA | WSANOTINITIALISED | WSAVERNOTSUPPORTED | WSAEUSERS
WSAEINVAL                         	2	BCCPlus.dll,Common	WIN32  | recv | getsockopt | ESELECTTIMEDOUT | WSAEHOSTDOWN | recvfrom
WSAEISCONN                        	2	BCCPlus.dll,Common	connect | htons | WSAEINPROGRESS | tcp | EGROUPTIMEDOUT | WSAECONNREFUSED
WSAELOOP                          	2	BCCPlus.dll,Common	select | WIN64  | \hosts | OEF_NET_ALLOW_IPV6  | WSAENOBUFS | WSAETIMEDOUT
WSAENETRESET                      	2	BCCPlus.dll,Common	WSAEALREADY | WSAStringToAddressA | WSAEWOULDBLOCK | [ | listen | WSAETOOMANYREFS
WSAENOBUFS                        	2	BCCPlus.dll,Common	gethostbyaddr | shutdown | select | WIN64  | \hosts | OEF_NET_ALLOW_IPV6
WSAENOTCONN                       	2	BCCPlus.dll,Common	WSAStringToAddressA | WSAEWOULDBLOCK | [ | listen | WSAETOOMANYREFS | WSAENETRESET
WSAENOTSOCK                       	2	BCCPlus.dll,Common	recv | getsockopt | ESELECTTIMEDOUT | WSAEHOSTDOWN | recvfrom | WSAEINVAL
WSAEOPNOTSUPP                     	2	BCCPlus.dll,Common	WSAEMFILE | ntohl | WSAENAMETOOLONG | freeaddrinfo | WSAENOTEMPTY | tcp6
WSAEPFNOSUPPORT                   	2	BCCPlus.dll,Common	WSAEISCONN | accept | udp6 | WSAStartup | WSAEPROTONOSUPPORT | htonl
WSAEPROTONOSUPPORT                	2	BCCPlus.dll,Common	EGROUPTIMEDOUT | WSAECONNREFUSED | WSAEISCONN | accept | udp6 | WSAStartup
WSAEPROTOTYPE                     	2	BCCPlus.dll,Common	<host_fingerprint type="%s | WSAGetLastError
WSAEREMOTE                        	2	BCCPlus.dll,Common	getsockopt | ESELECTTIMEDOUT | WSAEHOSTDOWN | recvfrom | WSAEINVAL | WSAENOTSOCK
WSAESHUTDOWN                      	2	BCCPlus.dll,Common	WSAEPROTONOSUPPORT | htonl | WSAEPFNOSUPPORT | WSASYSNOTREADY | ENO | gethostbyname
WSAESOCKTNOSUPPORT                	2	BCCPlus.dll,Common	bind | sendto | gethostname | IPv4 | getaddrinfo | WSAECONNABORTED
WSAESTALE                         	2	BCCPlus.dll,Common	localhost | WSAEDESTADDRREQ | unknown | WSAEDISCON | setsockopt | getpeername
WSAETIMEDOUT                      	2	BCCPlus.dll,Common	shutdown | select | WIN64  | \hosts | OEF_NET_ALLOW_IPV6  | WSAENOBUFS
WSAETOOMANYREFS                   	2	BCCPlus.dll,Common	WSAEAFNOSUPPORT | WSAEALREADY | WSAStringToAddressA | WSAEWOULDBLOCK | [ | listen
WSAEUSERS                         	2	BCCPlus.dll,Common	getservbyname | WSAEBADF | getprotobyname | WSAAddressToStringA | WSANOTINITIALISED | WSAVERNOTSUPPORTED
WSAEWOULDBLOCK                    	2	BCCPlus.dll,Common	WSAGetLastError | WSAEPROTOTYPE | WSAEAFNOSUPPORT | WSAEALREADY | WSAStringToAddressA
WSANOTINITIALISED                 	2	BCCPlus.dll,Common	send | WSASetLastError | getservbyname | WSAEBADF | getprotobyname | WSAAddressToStringA
WSASYSNOTREADY                    	2	BCCPlus.dll,Common	accept | udp6 | WSAStartup | WSAEPROTONOSUPPORT | htonl | WSAEPFNOSUPPORT
WSAStringToAddressA               	2	BCCPlus.dll,Common	WSAGetLastError | WSAEPROTOTYPE | WSAEAFNOSUPPORT | WSAEALREADY
WSAVERNOTSUPPORTED                	2	BCCPlus.dll,Common	WSASetLastError | getservbyname | WSAEBADF | getprotobyname | WSAAddressToStringA | WSANOTINITIALISED
WSAstartup                        	2	BCCPlus.dll,Common	getservbyname | socket | ioctlsocket | bind | listen | accept
WSHIP6.DLL                        	2	BCCPlus.dll,Common	ESELECTTIMEDOUT | WSAEHOSTDOWN | recvfrom | WSAEINVAL | WSAENOTSOCK | WSAEREMOTE
Warp                              	2	3DObjects,BCCPlus.dll	3D Container | 3D Line Art | Text | Title Container | Sphere* | Precomp
WhitePoint                        	2	3DObjects,BCCPlus.dll	TransferFunction | Software | DateTime | Artist | HostComputer
WinApi FormatMessage returned error	2	BCCPlus.dll,Common	No error | Invalid segment | Timeout | Retry | Message too large
X500                              	2	BCCPlus.dll,Common	PBE-MD2-DES | pbeWithMD2AndDES-CBC | PBE-MD5-DES | pbeWithMD5AndDES-CBC
X500algorithms                    	2	BCCPlus.dll,Common	valid | path | trustRoot | Trust Root | algorithm | rsaSignature
X509                              	2	BCCPlus.dll,Common	PBE-MD5-DES | pbeWithMD5AndDES-CBC | X500 | directory services (X.500)
X509 V3 routines                  	2	BCCPlus.dll,Common	elliptic curve routines | SSL routines | BIO routines | PKCS7 routines
X509 lib                          	2	BCCPlus.dll,Common	DH lib | EVP lib | BUF lib | OBJ lib | PEM lib | DSA lib
X509V3 lib                        	2	BCCPlus.dll,Common	CONF lib | CRYPTO lib | EC lib | SSL lib | BIO lib | PKCS7 lib
X509v3 AC Targeting               	2	BCCPlus.dll,Common	role | policyConstraints | X509v3 Policy Constraints | targetInformation
X509v3 Any Policy                 	2	BCCPlus.dll,Common	wap-wsg-idm-ecid-wtls10 | wap-wsg-idm-ecid-wtls11 | wap-wsg-idm-ecid-wtls12 | anyPolicy
X509v3 Authority Key Identifier   	2	BCCPlus.dll,Common	certificatePolicies | X509v3 Certificate Policie | authorityKeyIdentifier
X509v3 Basic Constraints          	2	BCCPlus.dll,Common	issuerAltName | X509v3 Issuer Alternative  | basicConstraints
X509v3 CRL Distribution Points    	2	BCCPlus.dll,Common	GN | givenName | SN | surname | initials | crlDistributionPoints
X509v3 CRL Number                 	2	BCCPlus.dll,Common	basicConstraints | X509v3 Basic Constraints | crlNumber
X509v3 CRL Reason Code            	2	BCCPlus.dll,Common	Netscape Server Gated Cryp | deltaCRL | X509v3 Delta CRL Indicator | CRLReason
X509v3 Certificate Policies       	2	BCCPlus.dll,Common	X509v3 Basic Constraints | crlNumber | X509v3 CRL Number | certificatePolicies
X509v3 Delta CRL Indicator        	2	BCCPlus.dll,Common	msEFS | Microsoft Encrypted File S | nsSGC | Netscape Server Gated Cryp | deltaCRL
X509v3 Extended Key Usage         	2	BCCPlus.dll,Common	rc5-ofb | RLE | run length compression | ZLIB | zlib compression | extendedKeyUsage
X509v3 Inhibit Any Policy         	2	BCCPlus.dll,Common	X509v3 Any Policy | policyMappings | X509v3 Policy Mappings | inhibitAnyPolicy
X509v3 Issuer Alternative Name    	2	BCCPlus.dll,Common	X509v3 Private Key Usage P | subjectAltName | X509v3 Subject Alternative | issuerAltName
X509v3 Key Usage                  	2	BCCPlus.dll,Common	desx-cbc | id-ce | subjectKeyIdentifier | X509v3 Subject Key Identif | keyUsage
X509v3 Name Constraints           	2	BCCPlus.dll,Common	id-ppl-anyLanguage | Any language | id-ppl-inheritAll | Inherit all | nameConstraints
X509v3 No Revocation Available    	2	BCCPlus.dll,Common	X509v3 Policy Constraints | targetInformation | X509v3 AC Targeting | noRevAvail
X509v3 Policy Constraints         	2	BCCPlus.dll,Common	Subject Information Access | id-aca-encAttrs | role | policyConstraints
X509v3 Policy Mappings            	2	BCCPlus.dll,Common	wap-wsg-idm-ecid-wtls12 | anyPolicy | X509v3 Any Policy | policyMappings
X509v3 Private Key Usage Period   	2	BCCPlus.dll,Common	X509v3 Subject Key Identif | keyUsage | X509v3 Key Usage | privateKeyUsagePeriod
X509v3 Subject Alternative Name   	2	BCCPlus.dll,Common	X509v3 Key Usage | privateKeyUsagePeriod | X509v3 Private Key Usage P | subjectAltName
X509v3 Subject Key Identifier     	2	BCCPlus.dll,Common	Netscape Certificate Seque | DESX-CBC | desx-cbc | id-ce | subjectKeyIdentifier
X9-57                             	2	BCCPlus.dll,Common	ISO | iso | member-body | ISO Member Body | ISO-US | ISO US Member Body
X9.57                             	2	BCCPlus.dll,Common	iso | member-body | ISO Member Body | ISO-US | ISO US Member Body | X9-57
XResolution                       	2	3DObjects,BCCPlus.dll	SamplesPerPixel | RowsPerStrip | MinSampleValue | MaxSampleValue
YCbCrCoefficients                 	2	3DObjects,BCCPlus.dll	TargetPrinter | ExtraSamples | SampleFormat | SMinSampleValue | SMaxSampleValue
YCbCrPositioning                  	2	3DObjects,BCCPlus.dll	SMinSampleValue | SMaxSampleValue | YCbCrCoefficients | YCbCrSubsampling
YCbCrSubsampling                  	2	3DObjects,BCCPlus.dll	SampleFormat | SMinSampleValue | SMaxSampleValue | YCbCrCoefficients
YResolution                       	2	3DObjects,BCCPlus.dll	RowsPerStrip | MinSampleValue | MaxSampleValue | XResolution
ZLIB                              	2	BCCPlus.dll,Common	RC5-CFB | rc5-cfb | RC5-OFB | rc5-ofb | RLE | run length compression
ZLONG                             	2	BCCPlus.dll,Common	LONG
A A0A1A.A                         	1	BCCPlus.dll	A A(A | @ | A A0A,A | @ | A A0A,A | @
A JSON Pointer parse error occurred	1	BCCPlus.dll	exhausted all variants | unknown name | A JSON parse error occurre
A JSON parse error occurred       	1	BCCPlus.dll	exhausted all variants | unknown name
A0B91                             	1	BCCPlus.dll	a-:91
A3B91                             	1	BCCPlus.dll	a0B91
A4B91                             	1	BCCPlus.dll	
A5B91                             	1	BCCPlus.dll	a2B91
ABSOLUTE                          	1	BCCPlus.dll	top:  | right:  | left:  | padding: { | lineSpacing:  | backgroundColor: {
AC data corrupt.                  	1	BCCPlus.dll	Error uncompressing DWA da | Error uncompressing UNKNOW
ACB91                             	1	BCCPlus.dll	!FB91
ADDJ                              	1	AE_Float.dll	
AE Host Mask                      	1	BCCPlus.dll	Pre-Effect | Stacked Composite | Alpha Masked | Rounded Rectangle | Mocha Spline
AE Transform                      	1	3DObjects	
AEGP Item Type Comp               	1	3DObjects	AEGP Item Type None | AEGP Item Type Folder
AEGP Item Type Folder             	1	3DObjects	AEGP Item Type None
AEGP Item Type Footage            	1	3DObjects	AEGP Item Type Folder | AEGP Item Type Comp | AEGP Item Type Solid
AEGP Item Type None               	1	3DObjects	
AEGP Item Type Solid              	1	3DObjects	AEGP Item Type None | AEGP Item Type Folder | AEGP Item Type Comp
AEGP Mask Suite                   	1	BCCPlus.dll	AEGP Layer Suite | AEGP PF Interface Suite | PF Effect Sequence Data Su
AEParams                          	1	3DObjects	Localizable | Tooltips | ParamControls
AEsmall                           	1	BCCPlus.dll	Agravesmall | Aacutesmall | Acircumflexsmall | Atildesmall | Adieresissmall | Aringsmall
AGB91                             	1	BCCPlus.dll	aDB91
AIFC                              	1	BCCPlus.dll	AIFF
AIFF                              	1	BCCPlus.dll	
AJB91                             	1	BCCPlus.dll	aGB91
ALERT                             	1	Common	Continuum 2026 19.0 | EMERGENCY
AMB91                             	1	BCCPlus.dll	aJB91
ANB91                             	1	BCCPlus.dll	aKB91
AOB91                             	1	BCCPlus.dll	aLB91
ASCII conversion buffer too small 	1	BCCPlus.dll	Invalid filter method in I | Invalid IHDR data
ASCII escape sequence terminated prematurely.	1	BCCPlus.dll	OMMIT | RUNE | KIP | HEN | punct | Escape sequence terminated
AUTO                              	1	BCCPlus.dll	RELATIVE | units:  | LEFT | CENTER | RIGHT | alignment:
AVX512-CLX                        	1	BCCPlus.dll	RISCVV | AVX512-COMMON | AVX512-SKX | AVX512-KNL | AVX512-KNM | AVX512-CNL
AVX512-ICL                        	1	BCCPlus.dll	AVX512-COMMON | AVX512-SKX | AVX512-KNL | AVX512-KNM | AVX512-CNL | AVX512-CLX
AVX5124FMAPS                      	1	BCCPlus.dll	AVX512VBMI2 | AVX512VNNI | AVX512BITALG | AVX512VPOPCNTDQ | AVX5124VNNIW
AVX5124VNNIW                      	1	BCCPlus.dll	AVX512VL | AVX512VBMI2 | AVX512VNNI | AVX512BITALG | AVX512VPOPCNTDQ
AVX512BITALG                      	1	BCCPlus.dll	AVX512IFMA | AVX512PF | AVX512VBMI | AVX512VL | AVX512VBMI2 | AVX512VNNI
AVX512ER                          	1	BCCPlus.dll	AVX2 | FMA3 | AVX512F | AVX512BW | AVX512CD | AVX512DQ
AVX512IFMA                        	1	BCCPlus.dll	FMA3 | AVX512F | AVX512BW | AVX512CD | AVX512DQ | AVX512ER
AVX512PF                          	1	BCCPlus.dll	AVX512F | AVX512BW | AVX512CD | AVX512DQ | AVX512ER | AVX512IFMA
AVX512VBMI                        	1	BCCPlus.dll	AVX512BW | AVX512CD | AVX512DQ | AVX512ER | AVX512IFMA | AVX512PF
AVX512VBMI2                       	1	BCCPlus.dll	AVX512DQ | AVX512ER | AVX512IFMA | AVX512PF | AVX512VBMI | AVX512VL
AVX512VL                          	1	BCCPlus.dll	AVX512CD | AVX512DQ | AVX512ER | AVX512IFMA | AVX512PF | AVX512VBMI
AVX512VNNI                        	1	BCCPlus.dll	AVX512ER | AVX512IFMA | AVX512PF | AVX512VBMI | AVX512VL | AVX512VBMI2
AVX512VPOPCNTDQ                   	1	BCCPlus.dll	AVX512PF | AVX512VBMI | AVX512VL | AVX512VBMI2 | AVX512VNNI | AVX512BITALG
AZB91                             	1	BCCPlus.dll	
AaB91                             	1	BCCPlus.dll	a^B91
Aacute                            	1	BCCPlus.dll	registered | minus | eth | multiply | threesuperior | copyright
Aacutesmall                       	1	BCCPlus.dll	nineinferior | centinferior | dollarinferior | periodinferior | commainferior | Agravesmall
Abort at parse time               	1	BCCPlus.dll	cv::JSONParser::skipSpaces | Not supported escape chara | ptr
About to delete textureID %d      	1	3DObjects	RingBuffer is FULL can't a | Entering RingBuffer::MakeC
About...                          	1	3DObjects	
Absolute Value                    	1	BCCPlus.dll	Bars | Dots | Single Dot | Ellipse | Circle | Half Circle
AcceleratedPixMap Scale           	1	3DObjects	finished RenderSystem3d::B | finished glReadPixels
Acircumflex                       	1	BCCPlus.dll	minus | eth | multiply | threesuperior | copyright | Aacute
Acircumflexsmall                  	1	BCCPlus.dll	centinferior | dollarinferior | periodinferior | commainferior | Agravesmall | Aacutesmall
AcquireCurrentColorBuffer.Texture 	1	3DObjects	Enter RS3dColorBuffer::Acq
ActiveArea                        	1	BCCPlus.dll	RawDataUniqueID | OriginalRawFileName | OriginalRawFileData
Actual                            	1	BCCPlus.dll	vector<bool> too long | Zero
Acutesmall                        	1	BCCPlus.dll	zcaron | exclamsmall | Hungarumlautsmall | dollaroldstyle | dollarsuperior | ampersandsmall
AdB91                             	1	BCCPlus.dll	aaB91
Adaptive                          	1	BCCPlus.dll	motionBlur.* | Motion Blur ML | Both - PreMix
Adaptive Quality                  	1	BCCPlus.dll	shutterTime | Shutter Bias | shutterBias
Add Control Point                 	1	3DObjects	DeletePoints | Delete Control Point | Nudge Point(s) | Create Shape
Add to Value                      	1	BCCPlus.dll	128 | 256 | 512 | 1024 | Mixed | Replace Value
AddAccessAllowedAceEx             	1	Common	z | ConvertSidToStringSidA
AddObjects                        	1	3DObjects	Create Rectangle
AddPoint                          	1	3DObjects	Delete Control Point | Nudge Point(s) | Create Shape | Add Control Point
AddPointAt                        	1	3DObjects	Insert Control Point | InsertPoint | Extend Spline
AddReadAheadFrame %d failed to load as a texture	1	3DObjects	RS3dAccumulate::Accumulate | Creating read ahead buffer
AddReadAheadFrame %d loaded to a texture	1	3DObjects	AddReadAheadFrame %d faile
Adieresis                         	1	BCCPlus.dll	eth | multiply | threesuperior | copyright | Aacute | Acircumflex
Adieresissmall                    	1	BCCPlus.dll	periodinferior | commainferior | Agravesmall | Aacutesmall | Acircumflexsmall | Atildesmall
Adjust Light                      	1	BCCPlus.dll	Fine Tuning | Spill | spill | Transparency | transparency
AdjustExposure                    	1	Common	RenderParabolaMask | RenderEllipseMask | RenderParabolaShape | RenderEllipseShape
AdjustHueSat                      	1	Common	RenderEllipseMask | RenderParabolaShape | RenderEllipseShape | AdjustExposure
Adjusted Light                    	1	BCCPlus.dll	Primatte | primatte | Processed FG
Adobe AE                          	1	3DObjects	Adobe AE 18.3.0 | Adobe AE 18.4.0 | Adobe AE 22.0.0 | Adobe AE 23.4.0
Adobe AE 17.0                     	1	3DObjects	Adobe AE CC 14.2 | Adobe AE CC 15.0 | Adobe AE CC 16.0 | Adobe AE CC 16.1
Adobe AE 17.1                     	1	3DObjects	Adobe AE CC 15.0 | Adobe AE CC 16.0 | Adobe AE CC 16.1 | Adobe AE 17.0
Adobe AE 17.1.1                   	1	3DObjects	Adobe AE CC 16.0 | Adobe AE CC 16.1 | Adobe AE 17.0 | Adobe AE 17.1
Adobe AE 17.5.0                   	1	3DObjects	Adobe AE CC 16.1 | Adobe AE 17.0 | Adobe AE 17.1 | Adobe AE 17.1.1
Adobe AE 17.6.0                   	1	3DObjects	Adobe AE 17.0 | Adobe AE 17.1 | Adobe AE 17.1.1 | Adobe AE 17.5.0
Adobe AE 17.7.0                   	1	3DObjects	Adobe AE 17.1 | Adobe AE 17.1.1 | Adobe AE 17.5.0 | Adobe AE 17.6.0
Adobe AE 18.0.0                   	1	3DObjects	Adobe AE 17.1.1 | Adobe AE 17.5.0 | Adobe AE 17.6.0 | Adobe AE 17.7.0
Adobe AE 18.3.0                   	1	3DObjects	Adobe AE 17.5.0 | Adobe AE 17.6.0 | Adobe AE 17.7.0 | Adobe AE 18.0.0
Adobe AE 18.4.0                   	1	3DObjects	Adobe AE 17.6.0 | Adobe AE 17.7.0 | Adobe AE 18.0.0 | Adobe AE 18.3.0
Adobe AE 22.0.0                   	1	3DObjects	Adobe AE 17.7.0 | Adobe AE 18.0.0 | Adobe AE 18.3.0 | Adobe AE 18.4.0
Adobe AE 23.4.0                   	1	3DObjects	Adobe AE 18.0.0 | Adobe AE 18.3.0 | Adobe AE 18.4.0 | Adobe AE 22.0.0
Adobe AE 6.5                      	1	3DObjects	Adobe AE Lowest | Adobe AE 3.1 | Adobe AE 4.0 | Adobe AE 5.0
Adobe AE 7.0                      	1	3DObjects	Adobe AE Lowest | Adobe AE 3.1 | Adobe AE 4.0 | Adobe AE 5.0 | Adobe AE 6.5
Adobe AE CC 12.0                  	1	3DObjects	Adobe AE CS 4 | Adobe AE CS 5 | Adobe AE CS 5.5 | Adobe AE CS 6 | Adobe AE CS 6.0.1
Adobe AE CC 12.1                  	1	3DObjects	Adobe AE CS 5.5 | Adobe AE CS 6 | Adobe AE CS 6.0.1 | Adobe AE CC 12.0
Adobe AE CC 12.2                  	1	3DObjects	Adobe AE CS 6 | Adobe AE CS 6.0.1 | Adobe AE CC 12.0 | Adobe AE CC 12.1
Adobe AE CC 13.0                  	1	3DObjects	Adobe AE CS 6.0.1 | Adobe AE CC 12.0 | Adobe AE CC 12.1 | Adobe AE CC 12.2
Adobe AE CC 13.5                  	1	3DObjects	Adobe AE CC 12.0 | Adobe AE CC 12.1 | Adobe AE CC 12.2 | Adobe AE CC 13.0
Adobe AE CC 13.6                  	1	3DObjects	Adobe AE CC 12.1 | Adobe AE CC 12.2 | Adobe AE CC 13.0 | Adobe AE CC 13.5
Adobe AE CC 13.8                  	1	3DObjects	Adobe AE CC 12.2 | Adobe AE CC 13.0 | Adobe AE CC 13.5 | Adobe AE CC 13.6
Adobe AE CC 14.0                  	1	3DObjects	Adobe AE CC 13.0 | Adobe AE CC 13.5 | Adobe AE CC 13.6 | Adobe AE CC 13.8
Adobe AE CC 14.2                  	1	3DObjects	Adobe AE CC 13.5 | Adobe AE CC 13.6 | Adobe AE CC 13.8 | Adobe AE CC 14.0
Adobe AE CC 15.0                  	1	3DObjects	Adobe AE CC 13.6 | Adobe AE CC 13.8 | Adobe AE CC 14.0 | Adobe AE CC 14.2
Adobe AE CC 16.0                  	1	3DObjects	Adobe AE CC 13.8 | Adobe AE CC 14.0 | Adobe AE CC 14.2 | Adobe AE CC 15.0
Adobe AE CC 16.1                  	1	3DObjects	Adobe AE CC 14.0 | Adobe AE CC 14.2 | Adobe AE CC 15.0 | Adobe AE CC 16.0
Adobe AE CS 3                     	1	3DObjects	Adobe AE 3.1 | Adobe AE 4.0 | Adobe AE 5.0 | Adobe AE 6.5 | Adobe AE 7.0
Adobe AE CS 4                     	1	3DObjects	Adobe AE 3.1 | Adobe AE 4.0 | Adobe AE 5.0 | Adobe AE 6.5 | Adobe AE 7.0 | Adobe AE CS 3
Adobe AE CS 5                     	1	3DObjects	Adobe AE 4.0 | Adobe AE 5.0 | Adobe AE 6.5 | Adobe AE 7.0 | Adobe AE CS 3 | Adobe AE CS 4
Adobe AE CS 5.5                   	1	3DObjects	Adobe AE 5.0 | Adobe AE 6.5 | Adobe AE 7.0 | Adobe AE CS 3 | Adobe AE CS 4 | Adobe AE CS 5
Adobe AE CS 6                     	1	3DObjects	Adobe AE 7.0 | Adobe AE CS 3 | Adobe AE CS 4 | Adobe AE CS 5 | Adobe AE CS 5.5
Adobe AE CS 6.0.1                 	1	3DObjects	Adobe AE CS 3 | Adobe AE CS 4 | Adobe AE CS 5 | Adobe AE CS 5.5 | Adobe AE CS 6
Adobe Premiere                    	1	3DObjects	Adobe Premiere 23.1 | Adobe Premiere 23.4 | Adobe Premiere 24.0 | Adobe Premiere 25.0
Adobe Premiere 14.0               	1	3DObjects	Adobe Premiere CC 12.1 | Adobe Premiere CC 13.0 | Adobe Premiere CC 13.1
Adobe Premiere 14.1               	1	3DObjects	Adobe Premiere CC 13.0 | Adobe Premiere CC 13.1 | Adobe Premiere 14.0
Adobe Premiere 14.2               	1	3DObjects	Adobe Premiere CC 13.1 | Adobe Premiere 14.0 | Adobe Premiere 14.1
Adobe Premiere 14.3               	1	3DObjects	Adobe Premiere 14.0 | Adobe Premiere 14.1 | Adobe Premiere 14.2
Adobe Premiere 14.4               	1	3DObjects	Adobe Premiere 14.0 | Adobe Premiere 14.1 | Adobe Premiere 14.2 | Adobe Premiere 14.3
Adobe Premiere 14.5               	1	3DObjects	Adobe Premiere 14.1 | Adobe Premiere 14.2 | Adobe Premiere 14.3 | Adobe Premiere 14.4
Adobe Premiere 14.6               	1	3DObjects	Adobe Premiere 14.2 | Adobe Premiere 14.3 | Adobe Premiere 14.4 | Adobe Premiere 14.5
Adobe Premiere 14.7               	1	3DObjects	Adobe Premiere 14.3 | Adobe Premiere 14.4 | Adobe Premiere 14.5 | Adobe Premiere 14.6
Adobe Premiere 14.8               	1	3DObjects	Adobe Premiere 14.4 | Adobe Premiere 14.5 | Adobe Premiere 14.6 | Adobe Premiere 14.7
Adobe Premiere 14.9               	1	3DObjects	Adobe Premiere 14.5 | Adobe Premiere 14.6 | Adobe Premiere 14.7 | Adobe Premiere 14.8
Adobe Premiere 15.0               	1	3DObjects	Adobe Premiere 14.6 | Adobe Premiere 14.7 | Adobe Premiere 14.8 | Adobe Premiere 14.9
Adobe Premiere 15.4               	1	3DObjects	Adobe Premiere 14.7 | Adobe Premiere 14.8 | Adobe Premiere 14.9 | Adobe Premiere 15.0
Adobe Premiere 22.0               	1	3DObjects	Adobe Premiere 14.8 | Adobe Premiere 14.9 | Adobe Premiere 15.0 | Adobe Premiere 15.4
Adobe Premiere 22.1               	1	3DObjects	Adobe Premiere 14.9 | Adobe Premiere 15.0 | Adobe Premiere 15.4 | Adobe Premiere 22.0
Adobe Premiere 22.2               	1	3DObjects	Adobe Premiere 15.0 | Adobe Premiere 15.4 | Adobe Premiere 22.0 | Adobe Premiere 22.1
Adobe Premiere 22.3               	1	3DObjects	Adobe Premiere 15.4 | Adobe Premiere 22.0 | Adobe Premiere 22.1 | Adobe Premiere 22.2
Adobe Premiere 22.4               	1	3DObjects	Adobe Premiere 22.0 | Adobe Premiere 22.1 | Adobe Premiere 22.2 | Adobe Premiere 22.3
Adobe Premiere 22.5               	1	3DObjects	Adobe Premiere 22.1 | Adobe Premiere 22.2 | Adobe Premiere 22.3 | Adobe Premiere 22.4
Adobe Premiere 22.6               	1	3DObjects	Adobe Premiere 22.2 | Adobe Premiere 22.3 | Adobe Premiere 22.4 | Adobe Premiere 22.5
Adobe Premiere 23.0               	1	3DObjects	Adobe Premiere 22.3 | Adobe Premiere 22.4 | Adobe Premiere 22.5 | Adobe Premiere 22.6
Adobe Premiere 23.1               	1	3DObjects	Adobe Premiere 22.4 | Adobe Premiere 22.5 | Adobe Premiere 22.6 | Adobe Premiere 23.0
Adobe Premiere 23.4               	1	3DObjects	Adobe Premiere 22.5 | Adobe Premiere 22.6 | Adobe Premiere 23.0 | Adobe Premiere 23.1
Adobe Premiere 24.0               	1	3DObjects	Adobe Premiere 22.6 | Adobe Premiere 23.0 | Adobe Premiere 23.1 | Adobe Premiere 23.4
Adobe Premiere 25.0               	1	3DObjects	Adobe Premiere 23.0 | Adobe Premiere 23.1 | Adobe Premiere 23.4 | Adobe Premiere 24.0
Adobe Premiere CC                 	1	3DObjects	Adobe Premiere CS 5 | Adobe Premiere CS 5.5 | Adobe Premiere CS 6
Adobe Premiere CC 10.3            	1	3DObjects	Adobe Premiere CC 9.0 | Adobe Premiere CC 9.1 | Adobe Premiere CC 9.2
Adobe Premiere CC 10.4            	1	3DObjects	Adobe Premiere CC 9.1 | Adobe Premiere CC 9.2 | Adobe Premiere CC 10.3
Adobe Premiere CC 11.0            	1	3DObjects	Adobe Premiere CC 9.2 | Adobe Premiere CC 10.3 | Adobe Premiere CC 10.4
Adobe Premiere CC 11.1            	1	3DObjects	Adobe Premiere CC 10.3 | Adobe Premiere CC 10.4 | Adobe Premiere CC 11.0
Adobe Premiere CC 12.0            	1	3DObjects	Adobe Premiere CC 10.4 | Adobe Premiere CC 11.0 | Adobe Premiere CC 11.1
Adobe Premiere CC 12.1            	1	3DObjects	Adobe Premiere CC 11.0 | Adobe Premiere CC 11.1 | Adobe Premiere CC 12.0
Adobe Premiere CC 13.0            	1	3DObjects	Adobe Premiere CC 11.1 | Adobe Premiere CC 12.0 | Adobe Premiere CC 12.1
Adobe Premiere CC 13.1            	1	3DObjects	Adobe Premiere CC 12.0 | Adobe Premiere CC 12.1 | Adobe Premiere CC 13.0
Adobe Premiere CC 8.0             	1	3DObjects	Adobe Premiere CS 5.5 | Adobe Premiere CS 6 | Adobe Premiere CC
Adobe Premiere CC 9.0             	1	3DObjects	Adobe Premiere CS 6 | Adobe Premiere CC | Adobe Premiere CC 8.0
Adobe Premiere CC 9.1             	1	3DObjects	Adobe Premiere CC | Adobe Premiere CC 8.0 | Adobe Premiere CC 9.0
Adobe Premiere CC 9.2             	1	3DObjects	Adobe Premiere CC 8.0 | Adobe Premiere CC 9.0 | Adobe Premiere CC 9.1
Adobe Premiere CS 3               	1	3DObjects	Adobe AE 22.0.0 | Adobe AE 23.4.0 | Adobe AE | Adobe Premiere Lowest
Adobe Premiere CS 4               	1	3DObjects	Adobe AE 23.4.0 | Adobe AE | Adobe Premiere Lowest | Adobe Premiere CS 3
Adobe Premiere CS 5               	1	3DObjects	Adobe AE | Adobe Premiere Lowest | Adobe Premiere CS 3 | Adobe Premiere CS 4
Adobe Premiere CS 5.5             	1	3DObjects	Adobe Premiere CS 3 | Adobe Premiere CS 4 | Adobe Premiere CS 5
Adobe Premiere CS 6               	1	3DObjects	Adobe Premiere CS 4 | Adobe Premiere CS 5 | Adobe Premiere CS 5.5
Adobe Premiere Lowest             	1	3DObjects	Adobe AE 18.4.0 | Adobe AE 22.0.0 | Adobe AE 23.4.0 | Adobe AE
AdobeDeflate                      	1	BCCPlus.dll	CCITT RLE | CCITT RLE/W | CCITT Group 3 | CCITT Group 4 | ISO JBIG | Deflate
AeB91                             	1	BCCPlus.dll	abB91
AfB91                             	1	BCCPlus.dll	acB91
Affect Alpha                      	1	BCCPlus.dll	
After Both                        	1	BCCPlus.dll	6@ | After Outgoing | After Incoming
After Effects                     	1	Common	Startup | Create | Delete | UDUpdateRenderInfo invalid | UDParamSet invalid filter
After Incoming                    	1	BCCPlus.dll	6@ | After Outgoing
After Outgoing                    	1	BCCPlus.dll	6@
Agrave                            	1	BCCPlus.dll	multiply | threesuperior | copyright | Aacute | Acircumflex | Adieresis
Agravesmall                       	1	BCCPlus.dll	eightinferior | nineinferior | centinferior | dollarinferior | periodinferior | commainferior
Airbrush                          	1	3DObjects	Cut | Copy | Paste | Transform | Pen | Gradient
Alert Box                         	1	3DObjects	Memory is Low-TextEditImp: | EDIT | Segoe UI
Align                             	1	BCCPlus.dll	outputView | comparison | _fitEnum |  Fit | Fill Width | Fill Height
AlignWindow                       	1	3DObjects	GetMediaSampleReference | ClearMoviesStickyError | GetMoviesStickyError
All Elements                      	1	BCCPlus.dll	Occlusion Source | Flare | Occlusion | occlusion | Edge Flare
All Features                      	1	BCCPlus.dll	
Allocated block                   	1	3DObjects	
Allow Resizing                    	1	BCCPlus.dll	Conversion failed
Alpha Aware                       	1	BCCPlus.dll	Interpolation Start Frame | Interpolation End Frame
Alpha Channel                     	1	BCCPlus.dll	Scaled | Min/Max | Guided | B-W Matte | Heat Map
Alpha Composite                   	1	BCCPlus.dll	
Alpha Inverted                    	1	BCCPlus.dll	K~ | Eye Light | Luma Inverted
Alpha Masked                      	1	BCCPlus.dll	View Matte Source | Post-Effect | Pre-Effect | Stacked Composite
AlphaComposite                    	1	Common	
An empty key                      	1	BCCPlus.dll	cv::YAMLParser::parseKey | Key may not start with '-' | Missing ':'
An error occurred during conversion	1	BCCPlus.dll	An error occurred when JSO
An error with source map occured. 	1	BCCPlus.dll	
AnalogBalance                     	1	BCCPlus.dll	CameraCalibration1 | CameraCalibration2 | ReductionMatrix1 | ReductionMatrix2
Anamorphic Squeeze                	1	BCCPlus.dll	posX | posY | Red/Cyan | Green/Magnenta | Blue/Yellow
Anchor Z                          	1	BCCPlus.dll	surface | Surface | Transform Order
Ang. Displacement                 	1	BCCPlus.dll	Radial Displacement | Radial Reference Level
Angle End                         	1	BCCPlus.dll	scaleStartXY | Scale End | scaleEnd | scaleEndXY | Angle Start | angleStart
Angle Repeats                     	1	BCCPlus.dll	
Angle Speed                       	1	BCCPlus.dll	Angle Repeats
Angle Start                       	1	BCCPlus.dll	Scale Start | scaleStart | scaleStartXY | Scale End | scaleEnd | scaleEndXY
Angular Map                       	1	BCCPlus.dll	Radial Map | radialMap
Animate Thickness                 	1	BCCPlus.dll	Enable All
AntiAliasStrength                 	1	BCCPlus.dll	LinearResponseLimit | CameraSerialNumber | LensInfo | ChromaBlurRadius
Anything                          	1	BCCPlus.dll	Mocha Mask | Host Mask | Use All | Choose Single | Choose by Name
ApertureValue                     	1	BCCPlus.dll	ComponentsConfiguration | CompressedBitsPerPixel | ShutterSpeedValue
Application must supply a known background gamma	1	BCCPlus.dll	invalid before the PNG hea
Apply Rays To                     	1	BCCPlus.dll	Rays
Apply Scale                       	1	BCCPlus.dll	applyScale
ApplyMatte                        	1	Common	ScaleAndThresholdWithCross | RenderAddGlowToAlpha
AreFileApisANSI                   	1	Common	CreateFileA | %
Area-%d                           	1	3DObjects	Search%d_%d.tga | Target%d_%d.tga | %s%.2f
Argument not in valid range.      	1	BCCPlus.dll	unsupported header type to
Arguments not in valid range.     	1	BCCPlus.dll	Error calling dataWindowFo
Arial                             	1	3DObjects	
Aring                             	1	BCCPlus.dll	threesuperior | copyright | Aacute | Acircumflex | Adieresis | Agrave
Aringsmall                        	1	BCCPlus.dll	commainferior | Agravesmall | Aacutesmall | Acircumflexsmall | Atildesmall | Adieresissmall
Arrow                             	1	3DObjects	AE Mask | Line | Circle | Oval
AsShotICCProfile                  	1	BCCPlus.dll	OriginalRawFileName | OriginalRawFileData | ActiveArea | MaskedAreas
AsShotNeutral                     	1	BCCPlus.dll	CameraCalibration2 | ReductionMatrix1 | ReductionMatrix2 | AnalogBalance
AsShotPreProfileMatrix            	1	BCCPlus.dll	OriginalRawFileData | ActiveArea | MaskedAreas | AsShotICCProfile
AsShotWhiteXY                     	1	BCCPlus.dll	ReductionMatrix1 | ReductionMatrix2 | AnalogBalance | AsShotNeutral
Ascender                          	1	BCCPlus.dll	
Ask for new Style Name            	1	3DObjects	Show Onion Skin | Show Brush Outline | Mouse Wheel Zoom
Asmall                            	1	BCCPlus.dll	ffl | parenleftinferior | parenrightinferior | Circumflexsmall | hyphensuperior | Gravesmall
Aspect X                          	1	3DObjects	Split View Scale-eTopViewR | Split View Scale-eTopViewM
Aspect Y                          	1	3DObjects	Split View Scale-eTopViewR | Split View Scale-eTopViewM | Aspect X
Atilde                            	1	BCCPlus.dll	copyright | Aacute | Acircumflex | Adieresis | Agrave | Aring
Atildesmall                       	1	BCCPlus.dll	dollarinferior | periodinferior | commainferior | Agravesmall | Aacutesmall | Acircumflexsmall
Atmoshpheric Glow                 	1	BCCPlus.dll	Rays Source | raysSource
Atmospheric Glow                  	1	BCCPlus.dll	smoke.* | prism.* | grain.* | postcc.* | orbs.* | alphaComposite.*
Atmospheric Glow Dissolve         	1	BCCPlus.dll	Linear Luma Key | Linear Color Key | Smoke and Fog Dissolve
Attempting checkout for units licenses	1	Common	rehostable | nodelocked | ) Unit name ( | Unit license ( | ) |  (
AuB91                             	1	BCCPlus.dll	arB91
Audio Samplers                    	1	BCCPlus.dll	Beat Reactor | audioPath | showGraph
Audio Scrubbing-Incoming          	1	3DObjects	Cache File Type | Spline Freehand Tolerance | Host Field order
Audio Scrubbing-Outgoing          	1	3DObjects	Spline Freehand Tolerance | Host Field order | Audio Scrubbing-Incoming
Audio Track                       	1	3DObjects	Text | Title Container | Sphere* | Precomp | Warp | Imported Model
Audio Visualizer                  	1	BCCPlus.dll	bccunitfilmstyle,bccunitlf | Flutter Cut
AudioFFT                          	1	BCCPlus.dll	lowBand | highBand | smoother
Auto                              	1	BCCPlus.dll	Matte Refine ML
Auto-Equalize                     	1	BCCPlus.dll	White-point | Black-point
Auto-animate Matte                	1	BCCPlus.dll	Multi Star
AutoSave Minutes                  	1	3DObjects	Mouse Wheel Zoom | Ask for new Style Name | Enable Autosave
Autoscale                         	1	BCCPlus.dll	detail | Z Position | zpos | amplitude | center
Autoscale to Image Size           	1	BCCPlus.dll	quality | Blur Radius | blurAlpha
Average                           	1	BCCPlus.dll	Expand | expand
AxB91                             	1	BCCPlus.dll	auB91
AxisLabel                         	1	BCCPlus.dll	Ascender
AxisType                          	1	BCCPlus.dll	Ascender | AxisLabel
B B0B1B.B                         	1	BCCPlus.dll	B B(B | @ | B B0B,B | @ | B B0B,B | @
B-W Matte                         	1	BCCPlus.dll	, premature evictions:  | Scaled | Min/Max | Guided
BACK MATERIAL                     	1	3DObjects	BEVEL/SIDE MATERIAL | SIDE MATERIAL | BEVEL MATERIAL | FRONT MATERIAL
BAD LEVEL ENUM                    	1	Common	
BCC Error                         	1	3DObjects	
BCC Fast Blur                     	1	3DObjects	Error Calling Project Impo | BCC Brick | BCC DeNoise
BCC Glow Edges                    	1	3DObjects	BCC Brick | BCC DeNoise | BCC Fast Blur | BCC Film Damage | BCC Film Grain
BCC Keyboard Shortcuts            	1	3DObjects	Windows | [About] | [Version] | [Product] | [Platform]
BCC19.ini                         	1	3DObjects	
BCC32D Particles                  	1	AE_Float.dll	- | 2 | 3 | @ | A | B
BCC3DO                            	1	3DObjects	bfxrender | bccae | bccaemulti | bccavxmulti | Continuum3DObjects
BCC3DObjects.ini                  	1	3DObjects	00;00;00;00 | Untitled Project 1
BCCPlus                           	1	BCCPlus.dll	bccaerender,bccaemultirend | 20251030
BCCPlus.dll                       	1	BCCPlus.dll	
BCCTS                             	1	3DObjects	
BCCTextureLoader                  	1	Common	?yaxis@p3f@OGL@@SA?AV12@XZ | ?zaxis@p3f@@SA?AV1@XZ | ?zaxis@p3f@OGL@@SA?AV12@XZ
BCCTitleStudioBrowserPreferences  	1	3DObjects	AEParams | &amp; | &quot; | &apos; | & | Lucida Grande
BEND-TAPER-TWIST DEFORMER         	1	3DObjects	
BEVEL MATERIAL                    	1	3DObjects	MATERIAL | FRONT/BACK MATERIAL | BEVEL/SIDE MATERIAL | SIDE MATERIAL
BFX Disk Audio Cache              	1	3DObjects	
BFXTriggerGpuError.test           	1	BCCPlus.dll	ERROR: BCC+ Beat Reactor - | _pc.mask | _pc.mask.aeMatte
BFXTriggerTestCrashError.test     	1	BCCPlus.dll	original | $(IMAGES)/Error/MochaServi
BG Color-KF only                  	1	BCCPlus.dll	Replace Mode | Replace Color | Hybrid | hybrid | Erode | erode
BITMAP                            	1	BCCPlus.dll	ENDCHAR | STARTCHAR | ENCODING | SWIDTH | DWIDTH | BBX
BL X                              	1	BCCPlus.dll	TL X | TL Y | TR X | TR Y | BR X | BR Y
BL Y                              	1	BCCPlus.dll	TL Y | TR X | TR Y | BR X | BR Y | BL X
BR X                              	1	BCCPlus.dll	Uses Mocha |  Offset | TL X | TL Y | TR X | TR Y
BR Y                              	1	BCCPlus.dll	Offset | TL X | TL Y | TR X | TR Y | BR X
BUILT-IN LIGHT 1                  	1	3DObjects	
BUILT-IN LIGHT 2                  	1	3DObjects	
BUILT-IN LIGHT 3                  	1	3DObjects	
Back Color                        	1	3DObjects	Shape Point Color | Shape Line Color | Crop Point Color | Crop Line Color
Back Material                     	1	3DObjects	Material | Front Material
Back to Front                     	1	BCCPlus.dll	Slice | Front to Back
BackWall                          	1	3DObjects	ChartContainer | Legend | Values | %4.1f | GraphBackground | Chart
Background Input                  	1	BCCPlus.dll	Choose Single | Choose by Name | Anything | Opacity Only | Opacity and Spill
Bad DWA compression type detected 	1	BCCPlus.dll	DC data corrupt. | Error uncompressing RLE da | RLE data corrupted
Bad Frame                         	1	BCCPlus.dll	Set Bad Frame
Bad format of floating-point constant	1	BCCPlus.dll	cv::FileStorage::Impl::get
Bad initialisation of TileOffsets object	1	BCCPlus.dll	File output failed. | Unexpected end of file. | (string)
Bad input align                   	1	BCCPlus.dll	null pointer to header | Bad input roi | Unsupported format | Bad input origin
Bad input origin                  	1	BCCPlus.dll	cvInitImageHeader | null pointer to header | Bad input roi | Unsupported format
Bad level mode getting chunk offset table size	1	BCCPlus.dll	Argument not in valid rang | Maximum number of tiles ex
Bad level mode getting tile order 	1	BCCPlus.dll	Cannot determine current f
Bad mapping table entry in IDManifest	1	BCCPlus.dll	Bad common string length i | IDManifest too small
Bad new number of rows            	1	BCCPlus.dll	The matrix is not continuo
Bad sampleCountTableDataSize read from chunk 	1	BCCPlus.dll	Unexpected part number. |  or less, got  | : expected
Bad sampleCountTableDataSize read from tile 	1	BCCPlus.dll	Deep tile size exceeds max
Bad string index in IDManifest    	1	BCCPlus.dll	ID manifest contains multi
Bad type for channel              	1	BCCPlus.dll	Deep scanline image size  |  initializing deepscanline
Bar-%4.1f                         	1	3DObjects	Target%d_%d.tga | %s%.2f | Area-%d
Bars                              	1	BCCPlus.dll	
Base64 should not be used at present.	1	BCCPlus.dll	is_write_struct_delayed == | cv::FileStorage::Impl::wri
BaseDirectory                     	1	3DObjects	[- | Boris Plugin
BaselineExposure                  	1	BCCPlus.dll	ReductionMatrix1 | ReductionMatrix2 | AnalogBalance | AsShotNeutral | AsShotWhiteXY
BaselineNoise                     	1	BCCPlus.dll	ReductionMatrix2 | AnalogBalance | AsShotNeutral | AsShotWhiteXY | BaselineExposure
BaselineSharpness                 	1	BCCPlus.dll	AnalogBalance | AsShotNeutral | AsShotWhiteXY | BaselineExposure | BaselineNoise
BayerGreenSplit                   	1	BCCPlus.dll	AsShotNeutral | AsShotWhiteXY | BaselineExposure | BaselineNoise | BaselineSharpness
BccAcceleratedBridgeFilterDone    	1	3DObjects	BccAcceleratedBridgeFilter
Beard                             	1	BCCPlus.dll	Eye Left | Eye Right | Lip Top | Lip Bottom | Mouth | Teeth
Beauty Studio                     	1	BCCPlus.dll	? | @? | ? | ? | `?
Begin Full License Checkout Attempts	1	Common	temp, | permanent | ,nodelocked | No | product(null) | ,subscription
Begin Peeling Depth               	1	3DObjects	wglCreateContextAttribsARB
Begin Unit License Checkout Attempts	1	Common	Unit license checkout fail
Best Quality                      	1	3DObjects	Snap to Keyframe | Show Mark | Lock Aspect | Fast Quality | Fast Resolution
Best Resolution                   	1	3DObjects	Show Mark | Lock Aspect | Fast Quality | Fast Resolution | Best Quality
BestQualityScale                  	1	BCCPlus.dll	BlackLevel | BlackLevelDeltaH | BlackLevelDeltaV | WhiteLevel | DefaultScale
Bevel                             	1	BCCPlus.dll	VignetteWipe | Miter
Bevel Host Path                   	1	3DObjects	Straight|Convex|Concave|Sa
BezierCurveArg                    	1	3DObjects	
BfxRS3dView.BG.texture            	1	3DObjects	OnMouseMove 0x%x | RS3dView::DoMouseUp
Bicubic Noise                     	1	BCCPlus.dll	
Bidirectional                     	1	BCCPlus.dll	flicker | Smooth | Spiky | Brighten Only | Darken Only | Bright and Dark
BilateralPass                     	1	Common	
Bilinear                          	1	BCCPlus.dll	|\ | {!
Binding                           	1	3DObjects	
Bitmap                            	1	3DObjects	OC
BitsPerSample %d not allowed for JPEG	1	BCCPlus.dll	PhotometricInterpretation
Black Clip                        	1	BCCPlus.dll	matteBlend
Black-point                       	1	BCCPlus.dll	5] | White-point
BlackLevel                        	1	BCCPlus.dll	CFAPlaneColor | CFALayout | LinearizationTable | BlackLevelRepeatDim
BlackLevelDeltaH                  	1	BCCPlus.dll	CFAPlaneColor | CFALayout | LinearizationTable | BlackLevelRepeatDim | BlackLevel
BlackLevelDeltaV                  	1	BCCPlus.dll	LinearizationTable | BlackLevelRepeatDim | BlackLevel | BlackLevelDeltaH
BlackLevelRepeatDim               	1	BCCPlus.dll	LocalizedCameraModel | CFAPlaneColor | CFALayout | LinearizationTable
Blacks                            	1	BCCPlus.dll	White-point | Black-point | Auto-Equalize | Recovery | Fill Light
Bleach Amount                     	1	BCCPlus.dll	diffusionMatte | Color Gradient | ND | Lab | lab | bleach
Bleach Contrast                   	1	BCCPlus.dll	ND | Lab | lab | bleach | Bleach Amount | Bleach Saturation
Bleach Saturation                 	1	BCCPlus.dll	Color Gradient | ND | Lab | lab | bleach | Bleach Amount
Blend Mode Mix                    	1	BCCPlus.dll	suppressThreshold | boostSoften | post | Post
BlendAlpha                        	1	Common	CompositeAddClip | Composite | MixBuffers | CrossDissolve | RescaleGlow
BlendAxisTypes                    	1	BCCPlus.dll	CharStrings | Private | BlendDesignPositions | BlendDesignMap
BlendDesignMap                    	1	BCCPlus.dll	Encoding | Subrs | CharStrings | Private | BlendDesignPositions
BlendDesignPositions              	1	BCCPlus.dll	DesignVector | FontMatrix | Encoding | Subrs | CharStrings | Private
Blink Intensity                   	1	BCCPlus.dll	Key Light | Blink LEDs | blinkLEDs | Blink LED Flicker | randBlinkLeds
Blink LED Flicker                 	1	BCCPlus.dll	Gap Fill Color | gapFillColor | Key Light | Blink LEDs | blinkLEDs
Blink LEDs                        	1	BCCPlus.dll	Gap Fill | gapFillType | Gap Fill Color | gapFillColor | Key Light
Blink Speed                       	1	BCCPlus.dll	Blink LED Flicker | randBlinkLeds | Blink Intensity | blinkIntensity
Blocky                            	1	BCCPlus.dll	Scanline
Blue 1                            	1	BCCPlus.dll	Cyan 5 | Cool Blue 1 | Cool Blue 2 | Cool Blue 3 | Cool Blue 4 | Cool Blue 5
Blue 2                            	1	BCCPlus.dll	Cool Blue 1 | Cool Blue 2 | Cool Blue 3 | Cool Blue 4 | Cool Blue 5 | Blue 1
Blue 3                            	1	BCCPlus.dll	Cool Blue 2 | Cool Blue 3 | Cool Blue 4 | Cool Blue 5 | Blue 1 | Blue 2
Blue 4                            	1	BCCPlus.dll	Cool Blue 3 | Cool Blue 4 | Cool Blue 5 | Blue 1 | Blue 2 | Blue 3
Blue 5                            	1	BCCPlus.dll	Cool Blue 4 | Cool Blue 5 | Blue 1 | Blue 2 | Blue 3 | Blue 4
Blue Channel                      	1	BCCPlus.dll	Red Channel | Green Channel
Blue Exposure                     	1	BCCPlus.dll	B | Input is Linear | Red Exposure | Green Exposure
Blue Gain                         	1	BCCPlus.dll	redBias | greenBias | blueBias | pos | Red Gain | Green Gain
Blue Gamma                        	1	BCCPlus.dll	Film Response | frGroup | ccGroup | Green Gamma
Blue Map                          	1	BCCPlus.dll	Red Map | Green Map
Blue Saturation                   	1	BCCPlus.dll	Blue Gamma | Master Saturation | Red Saturation | Green Saturation
Blue Smooth                       	1	BCCPlus.dll	Red Smooth | Green Smooth
Blue Softness                     	1	BCCPlus.dll	Gang Softness | grainGroup | Green Softness
BlueFuzz                          	1	BCCPlus.dll	UniqueID | lenIV | LanguageGroup | password | BlueScale | BlueShift
BlueScale                         	1	BCCPlus.dll	UnderlineThickness | FSType | UniqueID | lenIV | LanguageGroup | password
BlueShift                         	1	BCCPlus.dll	FSType | UniqueID | lenIV | LanguageGroup | password | BlueScale
BlueValues                        	1	BCCPlus.dll	lenIV | LanguageGroup | password | BlueScale | BlueShift | BlueFuzz
Blur Blue                         	1	BCCPlus.dll	Blur Red | Blur Green
Blur Dissolve                     	1	BCCPlus.dll	adobe,avx,ofx | bccunitimagerestoration,bc
Blur Filter Pref                  	1	3DObjects	OGL Render Option | Use Sticky Tools | Timeline Expanded | Time Filter Pref
Blur Green                        	1	BCCPlus.dll	Blur Red
Blur Map                          	1	BCCPlus.dll	bokeh | bokehShading
Blur Radius                       	1	BCCPlus.dll	quality
Blur Red                          	1	BCCPlus.dll	
Blur U                            	1	BCCPlus.dll	Channel Blur YUV | Blur Luma (Y)
Blur V                            	1	BCCPlus.dll	Channel Blur YUV | Blur Luma (Y) | Blur U
Blurred RGB                       	1	BCCPlus.dll	ledShapeType | Polygon Side Count | polygonSide | amt | srctype
Bogus                             	1	3DObjects	
Bold Font                         	1	BCCPlus.dll	Text | Default Font
Bold font is not loaded           	1	BCCPlus.dll	No fonts loaded | bold
Bold-Italic                       	1	3DObjects	DISPLAY
Book                              	1	BCCPlus.dll	Ydieresissmall | 001.000 | 001.001 | 001.002 | 001.003 | Bold
BoolArg                           	1	3DObjects	updateCallback | PointerArg
Boost Alpha                       	1	BCCPlus.dll	Glow Matte | Desaturation
Boost Motion Blur                 	1	BCCPlus.dll	zoomDelta | zoomReverse | Reverse Angle | angleReverse
Border %d                         	1	BCCPlus.dll	LP
Border Shadow                     	1	3DObjects	Host Application not suppo | Camera Lights
Boris Blue                        	1	3DObjects	\*
Boris Blue Warning                	1	3DObjects	Bogus | Front | Back | User | Disabled | F3DS
Boris FX                          	1	3DObjects	" | "? | Prem | Vegas | Kernel
Boris FX Audio Stream             	1	3DObjects	Mapped Unspecified AVI err
Boris Plugin                      	1	3DObjects	[-
Boris Shader Language Pack.ecs    	1	3DObjects	</pl> | <nl> | </nl> | <cs> | </cs> | Boris Language Pack.ecs
BorisAVITemp.avi                  	1	3DObjects	Full Frames (Uncompressed) | N\A | Uncompressed 32-bit | TEMP
BorisHostSuite                    	1	BCCPlus.dll	
Bot-Right                         	1	BCCPlus.dll	Region | regionGroup | Top-Left
Both - PreMix                     	1	BCCPlus.dll	motionBlur.* | Motion Blur ML
Bottom MATERIAL                   	1	3DObjects	SIDE MATERIAL | BEVEL MATERIAL | FRONT MATERIAL | BACK MATERIAL | Top MATERIAL
Bottom Material                   	1	3DObjects	Front Material | Back Material | Left Material | Top Material | Right Material
Bottom Texture File               	1	3DObjects	Top Texture File | Top Texture Layer | Top Bump File | Top Bump Layer
Bottom Texture Layer              	1	3DObjects	Top Texture Layer | Top Bump File | Top Bump Layer | Bottom Texture File
Bottom to Top                     	1	BCCPlus.dll	Rounded Rectangle | Mocha Spline | AE Host Mask | Circular | Strip | Top to Bottom
Bottom-to-top                     	1	BCCPlus.dll	Half Circle | Absolute Value | Solid | Gradient | Top-to-bottom
Bound HardwareBuffer textureID %d 	1	3DObjects	Finished RS3dColorBuffer::
Box Percentage                    	1	BCCPlus.dll	Quadradic Soft | Sustain | Build Up to Max
Break Curve                       	1	3DObjects	Break Spline | Smooth Points | Cusp Points | Reverse Points
Break Spline                      	1	3DObjects	(%f,%f),(%f,%f),(%f,%f) | PenTool | Pen Tool | Toggle Opened/Closed
Brevesmall                        	1	BCCPlus.dll	exclamdownsmall | centoldstyle | Lslashsmall | Scaronsmall | Zcaronsmall | Dieresissmall
Bright and Dark                   	1	BCCPlus.dll	flicker | Smooth | Spiky | Brighten Only | Darken Only
Brighten Only                     	1	BCCPlus.dll	4C | HC | flicker | Smooth | Spiky
BrightnessValue                   	1	BCCPlus.dll	CompressedBitsPerPixel | ShutterSpeedValue | ApertureValue
Bring Forward                     	1	3DObjects	Box | Oval | Scissors | Multi-frame | Mirror | Bring to Top
Bring to Top                      	1	3DObjects	Pencil | Box | Oval | Scissors | Multi-frame | Mirror
Browser...                        	1	BCCPlus.dll	Effect Presets & Docs
BrowserPrefsOptionsMap            	1	Common	FilterPrefsOptionsMap
Brush Style Category              	1	3DObjects	Text Style Category | Extrusion Style Category | Spline Style Category
Brush Style Frame Size            	1	3DObjects	Extrusion Style Frame Size | Spline Style Frame Size | Natural Style Frame Size
BrushStyle                        	1	3DObjects	NaturalStyle | SplineStyle | TextHandle | GradientStyle | GradientHandle
BsihTtxtdWlFdWfI                  	1	3DObjects	STR | dWltWtxTdWtCpSTC
Bsmall                            	1	BCCPlus.dll	parenleftinferior | parenrightinferior | Circumflexsmall | hyphensuperior | Gravesmall | Asmall
Bubble-%4.1f                      	1	3DObjects	%s%.2f | Area-%d | Bar-%4.1f
BufferF3ToBuffer                  	1	Common	ImageToBuffer | BufferToImage
BufferToBufferF3                  	1	Common	ImageToBuffer | BufferToImage | BufferF3ToBuffer
BufferToImage                     	1	Common	ImageToBuffer
Build Up to Max                   	1	BCCPlus.dll	Unused (Immediate) | Linear | Quadratic Hard | Quadradic Soft | Sustain
BuildCharArray                    	1	BCCPlus.dll	BlendDesignPositions | BlendDesignMap | BlendAxisTypes | WeightVector
Building OpenCL Program           	1	Common	OclRange transpose dimensi | OpenCL decryption failure
Bulb Fade Amount                  	1	BCCPlus.dll	edgeBlurOn | Flicker Affects Map | usePostFlickerSrc | Bulb Fade On | edgeFadeOn
Bulb Fade On                      	1	BCCPlus.dll	srctype | Blurred RGB | edgeBlurOn | Flicker Affects Map | usePostFlickerSrc
Bulb Fade Width                   	1	BCCPlus.dll	usePostFlickerSrc | Bulb Fade On | edgeFadeOn | Bulb Fade Amount | edgeFadeAmt
C C0C1C.C                         	1	BCCPlus.dll	C C0C,C | @ | D | C C0C,C | @ | D
CAntiAlias.ResetAccumulation      	1	3DObjects	
CC 2015                           	1	3DObjects	CC 12.1 | 12.1 | CC 12.2 | 12.2 | CC 2014 | 13.0
CC 2015.1                         	1	3DObjects	CC 12.2 | 12.2 | CC 2014 | 13.0 | CC 2015 | 13.5
CC05B                             	1	BCCPlus.dll	CC05R | CC10R | CC20R | CC30R | CC40R | CC50R
CC05C                             	1	BCCPlus.dll	CC05Y | CC10Y | CC20Y | CC30Y | CC40Y | CC50Y
CC05G                             	1	BCCPlus.dll	CC05B | CC10B | CC20B | CC30B | CC40B | CC50B
CC05M                             	1	BCCPlus.dll	CC05C | CC10C | CC20C | CC30C | CC40C | CC50C
CC05R                             	1	BCCPlus.dll	92 Red | 96 Neutral | 98 Blue | 99 Green | 102 Yellow-Green | 106 Amber
CC05Y                             	1	BCCPlus.dll	CC05G | CC10G | CC20G | CC30G | CC40G | CC50G
CC10B                             	1	BCCPlus.dll	CC10R | CC20R | CC30R | CC40R | CC50R | CC05B
CC10C                             	1	BCCPlus.dll	CC10Y | CC20Y | CC30Y | CC40Y | CC50Y | CC05C
CC10G                             	1	BCCPlus.dll	CC10B | CC20B | CC30B | CC40B | CC50B | CC05G
CC10M                             	1	BCCPlus.dll	CC10C | CC20C | CC30C | CC40C | CC50C | CC05M
CC10R                             	1	BCCPlus.dll	96 Neutral | 98 Blue | 99 Green | 102 Yellow-Green | 106 Amber | CC05R
CC10Y                             	1	BCCPlus.dll	CC10G | CC20G | CC30G | CC40G | CC50G | CC05Y
CC20B                             	1	BCCPlus.dll	CC20R | CC30R | CC40R | CC50R | CC05B | CC10B
CC20C                             	1	BCCPlus.dll	CC20Y | CC30Y | CC40Y | CC50Y | CC05C | CC10C
CC20G                             	1	BCCPlus.dll	CC20B | CC30B | CC40B | CC50B | CC05G | CC10G
CC20M                             	1	BCCPlus.dll	CC20C | CC30C | CC40C | CC50C | CC05M | CC10M
CC20R                             	1	BCCPlus.dll	98 Blue | 99 Green | 102 Yellow-Green | 106 Amber | CC05R | CC10R
CC20Y                             	1	BCCPlus.dll	CC20G | CC30G | CC40G | CC50G | CC05Y | CC10Y
CC30B                             	1	BCCPlus.dll	CC30R | CC40R | CC50R | CC05B | CC10B | CC20B
CC30C                             	1	BCCPlus.dll	CC30Y | CC40Y | CC50Y | CC05C | CC10C | CC20C
CC30G                             	1	BCCPlus.dll	CC30B | CC40B | CC50B | CC05G | CC10G | CC20G
CC30M                             	1	BCCPlus.dll	CC30C | CC40C | CC50C | CC05M | CC10M | CC20M
CC30R                             	1	BCCPlus.dll	99 Green | 102 Yellow-Green | 106 Amber | CC05R | CC10R | CC20R
CC30Y                             	1	BCCPlus.dll	CC30G | CC40G | CC50G | CC05Y | CC10Y | CC20Y
CC40B                             	1	BCCPlus.dll	CC40R | CC50R | CC05B | CC10B | CC20B | CC30B
CC40C                             	1	BCCPlus.dll	CC40Y | CC50Y | CC05C | CC10C | CC20C | CC30C
CC40G                             	1	BCCPlus.dll	CC40B | CC50B | CC05G | CC10G | CC20G | CC30G
CC40M                             	1	BCCPlus.dll	CC40C | CC50C | CC05M | CC10M | CC20M | CC30M
CC40R                             	1	BCCPlus.dll	102 Yellow-Green | 106 Amber | CC05R | CC10R | CC20R | CC30R
CC40Y                             	1	BCCPlus.dll	CC40G | CC50G | CC05Y | CC10Y | CC20Y | CC30Y
CC50B                             	1	BCCPlus.dll	CC50R | CC05B | CC10B | CC20B | CC30B | CC40B
CC50C                             	1	BCCPlus.dll	CC50Y | CC05C | CC10C | CC20C | CC30C | CC40C
CC50G                             	1	BCCPlus.dll	CC50B | CC05G | CC10G | CC20G | CC30G | CC40G
CC50M                             	1	BCCPlus.dll	CC50C | CC05M | CC10M | CC20M | CC30M | CC40M
CC50R                             	1	BCCPlus.dll	106 Amber | CC05R | CC10R | CC20R | CC30R | CC40R
CC50Y                             	1	BCCPlus.dll	CC50G | CC05Y | CC10Y | CC20Y | CC30Y | CC40Y
CCEPT                             	1	BCCPlus.dll	A repetition operator cann | AIL
CCompWindMiniTimeline             	1	3DObjects	
CENTER                            	1	BCCPlus.dll	lineSpacing:  | backgroundColor: { | ABSOLUTE | RELATIVE | units:  | LEFT
CFALayout                         	1	BCCPlus.dll	DNGBackwardVersion | UniqueCameraModel | LocalizedCameraModel | CFAPlaneColor
CFAPattern                        	1	BCCPlus.dll	SubjectLocation | ExposureIndex | SensingMethod | FileSource | SceneType
CFAPlaneColor                     	1	BCCPlus.dll	DNGVersion | DNGBackwardVersion | UniqueCameraModel | LocalizedCameraModel
CHARS                             	1	BCCPlus.dll	
CID Type 1                        	1	BCCPlus.dll	%ADOBeginFontDict | %!PS-Adobe-3.0 Resource-CI | StartData | /sfnts | (Hex)
CIDCount                          	1	BCCPlus.dll	Supplement | UIDBase | XUID | CIDMapOffset | FDBytes | GDBytes
CIDFontName                       	1	BCCPlus.dll	
CIDFontType                       	1	BCCPlus.dll	CIDFontName | CIDFontVersion
CIDFontVersion                    	1	BCCPlus.dll	CIDFontName
CIDMapOffset                      	1	BCCPlus.dll	CIDFontType | Registry | Ordering | Supplement | UIDBase | XUID
CInfoWindow                       	1	3DObjects	
CLICK TO AUTO ANALYZE             	1	BCCPlus.dll	Hybrid Matte | primatteData | viewMode | lockSample
CMYK Colour                       	1	3DObjects	Bitmap | Grayscale | Indexed Colour | RGB Colour
CMiniTimelineControl              	1	3DObjects	
CNTRY                             	1	Common	MAC | NAMES | OSID | OS | RGSTRY | TZ
COEFF                             	1	BCCPlus.dll	cv::ocl::kernelToStr
COI is not supported              	1	BCCPlus.dll	COI is not supported by th | cvReshape
COI is not supported by this operation	1	BCCPlus.dll	Number of elements in the
CPT1                              	1	BCCPlus.dll	POT1
CPUBlur                           	1	3DObjects	EnableTexGen | GenerateTextureCoord | Set3dProceduralTexture | Convolution
CPreviewWindow                    	1	3DObjects	
CRITICAL                          	1	Common	Continuum 2026 19.0 | EMERGENCY | ALERT
CS Composite                      	1	BCCPlus.dll	Red Channel | Green Channel | Blue Channel | Use | Shrink/Grow | shadow.*
CURL DEFORMER                     	1	3DObjects	
Cache File Type                   	1	3DObjects	Rendered Frame Marker Colo | Cache Movie Frames | Cache Rendered Frames
Cache Host Frames                 	1	3DObjects	Toggle Thumbnail Backgroun | Video Aspect | Default Cache Movie Frames
Cache Movie Frames                	1	3DObjects	Show Rendered Frame Marker | Rendered Frame Marker Colo
Cache Rendered Frames             	1	3DObjects	Rendered Frame Marker Colo | Cache Movie Frames
Cache-Memory to disk ratio        	1	3DObjects	Style Apply Mode | Text Window Display Scale | Style Display Mode | Use Tooltips
Cacute                            	1	BCCPlus.dll	franc | Gbreve | gbreve | Idotaccent | Scedilla | scedilla
CalibrationIlluminant1            	1	BCCPlus.dll	AntiAliasStrength | ShadowScale | DNGPrivateData | MakerNoteSafety
CalibrationIlluminant2            	1	BCCPlus.dll	ShadowScale | DNGPrivateData | MakerNoteSafety | CalibrationIlluminant1
Call not valid for current render state	1	3DObjects	
Call to NULL write function       	1	BCCPlus.dll	info change after png_star
Camera Lights                     	1	3DObjects	Host Application not suppo
Camera Noise v3.0                 	1	BCCPlus.dll	Advanced | advanced | FXEditor | Compression+Noise v3.0
Camera Number                     	1	3DObjects	Show Project Settings on L | Use Time Accurate Draft Pl
Camera Shake Dissolve             	1	BCCPlus.dll	Crash Zoom Dissolve | Cross Zoom Dissolve | Spin Blur Dissolve | Rack Focus Dissolve
CameraCalibration1                	1	BCCPlus.dll	DefaultCropOrigin | DefaultCropSize | ColorMatrix1 | ColorMatrix2
CameraCalibration2                	1	BCCPlus.dll	DefaultCropSize | ColorMatrix1 | ColorMatrix2 | CameraCalibration1
CameraSerialNumber                	1	BCCPlus.dll	BaselineNoise | BaselineSharpness | BayerGreenSplit | LinearResponseLimit
Can not read TIFF directory       	1	3DObjects	Can not read TIFF director | to read TIFF directory
Can not read TIFF directory count 	1	3DObjects	%s: Cannot open | No space %s | Seek error accessing TIFF
Cannot import text file greater than 32K	1	3DObjects	http://www.borisfx.com/ | .txt | .rtf
Cannot read version               	1	BCCPlus.dll	File is not an image file. |  image files.  Current fil
CapHeight                         	1	BCCPlus.dll	Ascender | AxisLabel | AxisType | CC
Caronsmall                        	1	BCCPlus.dll	centoldstyle | Lslashsmall | Scaronsmall | Zcaronsmall | Dieresissmall | Brevesmall
Catmull-Rom                       	1	BCCPlus.dll	Bilinear | Triangle | Quadratic | Cubic
Caution Box                       	1	3DObjects	EDIT | Segoe UI | Alert Box | Something
Ccaron                            	1	BCCPlus.dll	gbreve | Idotaccent | Scedilla | scedilla | Cacute | cacute
Ccedilla                          	1	BCCPlus.dll	Aacute | Acircumflex | Adieresis | Agrave | Aring | Atilde
Ccedillasmall                     	1	BCCPlus.dll	Aacutesmall | Acircumflexsmall | Atildesmall | Adieresissmall | Aringsmall | AEsmall
Cedillasmall                      	1	BCCPlus.dll	Dotaccentsmall | Macronsmall | figuredash | hypheninferior | Ogoneksmall | Ringsmall
Center Brightness                 	1	BCCPlus.dll	
Center Color                      	1	BCCPlus.dll	Center Brightness | centerBrightness
Center Cut Safe Action Area       	1	3DObjects	Enable Global Motion Blur | Safe Action Area | Safe Title Area
Center Cut Safe Title Area        	1	3DObjects	Safe Action Area | Safe Title Area | Center Cut Safe Action Are
Center Ease                       	1	BCCPlus.dll	centerPoint | Center Start | Center End
Center End                        	1	BCCPlus.dll	centerPoint | Center Start
Center Map                        	1	BCCPlus.dll	Inside Rectangle | Outside Rectangle | Inside Oval | Outside Oval | All | gamma
Center Spot                       	1	BCCPlus.dll	spot
Center Start                      	1	BCCPlus.dll	centerPoint
Center X                          	1	BCCPlus.dll	Green/Magnenta | Blue/Yellow | Anamorphic Squeeze | Curvature X | Curvature Y
Center Y                          	1	BCCPlus.dll	Blue/Yellow | Anamorphic Squeeze | Curvature X | Curvature Y | Center X
Center on Shape                   	1	BCCPlus.dll	roughnessSeed | Mask Center | Mask Rotation | Scale Mask | Scale Mask X | Scale Mask Y
CenterXY                          	1	BCCPlus.dll	Angle Repeats | Angle Speed
Central Radius                    	1	BCCPlus.dll	Scale Mask Y | Center on Shape | centerOnShape | Gradient Direction
Change Selection                  	1	3DObjects	Toggle Selected Object | Select Object | Deselect All | Delete Object(s)
Channel -                         	1	3DObjects	Shared
Channel Blur Dissolve             	1	BCCPlus.dll	Blur Dissolve | Composite Dissolve | Film Glow Dissolve
Channel Blur YUV                  	1	BCCPlus.dll	
Channel Box Blur                  	1	BCCPlus.dll	
Channel Limit                     	1	BCCPlus.dll	??
Channel YUV Blur                  	1	BCCPlus.dll	
CharStrings                       	1	BCCPlus.dll	NDV | CDV | DesignVector | FontMatrix | Encoding | Subrs
CharWidth                         	1	BCCPlus.dll	Ascender | AxisLabel | AxisType | CC | CapHeight
CharacterSet                      	1	BCCPlus.dll	Ascender | AxisLabel | AxisType | CC | CapHeight | CharWidth
Characters                        	1	BCCPlus.dll	AxisLabel | AxisType | CC | CapHeight | CharWidth | CharacterSet
Chart                             	1	3DObjects	ChartContainer | Legend | Values | %4.1f | GraphBackground
ChartContainer                    	1	3DObjects	;
Check Subscription                	1	Common	LaunchLicenseTool called w | Deactivate
Chinese                           	1	3DObjects	</language> | Automatic | French | German | Italian | Spanish
Chocolate 1                       	1	BCCPlus.dll	Straw 1 | Straw 2 | Straw 3 | Tobacco 1 | Tobacco 2 | Tobacco 3
Chocolate 2                       	1	BCCPlus.dll	Straw 2 | Straw 3 | Tobacco 1 | Tobacco 2 | Tobacco 3 | Chocolate 1
Chocolate 3                       	1	BCCPlus.dll	Straw 3 | Tobacco 1 | Tobacco 2 | Tobacco 3 | Chocolate 1 | Chocolate 2
Choose Single                     	1	BCCPlus.dll	lightWrapSpillOnBlack | Mocha Mask | Host Mask | Use All
Choose by Name                    	1	BCCPlus.dll	lightWrapSpillOnBlack | Mocha Mask | Host Mask | Use All | Choose Single
Choose...                         	1	BCCPlus.dll	%s - Gang | mochaData | mochaLaunch | Select Audio... | Select Image...
ChoosePixelFormat                 	1	Common	@ | CreateFontIndirectA | ? | CreateFontA
ChromaBlurRadius                  	1	BCCPlus.dll	BayerGreenSplit | LinearResponseLimit | CameraSerialNumber | LensInfo
Circles                           	1	BCCPlus.dll	/c
Circular                          	1	BCCPlus.dll	Stacked Composite | Alpha Masked | Rounded Rectangle | Mocha Spline | AE Host Mask
Circumflexsmall                   	1	BCCPlus.dll	tsuperior | ff | ffi | ffl | parenleftinferior | parenrightinferior
Clamp Displace                    	1	BCCPlus.dll	Source Layer | Motion Source | direction | Max Displace | maxDisplace
Clamp HDR Details                 	1	BCCPlus.dll	contrast | Solid Tint | solidTint
Classic Continuum                 	1	BCCPlus.dll	?? | Channel Limit
Clean BG Noise                    	1	BCCPlus.dll	primattesampledata | Manual Sample BG | Manual Sample BG Basic
Clean FG Noise                    	1	BCCPlus.dll	Manual Sample BG | Manual Sample BG Basic | Clean BG Noise
ClearMoviesStickyError            	1	3DObjects	GetMovieDataSize64 | GetMediaSampleReference
Client connected                  	1	BCCPlus.dll	Timed out waiting for clie | Client connected. | Waiting for client...
Client connected.                 	1	BCCPlus.dll	server shmem fs= | Timed out waiting for clie
Clip Edge                         	1	BCCPlus.dll	Enable All | Animate Thickness | Border 1 | border1
ClipPath                          	1	BCCPlus.dll	TargetPrinter | ExtraSamples | SampleFormat | SMinSampleValue | SMaxSampleValue
Close Contour                     	1	3DObjects	Break Curve | Split Curve | OpenContour | CloseContour | Open Contour
CloseContour                      	1	3DObjects	Cusp Points | Reverse Points | Break Curve | Split Curve | OpenContour
CloseHandle                       	1	Common	CreateFileA | % | AreFileApisANSI
Closing tag should not contain any attributes	1	BCCPlus.dll	Unknown tag type | Name should start with a l
Cmpnd                             	1	3DObjects	O | Audio | Comp | Effect
Coarse                            	1	BCCPlus.dll	
Coherence                         	1	BCCPlus.dll	Scale Randomness | scaleRandomness | Color Randomness | colorRandomness
Color %d                          	1	BCCPlus.dll	Tint Mode | #ffff37 | #ff7a37 | #ff87ff
Color Burn                        	1	BCCPlus.dll	Soft Light | Hard Light | Vivid Light | Linear Light | Pin Light
Color Dodge                       	1	BCCPlus.dll	Vivid Light | Linear Light | Pin Light | Color Burn | Linear Burn | Darker Color
Color Engine                      	1	BCCPlus.dll	T@
Color Filter Pref                 	1	3DObjects	Timeline Expanded | Time Filter Pref | Blur Filter Pref | Key Filter Pref
Color Grad                        	1	BCCPlus.dll	
Color Matte                       	1	BCCPlus.dll	guidedFilter | denoise
Color Randomness                  	1	BCCPlus.dll	intensity | lightSource | Scale Randomness | scaleRandomness
Color Safe Output                 	1	3DObjects	Enable MP | Use Velocity Engine | Obey Host Draft Render | Draft Render
Color Smoothness                  	1	BCCPlus.dll	
Color Spot                        	1	BCCPlus.dll	#c30059
Color Style Category              	1	3DObjects	Display Scale
Color Style Frame Size            	1	3DObjects	Live Gradient Update | Pixel Aspect Ratio | OGL Super Fast Preview Opt
ColorArg                          	1	3DObjects	, | index | selected | RotoSpline | ObjectListArg
ColorMatrix1                      	1	BCCPlus.dll	DefaultScale | BestQualityScale | DefaultCropOrigin | DefaultCropSize
ColorMatrix2                      	1	BCCPlus.dll	BestQualityScale | DefaultCropOrigin | DefaultCropSize | ColorMatrix1
ColorPick                         	1	3DObjects	e4to1 | e8to1 | e16to1 | eFit | eStretch | eIZoom
ColorStyle                        	1	3DObjects	Line-%d | Pie-%4.1f%% | Pie-%4.1f
Colorized Flow                    	1	BCCPlus.dll	N@ | Forward | Reverse | Image | UV Map | Optical Flow
Columns                           	1	BCCPlus.dll	Round | Polygon | Rows
Combine Contours                  	1	3DObjects	Multi-frame | Mirror | Bring to Top | Bring Forward | Send Backward | Send to Back
CombineContours                   	1	3DObjects	
Combined Matte                    	1	BCCPlus.dll	guidedFilter | denoise | Color Matte | Face ML Matte | faceMatte
Combined Overlay                  	1	BCCPlus.dll	Color Matte | Face ML Matte | faceMatte | Combined Matte | combinedMatte
Commandline Example               	1	3DObjects	8A
Comment                           	1	3DObjects	00:00:00;00 | Timecode
Comments are not allowed here     	1	BCCPlus.dll	Invalid input | cv::XMLParser::skipSpaces | ptr[1] == '-' && ptr[2] ==
Common Panel Color                	1	3DObjects	Safe Title Area | Center Cut Safe Action Are | Center Cut Safe Title Area
Common Text Color                 	1	3DObjects	Center Cut Safe Action Are | Center Cut Safe Title Area | Common Panel Color
CommonFilesDir                    	1	BCCPlus.dll	All files | *.* | CurrentVersion | Windows | Microsoft | ProgramFilesDir
Comp 1                            	1	3DObjects	.h265 | .hevc | Unspecified Critical Error | Open GL is disabled | _0 |  1
CompanyName                       	1	Common	\VarFileInfo\Translation
Compare Mode Hosted               	1	BCCPlus.dll	
Compare with Layer                	1	BCCPlus.dll	Color Suppress | colorSuppress | Side By Side | Compare | Compare with Below
Complement                        	1	BCCPlus.dll	Spill- | Matte+ | Matte- | Detail+ | Detail- | Preview Samples
Complex keys are not supported    	1	BCCPlus.dll	Empty type name | The wrong closing bracket | Missing , between the elem
ComponentsConfiguration           	1	BCCPlus.dll	ExifVersion | DateTimeOriginal | DateTimeDigitized
Composite Dissolve                	1	BCCPlus.dll	bccunitimagerestoration,bc | Blur Dissolve
CompositeAdd                      	1	Common	AlphaComposite | CompositeOver
CompositeAddClip                  	1	Common	AlphaComposite | CompositeOver | CompositeAdd
CompositeOver                     	1	Common	AlphaComposite
CompositeTransition               	1	BCCPlus.dll	
CompositeUnder                    	1	Common	Composite | MixBuffers | CrossDissolve | RescaleGlow | BlendAlpha
CompositeZLayers                  	1	Common	MultiplyComplexBuffers | CopyFFTPixelBufferToOutput | MaskBufferByZ
Composition                       	1	3DObjects	Tools | File | Edit
CompressedBitsPerPixel            	1	BCCPlus.dll	ExifVersion | DateTimeOriginal | DateTimeDigitized | ComponentsConfiguration
Compression+Noise v3.0            	1	BCCPlus.dll	Edge Color Correct | edgeColorCorrect | Advanced | advanced | FXEditor
Concave                           	1	3DObjects	Arrow | Star | Polygon | Heart | Straight | Convex
Condensed                         	1	3DObjects	ExtraBold | Extra Bold | SemiBold | Semi Bold | Bold | Extended
Configuration                     	1	BCCPlus.dll	Pre/Post Flicker | order | Volumetric Rays | Pre/Post | Smoke/Fog
Connect Splines                   	1	3DObjects	Nudge Point(s) | Create Shape | Add Control Point | AddPoint | Edit Segment
Contents of                       	1	Common	dongle | rlmid | Invalid access prior to in | End of  | === | :
Continuum 2026 19.0               	1	Common	
Continuum 2026 Error              	1	3DObjects	HE | zE
Continuum3DObjects                	1	3DObjects	bccrendermultiavx | bfxrender | bccae | bccaemulti | bccavxmulti
Contour                           	1	3DObjects	bezier | type
Conversion failed                 	1	BCCPlus.dll	
Convert                           	1	BCCPlus.dll	RGB2YUV | YUV2RGB | RGB2YCbCr | YCbCr2RGB | RGB2LAB | LAB2RGB
ConvertChannelMapToFloat          	1	Common	LensBlurGamma | LensBlurBoostGamma
ConvertFiberToThread              	1	Common	
ConvertSidToStringSidA            	1	Common	z
ConvertThreadToFiber              	1	Common	
Convex                            	1	3DObjects	Oval | Arrow | Star | Polygon | Heart | Straight
Convolution                       	1	3DObjects	factor | EnableTexGen | GenerateTextureCoord | Set3dProceduralTexture
Cool Blue 1                       	1	BCCPlus.dll	Green 5 | Cyan 1 | Cyan 2 | Cyan 3 | Cyan 4 | Cyan 5
Cool Blue 2                       	1	BCCPlus.dll	Cyan 1 | Cyan 2 | Cyan 3 | Cyan 4 | Cyan 5 | Cool Blue 1
Cool Blue 3                       	1	BCCPlus.dll	Cyan 2 | Cyan 3 | Cyan 4 | Cyan 5 | Cool Blue 1 | Cool Blue 2
Cool Blue 4                       	1	BCCPlus.dll	Cyan 3 | Cyan 4 | Cyan 5 | Cool Blue 1 | Cool Blue 2 | Cool Blue 3
Cool Blue 5                       	1	BCCPlus.dll	Cyan 4 | Cyan 5 | Cool Blue 1 | Cool Blue 2 | Cool Blue 3 | Cool Blue 4
Copy Channel                      	1	BCCPlus.dll	
CopyAlpha                         	1	Common	CopyBufferOffset1To4 | CopyChannelFromPix | CopyChannelToPix
CopyBufferOffset1To4              	1	Common	
CopyChannelFromPix                	1	Common	CopyBufferOffset1To4
CopyChannelToPix                  	1	Common	CopyBufferOffset1To4 | CopyChannelFromPix
CopyFFTPixelBufferToOutput        	1	Common	CopyInputToFFTPixelBuffer | CopyInputToFFTChannelBuffe | MultiplyComplexBuffers
CopyFileW                         	1	Common	
CopyInputToFFTChannelBuffer       	1	Common	LensBlurBoostGamma | ConvertChannelMapToFloat | CopyInputToFFTPixelBuffer
CopyInputToFFTPixelBuffer         	1	Common	LensBlurGamma | LensBlurBoostGamma | ConvertChannelMapToFloat
CopyOffsetBuffer                  	1	Common	CopyBufferOffset1To4 | CopyChannelFromPix | CopyChannelToPix | CopyAlpha
Copying...                        	1	3DObjects	\* | Boris Blue | Error creating consolidate
Copyright                         	1	BCCPlus.dll	FieldOfViewCotangent | MatrixWorldToScreen | MatrixWorldToCamera
Copyright 1995-2024 Boris FX      	1	3DObjects	%s %s %s | , HiDPI: %3.0f%%
Coral 1                           	1	BCCPlus.dll	Tropic Blue 1 | Tropic Blue 2 | Tropic Blue 3 | Coral 1/8 | Coral 1/4 | Coral 1/2
Coral 2                           	1	BCCPlus.dll	Tropic Blue 2 | Tropic Blue 3 | Coral 1/8 | Coral 1/4 | Coral 1/2 | Coral 1
Coral 3                           	1	BCCPlus.dll	Tropic Blue 3 | Coral 1/8 | Coral 1/4 | Coral 1/2 | Coral 1 | Coral 2
Coral 4                           	1	BCCPlus.dll	Coral 1/8 | Coral 1/4 | Coral 1/2 | Coral 1 | Coral 2 | Coral 3
Coral 5                           	1	BCCPlus.dll	Coral 1/4 | Coral 1/2 | Coral 1 | Coral 2 | Coral 3 | Coral 4
Corner Pin                        	1	BCCPlus.dll	Sinc | Fit Inside | Fit Outside | Match Move
Corner Radius                     	1	BCCPlus.dll	Textbox | textbox | Text Color | Padding | padding | Line Spacing
Corona                            	1	BCCPlus.dll	q? | z|
Could not initialize FreeType library	1	BCCPlus.dll	Absolute
Cranberry 1                       	1	BCCPlus.dll	
Cranberry 2                       	1	BCCPlus.dll	Cranberry 1
Cranberry 3                       	1	BCCPlus.dll	Cranberry 1 | Cranberry 2
Crash Zoom                        	1	BCCPlus.dll	
Crash Zoom Dissolve               	1	BCCPlus.dll	Prism Dissolve | Lens Flare Dissolve | Multi-Star Dissolve | Rays Dissolve
Create Freehand Spline            	1	3DObjects	
Create Oval                       	1	3DObjects	Create Rectangle | AddObjects | ReplaceSelection
Create Rectangle                  	1	3DObjects	
Create Shape                      	1	3DObjects	Reshape Object(s) | DeletePoints | Delete Control Point | Nudge Point(s)
CreateFiberEx                     	1	Common	ConvertFiberToThread
CreateFileMappingA                	1	Common	
CreateFileW                       	1	Common	
CreateIoCompletionPort            	1	Common	% | AreFileApisANSI | CloseHandle
CreateMutexA                      	1	Common	CreateEventA
CreateNamedPipeA                  	1	Common	CreateProcessW
CreateProcessA                    	1	Common	
CreateShapeKey                    	1	3DObjects	ShearObjects
CreateWellKnownSid                	1	Common	z | ConvertSidToStringSidA | AddAccessAllowedAceEx
Created context %0x               	1	3DObjects	Unable to create gl contex | Hardware not Supported | Invalid Error ID
Created textureID %d              	1	3DObjects	Replacing texture in hw ca | exceeding texture bound du
Creating RS3dGeomInteractor %08x  	1	3DObjects	
Creating read ahead buffer for NodeID %d	1	3DObjects	RS3dAccumulate::Accumulate | RS3dAccumulate::Accumulate
CrlID                             	1	BCCPlus.dll	ad dvcs | basicOCSPResponse | Basic OCSP Response | Nonce | OCSP Nonce
Crop Blend                        	1	3DObjects	Camera Lights | Border Shadow
Crop Line Color                   	1	3DObjects	Draft Render Mode | Shape Point Color | Shape Line Color | Crop Point Color
Crop Point Color                  	1	3DObjects	Draft Render Mode | Shape Point Color | Shape Line Color
Cross Process Amount              	1	BCCPlus.dll	Lab | lab | bleach | Bleach Amount | Bleach Saturation | Bleach Contrast
Cross Process Type                	1	BCCPlus.dll	Bleach Amount | Bleach Saturation | Bleach Contrast | Cross Process Amount
Cross Zoom                        	1	BCCPlus.dll	smear
Cross Zoom Dissolve               	1	BCCPlus.dll	Lens Flare Dissolve | Multi-Star Dissolve | Rays Dissolve | Crash Zoom Dissolve
CrossDissolve                     	1	Common	CompositeOver | CompositeAdd | CompositeAddClip | Composite | MixBuffers
Crossfade End Colors              	1	AE_Float.dll	
Csmall                            	1	BCCPlus.dll	parenrightinferior | Circumflexsmall | hyphensuperior | Gravesmall | Asmall | Bsmall
Ctrl                              	1	3DObjects	[ID] | [Shortcut] | Cmd | Win | Opt | Alt
CtrlPt                            	1	3DObjects	type | Contour | closed | <CtrlPt> | ), | </CtrlPt>
Cube                              	1	3DObjects	Option Change |  [ | One-Sided Plane
CubeMap bound                     	1	3DObjects	LoadProceduralMap.%d | ProcessCubeProceduralNode
CubeShape eBuildRS3dScene entering	1	3DObjects	
CubeShape eBuildRS3dScene leaving 	1	3DObjects	CubeShape eBuildRS3dScene
Cubic                             	1	BCCPlus.dll	Bilinear | Triangle | Quadratic
Current Style                     	1	3DObjects	Current
Current Style Palette Tab         	1	3DObjects	Default Cache Movie Frames | Cache Host Frames | Frame Cache Size(MB)
Current Tool                      	1	3DObjects	Show Render Time | Loop Play Mode | Show Transformations | Show Masks
Current Value to Max              	1	BCCPlus.dll	Current Value to 0 | 0 to Max | Max to 0 | Min to Max | Max to Min
Current Value to Min              	1	BCCPlus.dll	Min to Max | Max to Min | Current Value to Max | Max to Current Value
CurrentICCProfile                 	1	BCCPlus.dll	ActiveArea | MaskedAreas | AsShotICCProfile | AsShotPreProfileMatrix
CurrentPreProfileMatrix           	1	BCCPlus.dll	MaskedAreas | AsShotICCProfile | AsShotPreProfileMatrix | CurrentICCProfile
CurrentVersion                    	1	BCCPlus.dll	E@ |   | *. | ; | All files | *.*
Curvature                         	1	BCCPlus.dll	aperture | Facets
Curvature X                       	1	BCCPlus.dll	posY | Red/Cyan | Green/Magnenta | Blue/Yellow | Anamorphic Squeeze
Curvature Y                       	1	BCCPlus.dll	Red/Cyan | Green/Magnenta | Blue/Yellow | Anamorphic Squeeze | Curvature X
Curve                             	1	3DObjects	linear | hold | keys | frame
Cusp Control Points               	1	3DObjects	OpenContour | CloseContour | Open Contour | Close Contour | Smooth Control Points
Cusp Points                       	1	3DObjects	PenTool | Pen Tool | Toggle Opened/Closed | Break Spline | Smooth Points
CuspPoints                        	1	3DObjects	
Custom                            	1	BCCPlus.dll	512 | 1024 | Mixed | Replace Value | Add to Value | Subtract from Value
Custom Pattern                    	1	BCCPlus.dll	After Incoming | After Both | Film Grunge | Invert Monochrome | Xray
Custom UI opened                  	1	3DObjects	Launch UI  |   Edit TEXT   | RenderSnapshot  Get params | FX Browser used
CustomBlob                        	1	3DObjects	
CustomData                        	1	3DObjects	uY | version | paramlist
CustomRendered                    	1	BCCPlus.dll	ExposureIndex | SensingMethod | FileSource | SceneType | CFAPattern
CustomSpline                      	1	3DObjects	CustomBlob | CustomTextures
CustomTextures                    	1	3DObjects	CustomBlob
CutObjects                        	1	3DObjects	DeleteObjects
Cyan 1                            	1	BCCPlus.dll	Yellow 5 | Green 1 | Green 2 | Green 3 | Green 4 | Green 5
Cyan 2                            	1	BCCPlus.dll	Green 1 | Green 2 | Green 3 | Green 4 | Green 5 | Cyan 1
Cyan 3                            	1	BCCPlus.dll	Green 2 | Green 3 | Green 4 | Green 5 | Cyan 1 | Cyan 2
Cyan 4                            	1	BCCPlus.dll	Green 3 | Green 4 | Green 5 | Cyan 1 | Cyan 2 | Cyan 3
Cyan 5                            	1	BCCPlus.dll	Green 4 | Green 5 | Cyan 1 | Cyan 2 | Cyan 3 | Cyan 4
Cycles                            	1	BCCPlus.dll	
D D0D1D.D                         	1	BCCPlus.dll	D D(D | @ | D D0D,D | @ | D D0D,D | @
DC data corrupt.                  	1	BCCPlus.dll	Error uncompressing UNKNOW | AC data corrupt. | Unknown AC Compression
DDS                               	1	3DObjects	
DEFINE                            	1	BCCPlus.dll	Unterminated named capture
DFGirl-W6-WIN-BF                  	1	BCCPlus.dll	| cpop
DFGothic-EB                       	1	BCCPlus.dll	| cpop | DFGirl-W6-WIN-BF
DFGyoSho-Lt                       	1	BCCPlus.dll	| cpop | DFGirl-W6-WIN-BF | DFGothic-EB
DFHSGothic-W5                     	1	BCCPlus.dll	DFGirl-W6-WIN-BF | DFGothic-EB | DFGyoSho-Lt | DFHei
DFHSMincho-W3                     	1	BCCPlus.dll	DFGothic-EB | DFGyoSho-Lt | DFHei | DFHSGothic-W5
DFHSMincho-W7                     	1	BCCPlus.dll	DFGyoSho-Lt | DFHei | DFHSGothic-W5 | DFHSMincho-W3
DFHei                             	1	BCCPlus.dll	| cpop | DFGirl-W6-WIN-BF | DFGothic-EB | DFGyoSho-Lt
DFKai-SB                          	1	BCCPlus.dll	DFHSMincho-W3 | DFHSMincho-W7 | DFKaiSho-SB | DFKaiShu
DFKaiSho-SB                       	1	BCCPlus.dll	DFHei | DFHSGothic-W5 | DFHSMincho-W3 | DFHSMincho-W7
DFKaiShu                          	1	BCCPlus.dll	DFHSGothic-W5 | DFHSMincho-W3 | DFHSMincho-W7 | DFKaiSho-SB
DFMing                            	1	BCCPlus.dll	DFHSMincho-W7 | DFKaiSho-SB | DFKaiShu | DFKai-SB
DFTX                              	1	BCCPlus.dll	R | A | exr | fxi | thumbnail | image
DFX Detail                        	1	BCCPlus.dll	
DHCP                              	1	Common	S | P | % | d | BID | BSS
DHCPS                             	1	Common	P | % | d | BID | BSS | DHCP
DISTANCE                          	1	3DObjects	generating convolution mat | NOISE | VEINS | RAW
DNGBackwardVersion                	1	BCCPlus.dll	ICC Profile | GPSIFDOffset | StoNits | InteroperabilityIFDOffset | DNGVersion
DNGPrivateData                    	1	BCCPlus.dll	LensInfo | ChromaBlurRadius | AntiAliasStrength | ShadowScale
DNGVersion                        	1	BCCPlus.dll	EXIFIFDOffset | ICC Profile | GPSIFDOffset | StoNits | InteroperabilityIFDOffset
DOMAIN                            	1	Common	% | d | BID | BSS | DHCP | DHCPS
DWA data corrupt                  	1	BCCPlus.dll	RLE data corrupted | Bad DWA compression type d
DWIDTH                            	1	BCCPlus.dll	+ | ENDFONT | ENDCHAR | STARTCHAR | ENCODING | SWIDTH
Darken Only                       	1	BCCPlus.dll	4C | HC | flicker | Smooth | Spiky | Brighten Only
Darker Color                      	1	BCCPlus.dll	Hard Light | Vivid Light | Linear Light | Pin Light | Color Burn | Linear Burn
Data Error                        	1	Common	OpenGL context failure.
DataTable                         	1	3DObjects	DataTableGrid | DataTableBackdrop
DataTableBackdrop                 	1	3DObjects	DataTableGrid
DataTableGrid                     	1	3DObjects	
DataTableText                     	1	3DObjects	DataTableGrid | DataTableBackdrop | DataTable
DateTimeDigitized                 	1	BCCPlus.dll	OptoelectricConversionFact | ExifVersion | DateTimeOriginal
DateTimeOriginal                  	1	BCCPlus.dll	ISOSpeedRatings | OptoelectricConversionFact | ExifVersion
Day for Night                     	1	BCCPlus.dll	Moonlight | moonlight
Day of year value is out of range 1..366	1	BCCPlus.dll	Weekday is out of range 0.
DeArtifact                        	1	BCCPlus.dll	
DeBand                            	1	BCCPlus.dll	Dual Gradient | ND Gradient
DeBlock                           	1	BCCPlus.dll	DeBand | bccunitimagerestoration,bc
DeFog                             	1	BCCPlus.dll	
DeFringe                          	1	BCCPlus.dll	bccunitlens,bccunitessenti | bccunitlens
DeGrain                           	1	3DObjects	Displacement Map | Polar Displacement | Vector Displacement
DeNoise                           	1	BCCPlus.dll	^
DeNoise ML                        	1	BCCPlus.dll	
Deactivate                        	1	Common	LaunchLicenseTool called w
Dead LED Flicker                  	1	BCCPlus.dll	edgeFadeWidth | Stagger | stagger | Dead LEDs | deadLeds
Dead LED Seed                     	1	BCCPlus.dll	stagger | Dead LEDs | deadLeds | Dead LED Flicker | randLeds
Dead LEDs                         	1	BCCPlus.dll	edgeFadeAmt | Bulb Fade Width | edgeFadeWidth | Stagger | stagger
DecompressImage                   	1	3DObjects	FindNextComponent | ImageTranscodeSequenceBegi | ImageTranscodeFrame
Decompression error in IDAT       	1	BCCPlus.dll	No IDAT data (internal err | Truncated compressed data
Deep scanline data corrupt at chunk 	1	BCCPlus.dll	This version of the librar |  (sampleCountTableDataSize
Deep scanline data corrupt at tile 	1	BCCPlus.dll	Bad sampleCountTableDataSi
Deep scanline image size          	1	BCCPlus.dll	Version  |  exceeds maximum size
Deep scanline sampleCount data corrupt at chunk 	1	BCCPlus.dll	Deep scanline data corrupt |  (negative sample count de
Deep scanline sampleCount data corrupt at tile 	1	BCCPlus.dll	Deep tile sampleCount data
Deep tile sampleCount data corrupt at tile 	1	BCCPlus.dll	Deep scanline data corrupt
Deep tile size exceeds maximum permitted area	1	BCCPlus.dll	not supported for deeptil
Default                           	1	BCCPlus.dll	PF Handle Suite |  FilmVideo | kernels
Default Cache Movie Frames        	1	3DObjects	Back Color | Render Background | Toggle Thumbnail Backgroun | Video Aspect
Default Font                      	1	BCCPlus.dll	Text
Default Interpolation             	1	3DObjects	Timeline Divider Position | Extrusion Style Option | Material Style Option
DefaultCropOrigin                 	1	BCCPlus.dll	BlackLevelDeltaV | WhiteLevel | DefaultScale | BestQualityScale
DefaultCropSize                   	1	BCCPlus.dll	WhiteLevel | DefaultScale | BestQualityScale | DefaultCropOrigin
DefaultScale                      	1	BCCPlus.dll	BlackLevel | BlackLevelDeltaH | BlackLevelDeltaV | WhiteLevel
Deformers                         	1	3DObjects	Last Filter | More Filters | Volume
Delete                            	1	3DObjects	B | Val | ForceRemove | NoRemove
Delete Control Point              	1	3DObjects	DeselectObject | Deselect Object | Reshape Object(s) | DeletePoints
Delete Key                        	1	3DObjects	Split Contours | Reverse Contour | Next Key | Previous Key
Delete key                        	1	3DObjects	Write-on | Modes | Raise | Lower | Goto previous key | Goto next key
DeleteObjects                     	1	3DObjects	PasteObjects
DeletePoints                      	1	3DObjects	AddPointAt | DeselectObject | Deselect Object | Reshape Object(s)
DeleteShapeKey                    	1	3DObjects	CreateShapeKey
Deleting RS3dGeomInteractor %08x  	1	3DObjects	Creating RS3dGeomInteracto
Denoise                           	1	BCCPlus.dll	Dummy2 | Dummy3 | Dummy4 | faceML | Face ML | useMatte
Denoised FG                       	1	BCCPlus.dll	Final Key | Matte Status | Holdout Matte | Garbage Matte
Depth Blur Randomness             	1	BCCPlus.dll	Invert Illumination | invertLight | falloff | depthBlur
Depth Direction                   	1	BCCPlus.dll	Depth Input Type
Depth Input Type                  	1	BCCPlus.dll	
Depth Map                         	1	BCCPlus.dll	rm
Depth Map ML                      	1	BCCPlus.dll	11 Sides | 12 Sides | 13 Sides | 14 Sides | 15 Sides | 16 Sides
Depth is not the same for all arrays	1	BCCPlus.dll	Number of channels is not
DeregisterEventSource             	1	Common	AddAccessAllowedAceEx | CreateWellKnownSid
Desaturation                      	1	BCCPlus.dll	Glow Matte
Descender                         	1	BCCPlus.dll	AxisType | CC | CapHeight | CharWidth | CharacterSet | Characters
Deselect All                      	1	3DObjects	Toggle Selected Object | Select Object
Deselect Object                   	1	3DObjects	InsertPoint | Extend Spline | AddPointAt | DeselectObject
DeselectAll                       	1	3DObjects	
DeselectObject                    	1	3DObjects	Insert Control Point | InsertPoint | Extend Spline | AddPointAt
DeselectObjects                   	1	3DObjects	
DesignVector                      	1	BCCPlus.dll	PaintType | FontType | StrokeWidth | FontBBox | NDV | CDV
Destination Kelvin                	1	BCCPlus.dll	
Destroying fHwnd %0x              	1	3DObjects	km | BFX:OpenGL
Detail+                           	1	BCCPlus.dll	Make FG Transparent | Spill+ | Spill- | Matte+ | Matte-
Detail-                           	1	BCCPlus.dll	Make FG Transparent | Spill+ | Spill- | Matte+ | Matte- | Detail+
DeviceSettingDescription          	1	BCCPlus.dll	FocalLengthIn35mmFilm | SceneCaptureType | GainControl
Dfx Tint                          	1	BCCPlus.dll	bw | #f38417
Dfx Vignette                      	1	BCCPlus.dll	Use SLT Blur | blurred | colorized
Dieresissmall                     	1	BCCPlus.dll	Tildesmall | exclamdownsmall | centoldstyle | Lslashsmall | Scaronsmall | Zcaronsmall
DifferenceX2                      	1	BCCPlus.dll	Screen | Difference | Darker | ScaleMultiply | ScaleScreen
DifferenceX4                      	1	BCCPlus.dll	Difference | Darker | ScaleMultiply | ScaleScreen | DifferenceX2
Diffusion Matte                   	1	BCCPlus.dll	
Diffusion5Point                   	1	Common	BilateralPass
Diffusion9Point                   	1	Common	BilateralPass | Diffusion5Point
Digital Film Tools                	1	BCCPlus.dll	@\ | SOFTWARE\ | SOFTWARE | HKLM | fxx | test
DigitalZoomRatio                  	1	BCCPlus.dll	SceneType | CFAPattern | CustomRendered | ExposureMode | WhiteBalance
Dilate and Erode                  	1	BCCPlus.dll	Dilation
Dilation                          	1	BCCPlus.dll	Dilation Quality
Dilation Quality                  	1	BCCPlus.dll	
Directional Blur                  	1	BCCPlus.dll	
Directional Blur Dissolve         	1	BCCPlus.dll	Blur Dissolve | Composite Dissolve | Film Glow Dissolve | Channel Blur Dissolve
Directive tags are not allowed here	1	BCCPlus.dll	cv::XMLParser::getBase64Ro | cv::XMLParser::parseValue
Dirt                              	1	BCCPlus.dll	spotLight
Disabled                          	1	3DObjects	Bogus | Front | Back | User
Disabled Shader -                 	1	3DObjects	
Display Bezier Controls           	1	3DObjects	Obey Host Draft Render | Draft Render | Color Safe Output | Display Motion Path
Display Channels                  	1	3DObjects	Show Rulers | Show Title Safe | Show Grid | Display Source
Display Layer Controls            	1	3DObjects	Draft Render | Color Safe Output | Display Motion Path | Display Bezier Controls
Display Map info                  	1	BCCPlus.dll	Target Layer | ST Map | Use External ST Map | exr,tif,tiff | Select ST Map
Display MiniTimeline              	1	3DObjects	Style Display Mode | Use Tooltips | Cache-Memory to disk ratio | Enable Deflicker
Display Motion Path               	1	3DObjects	Use Velocity Engine | Obey Host Draft Render | Draft Render | Color Safe Output
Display Scale                     	1	3DObjects	
Display Shape Controls            	1	3DObjects	Display Motion Path | Display Bezier Controls | Display Layer Controls
Display Source                    	1	3DObjects	Show Rulers | Show Title Safe | Show Grid
DisplayBounds %d %d %d %d         	1	3DObjects	blend%d | WindowBounds %d %d %d %d
DisposeMovieController            	1	3DObjects	GetMoviesStickyError | AlignWindow | NewMovieController
Disposing cache                   	1	3DObjects	
Dissolve                          	1	BCCPlus.dll	
DissolveAtmosphericGlow           	1	BCCPlus.dll	Atmoshpheric Glow
DissolveBlurTransition            	1	BCCPlus.dll	
DissolveCameraShakeTransition     	1	BCCPlus.dll	
DissolveChannelMultiBlurTransition	1	BCCPlus.dll	
DissolveDirectionalBlurTransition 	1	BCCPlus.dll	
DissolveFilmGlowTransition        	1	BCCPlus.dll	
DissolveLensFlareTransition       	1	BCCPlus.dll	occlusionSource
DissolveOrbs                      	1	BCCPlus.dll	Orbs Light Source
DissolvePrismTransition           	1	BCCPlus.dll	prismBlurTransition
DissolveRaysTransition            	1	BCCPlus.dll	Rays | Apply Rays To
DissolveRipple                    	1	BCCPlus.dll	ripple.applyScale.* | in | out
DissolveSmearBlurTransition       	1	BCCPlus.dll	smearBlurTransition
DissolveSmokeAndFog               	1	BCCPlus.dll	
DissolveSpinBlurTransition        	1	BCCPlus.dll	reverseSpiral
DissolveTransition                	1	BCCPlus.dll	
Distortion Filter Pref            	1	3DObjects	Particle Filter Pref | Light Filter Pref | Noise Filter Pref
Distortion Size                   	1	BCCPlus.dll	rotation | distortion
Division by zero occurred         	1	BCCPlus.dll	Autotrace call | Incorrect size of input ar | Null pointer
Done Peeling Depth                	1	3DObjects	Begin Peeling Depth
Dot Style                         	1	BCCPlus.dll	Generator | generator | Audio Style | domain | Vertical Style | displayStyle
Dotaccentsmall                    	1	BCCPlus.dll	Lslashsmall | Scaronsmall | Zcaronsmall | Dieresissmall | Brevesmall | Caronsmall
Dots                              	1	BCCPlus.dll	Bars
Draft                             	1	BCCPlus.dll	clip
Draft Render                      	1	3DObjects	Enable MMX | Enable MP | Use Velocity Engine | Obey Host Draft Render
Draft Render Mode                 	1	3DObjects	Pie Chart Type | Pie Chart Show Legend | Pie Chart Show Numbers
Draft Rendering                   	1	BCCPlus.dll	Offset End | positionEnd | Prism Colors | Spiral Turns | Spiral Distance
DrawChannelDisplay.bg             	1	3DObjects	CPreviewWindow::DrawBackgr | CPreviewWindow::DrawRender
Droplet                           	1	BCCPlus.dll	z| | Corona | Fogbow | Glory
Dsmall                            	1	BCCPlus.dll	Circumflexsmall | hyphensuperior | Gravesmall | Asmall | Bsmall | Csmall
Dual Axis                         	1	BCCPlus.dll	roundness | taper | Enable | Relative | relative
Dual Gradient                     	1	BCCPlus.dll	bccunitgradstints | bccunitgradstints,bccunite
Dummy                             	1	BCCPlus.dll	lchKeyer
Dummy2                            	1	BCCPlus.dll	lchKeyer | Dummy
Dummy3                            	1	BCCPlus.dll	lchKeyer | Dummy | Dummy2
Dummy4                            	1	BCCPlus.dll	lchKeyer | Dummy | Dummy2 | Dummy3
DummyName                         	1	3DObjects	p  | phithere | psametoyou
Duotone                           	1	3DObjects	Indexed Colour | RGB Colour | CMYK Colour | <invalid> | Multichannel
Dutch                             	1	3DObjects	Italian | Spanish | Chinese | Japanese | Korean | Polish
E E0E1E.E                         	1	BCCPlus.dll	E E0E,E | @ | D | E E0E,E | @ | D
EMAIL                             	1	Common	d | BID | BSS | DHCP | DHCPS | DOMAIN
EMAILD                            	1	Common	BID | BSS | DHCP | DHCPS | DOMAIN | EMAIL
EMERGENCY                         	1	Common	Continuum 2026 19.0
ENCODING                          	1	BCCPlus.dll	CHARS |  + | ENDFONT | ENDCHAR | STARTCHAR
ENDCHAR                           	1	BCCPlus.dll	CHARS |  + | ENDFONT
ENDFONT                           	1	BCCPlus.dll	CHARS |  +
ENDPROPERTIES                     	1	BCCPlus.dll	STARTCHAR | ENCODING | SWIDTH | DWIDTH | BBX | BITMAP
EXIFIFDOffset                     	1	BCCPlus.dll	MatrixWorldToScreen | MatrixWorldToCamera | Copyright | RichTIFFIPTC | Photoshop
EXTRUSION                         	1	3DObjects	External File
Eacute                            	1	BCCPlus.dll	Acircumflex | Adieresis | Agrave | Aring | Atilde | Ccedilla
Eacutesmall                       	1	BCCPlus.dll	Atildesmall | Adieresissmall | Aringsmall | AEsmall | Ccedillasmall | Egravesmall
Ecircumflex                       	1	BCCPlus.dll	Adieresis | Agrave | Aring | Atilde | Ccedilla | Eacute
Ecircumflexsmall                  	1	BCCPlus.dll	Adieresissmall | Aringsmall | AEsmall | Ccedillasmall | Egravesmall | Eacutesmall
Edge Color Correct                	1	BCCPlus.dll	lightWrapEdge | mixWithOriginal | Light Wrap Spill | lightWrapSpill
Edge Color On Black               	1	BCCPlus.dll	Light Wrap Edge Only | Light Wrap Edge On Black | Edge Color Only
Edge Color Only                   	1	BCCPlus.dll	Garbage Matte | Denoised FG | Light Wrap Edge Only | Light Wrap Edge On Black
Edge Composite                    	1	BCCPlus.dll	
Edge Fade                         	1	BCCPlus.dll	
Edge Flare                        	1	BCCPlus.dll	Occlusion Source | Flare | Occlusion | occlusion
Edge Matte                        	1	BCCPlus.dll	Wrap Only | Wrap On Black | wrapOnBlack
Edge Roughness                    	1	BCCPlus.dll	Save Preset | savePreset | Load Preset | loadPreset | refine | Mask Feather
Edieresis                         	1	BCCPlus.dll	Agrave | Aring | Atilde | Ccedilla | Eacute | Ecircumflex
Edieresissmall                    	1	BCCPlus.dll	Aringsmall | AEsmall | Ccedillasmall | Egravesmall | Eacutesmall | Ecircumflexsmall
Edit                              	1	3DObjects	Tools | File
Edit Segment                      	1	3DObjects	Nudge Point(s) | Create Shape | Add Control Point | AddPoint
EditField                         	1	3DObjects	None Detected | Pref | Type
Effect Scaler                     	1	BCCPlus.dll	
Egrave                            	1	BCCPlus.dll	Aring | Atilde | Ccedilla | Eacute | Ecircumflex | Edieresis
Egravesmall                       	1	BCCPlus.dll	Acircumflexsmall | Atildesmall | Adieresissmall | Aringsmall | AEsmall | Ccedillasmall
Elastic Reality                   	1	3DObjects	.er | .ershape
Element Count                     	1	BCCPlus.dll	
Empty Environment                 	1	Common	/ | c | deque<T> too long
Empty regular expression.         	1	BCCPlus.dll	Regular expression is too  | Unmatched ) or \)
Empty tags are not supported      	1	BCCPlus.dll	cv::XMLParser::parseValue | Directive tags are not all
Empty type name                   	1	BCCPlus.dll	Missing ':' | An empty key | cv::YAMLParser::parseValue | <tag:yaml.org,2002:
Enable                            	1	BCCPlus.dll	height | density | roundness | taper
Enable AE Interpolation           	1	3DObjects	Number of Recent Files | Text Tool Shape | Mouse Interrupts Rendering
Enable All                        	1	BCCPlus.dll	
Enable Autosave                   	1	3DObjects	Show Brush Outline | Mouse Wheel Zoom | Ask for new Style Name
Enable Deflicker                  	1	3DObjects	Style Display Mode | Use Tooltips | Cache-Memory to disk ratio
Enable Global Motion Blur         	1	3DObjects	Timeline Accelerated Filte | Timeline Shader Track Colo
Enable MMX                        	1	3DObjects	Natural Style Category | Material Style Category | Font Style Category
Enable MP                         	1	3DObjects	Material Style Category | Font Style Category | Enable MMX
Enable Percent Done Control       	1	3DObjects	Host Mode: Adobe UI Mode | Launch BCC Title Studio | Use Percent Done
Enable Secondary Glow             	1	BCCPlus.dll	filmGlowSub | secondaryGlow
Enable Snap to Grid               	1	3DObjects	Ask for new Style Name | Enable Autosave | AutoSave Minutes
Enabled                           	1	BCCPlus.dll	splitScreen | Original | Compare Mode | Host Layer | compareLayer
Encapsulated PostScript           	1	3DObjects	
Encoding                          	1	BCCPlus.dll	StrokeWidth | FontBBox | NDV | CDV | DesignVector | FontMatrix
EncodingScheme                    	1	BCCPlus.dll	CC | CapHeight | CharWidth | CharacterSet | Characters | Descender
Encountered an infinite recursion.	1	BCCPlus.dll	Invalid lookbehind asserti
End of                            	1	Common	dongle | rlmid | Invalid access prior to in
EndAxis                           	1	BCCPlus.dll	CharWidth | CharacterSet | Characters | Descender | EncodingScheme
EndCharMetrics                    	1	BCCPlus.dll	CharacterSet | Characters | Descender | EncodingScheme | EndAxis
EndComposites                     	1	BCCPlus.dll	Characters | Descender | EncodingScheme | EndAxis | EndCharMetrics
EndDirection                      	1	BCCPlus.dll	Descender | EncodingScheme | EndAxis | EndCharMetrics | EndComposites
EndFontMetrics                    	1	BCCPlus.dll	EncodingScheme | EndAxis | EndCharMetrics | EndComposites | EndDirection
EndKernData                       	1	BCCPlus.dll	EndAxis | EndCharMetrics | EndComposites | EndDirection | EndFontMetrics
EndKernPairs                      	1	BCCPlus.dll	EndCharMetrics | EndComposites | EndDirection | EndFontMetrics | EndKernData
EndSetup                          	1	3DObjects	Boris.FX\DefaultSettingsPa | %!PS-Adobe-2. | %!PS-Adobe-3.
EndTrackKern                      	1	BCCPlus.dll	EndComposites | EndDirection | EndFontMetrics | EndKernData | EndKernPairs
Endpoints                         	1	BCCPlus.dll	
English                           	1	3DObjects	</nl> | <cs> | </cs> | Boris Language Pack.ecs | Boris Shader Language Pack
Enhancing                         	1	BCCPlus.dll	?&
Environment Map                   	1	3DObjects	Imported Model | Audio Track | Spline Object | Spline Primitive | Procedural
Erode                             	1	BCCPlus.dll	Adjust Light | adjustLight | Replace Mode | Replace Color | Hybrid | hybrid
Erosion Map                       	1	BCCPlus.dll	
Error - IDManifest size error     	1	BCCPlus.dll	IDManifest decompression (
Error Calling Gasket Plugin       	1	3DObjects	
Error Calling Project Importer Plugin	1	3DObjects	Error Resolving Gasket Plu
Error Resolving Gasket Plugin Instance	1	3DObjects	
Error creating consolidated project folder	1	3DObjects	\* | Boris Blue
Error processing output of %s     	1	Common	
Error reading Gasket plugin filter	1	3DObjects	
Error sending data to %s          	1	Common	end-of-args
Error uncompressing RLE data.     	1	BCCPlus.dll	AC data corrupt. | Unknown AC Compression | DC data corrupt.
Error uncompressing UNKNOWN data. 	1	BCCPlus.dll	Error uncompressing DWA da
Error updating TIFF header        	1	BCCPlus.dll	No space to write array | Error writing data for fie
Error writing Gasket plugin filter	1	3DObjects	Error reading Gasket plugi
Error writing result data         	1	3DObjects	Error reading Motion filte | Error writing Motion filte
EscChar                           	1	BCCPlus.dll	EndDirection | EndFontMetrics | EndKernData | EndKernPairs | EndTrackKern
Escape sequence terminated prematurely.	1	BCCPlus.dll	CCEPT | OMMIT | RUNE | KIP | HEN | punct
Esmall                            	1	BCCPlus.dll	hyphensuperior | Gravesmall | Asmall | Bsmall | Csmall | Dsmall
EstimateStripByteCounts           	1	BCCPlus.dll	TIFFFieldWithName | Tag %d | TIFFReadDirectory | TIFFReadCustomDirectory
Ethsmall                          	1	BCCPlus.dll	Ecircumflexsmall | Edieresissmall | Igravesmall | Iacutesmall | Icircumflexsmall | Idieresissmall
Event                             	1	Common	ParamData:  | %s%s | Info
Every Frame                       	1	BCCPlus.dll	Reference Image | First Frame
Exceeded nested brace limit.      	1	BCCPlus.dll	>>>HERE>>> | '.
ExifVersion                       	1	BCCPlus.dll	SpectralSensitivity | ISOSpeedRatings | OptoelectricConversionFact
Expand                            	1	BCCPlus.dll	
Expand Edge                       	1	BCCPlus.dll	SwishPan | Separation
ExpansionFactor                   	1	BCCPlus.dll	FamilyOtherBlues | StdHW | StdVW | MinFeature | StemSnapH | StemSnapV
Expected a tiled file but the file is not tiled.	1	BCCPlus.dll	Can't build a TiledInputFi
ExpertEncoding                    	1	BCCPlus.dll	postscript-info | StandardEncoding
Export Alpha                      	1	3DObjects	Timeline Button 11b | Timeline Button 12b | Timeline Button 13b | Timeline Button 14b
Export User Marks                 	1	3DObjects	Snap to Grid Sense Y | Use Snap to Guides | Guides are Locked
Export...                         	1	3DObjects	Tools | File | Edit | Composition | Filters | Window
Exposure Compensation             	1	BCCPlus.dll	Preserve Highlights
ExposureBiasValue                 	1	BCCPlus.dll	CompressedBitsPerPixel | ShutterSpeedValue | ApertureValue | BrightnessValue
ExposureIndex                     	1	BCCPlus.dll	FocalPlaneYResolution | FocalPlaneResolutionUnit | SubjectLocation
ExposureMode                      	1	BCCPlus.dll	SensingMethod | FileSource | SceneType | CFAPattern | CustomRendered
ExposureProgram                   	1	BCCPlus.dll	CurrentICCProfile | CurrentPreProfileMatrix | ExposureTime | FNumber
ExposureTime                      	1	BCCPlus.dll	AsShotPreProfileMatrix | CurrentICCProfile | CurrentPreProfileMatrix
Extend Spline                     	1	3DObjects	Insert Control Point | InsertPoint
Extended                          	1	3DObjects	Italic | ExtraBold | Extra Bold | SemiBold | Semi Bold | Bold
ExternalFileWatchFolder           	1	3DObjects	BACK MATERIAL | Top MATERIAL | Bottom MATERIAL | Missing -  | spline | custom
Extra Bold                        	1	3DObjects	DISPLAY | Bold-Italic | Bold Italic | Outline | Italic | ExtraBold
Extra compressed data in IDAT     	1	BCCPlus.dll	Truncated compressed data  | Decompression error in IDA
Extra compression data in IDAT    	1	BCCPlus.dll	Decompression error in IDA | Extra compressed data in I
ExtraBold                         	1	3DObjects	DISPLAY | Bold-Italic | Bold Italic | Outline | Italic
Extract On                        	1	BCCPlus.dll	
Extruded EPS                      	1	3DObjects	MakeBFXWorld: Doubly Check
Extruded Spline                   	1	3DObjects	
Extruded Text                     	1	3DObjects	
Extrusion Style Category          	1	3DObjects	Color Style Category | Gradient Style Category | Text Style Category
Extrusion Style Frame Size        	1	3DObjects	Color Style Frame Size | Gradient Style Frame Size | Text Style Frame Size
Extrusion Style Option            	1	3DObjects	Aspect X | Aspect Y | Timeline Divider Position
ExtrusionHandle                   	1	3DObjects	SplineStyle | TextHandle | GradientStyle | GradientHandle | BrushStyle
Eye Left                          	1	BCCPlus.dll	All Features | Skin | Eyebrow Left | Eyebrow Right
Eye Light                         	1	BCCPlus.dll	hf | K~
Eye Right                         	1	BCCPlus.dll	All Features | Skin | Eyebrow Left | Eyebrow Right | Eye Left
Eyebrow Left                      	1	BCCPlus.dll	All Features | Skin
Eyebrow Right                     	1	BCCPlus.dll	All Features | Skin | Eyebrow Left
F F0F1F.F                         	1	BCCPlus.dll	F F0F,F | @ | H | F F0F,F | @ | H
F-Stop                            	1	BCCPlus.dll	Mist | Frost
F3DS                              	1	3DObjects	Bogus | Front | Back | User | Disabled
FAILED                            	1	BCCPlus.dll	C:\paul\src\opencv\modules | OK
FATAL                             	1	BCCPlus.dll	3333333333333333 | UUUUUUUUUUUUUUUU | := | DEBUG | ERROR
FDArray                           	1	BCCPlus.dll	SubrMapOffset | SDBytes | SubrCount | lenBuildCharArray | ForceBoldThreshold
FDBytes                           	1	BCCPlus.dll	Registry | Ordering | Supplement | UIDBase | XUID | CIDMapOffset
FFFFFFFFFFFFFFFF                  	1	BCCPlus.dll	| """"""""""""""""
FFTRepo                           	1	Common	
FILESAVESETTING                   	1	3DObjects	h
FLR1                              	1	BCCPlus.dll	X Axis | Y Axis
FNumber                           	1	BCCPlus.dll	CurrentICCProfile | CurrentPreProfileMatrix | ExposureTime
FONTBOUNDINGBOX                   	1	BCCPlus.dll	ENDPROPERTIES | %hd | _XFREE86_GLYPH_RANGES | STARTFONT | STARTPROPERTIES
FONTS                             	1	BCCPlus.dll	IMAGES | $(RESOURCES)/lib | LIB | $(RESOURCES)/ML | ML | $(RESOURCES)/fonts
FORM                              	1	BCCPlus.dll	Attempt to access an unini | RIFF
FPFe                              	1	3DObjects	
FRONT MATERIAL                    	1	3DObjects	FRONT/BACK MATERIAL | BEVEL/SIDE MATERIAL | SIDE MATERIAL | BEVEL MATERIAL
FSType                            	1	BCCPlus.dll	FamilyName | ItalicAngle | isFixedPitch | UnderlinePosition | UnderlineThickness
FXEditor                          	1	BCCPlus.dll	Edge Color Correct | edgeColorCorrect | Advanced | advanced
Face Detection ML                 	1	BCCPlus.dll	Face Detection Matte | Face Detection Overlay | faceDetection
Face Detection Matte              	1	BCCPlus.dll	
Face Detection Overlay            	1	BCCPlus.dll	Face Detection Matte
Face ML                           	1	BCCPlus.dll	lchKeyer | Dummy | Dummy2 | Dummy3 | Dummy4 | faceML
Face ML Matte                     	1	BCCPlus.dll	guidedFilter | denoise | Color Matte
Facets                            	1	BCCPlus.dll	aperture
Fade Map                          	1	BCCPlus.dll	Rows | Columns | None/Alpha | Sharp | Scale Multiply | Scale Screen
Failed to allocate %llu bytes     	1	BCCPlus.dll	C:\paul\src\opencv\modules | cv::OutOfMemoryError
Failed to allocate memory for scanline buffers	1	BCCPlus.dll	maximum bytes per scanline
Falloff Radius                    	1	BCCPlus.dll	aspect
FamilyBlues                       	1	BCCPlus.dll	password | BlueScale | BlueShift | BlueFuzz | BlueValues | OtherBlues
FamilyName                        	1	BCCPlus.dll	ISOLatin1Encoding | dup | put | version | Notice | FullName
FamilyOtherBlues                  	1	BCCPlus.dll	BlueScale | BlueShift | BlueFuzz | BlueValues | OtherBlues | FamilyBlues
Fast                              	1	BCCPlus.dll	Small Details | Medium Details | Large Details | Largest Details
Fast Quality                      	1	3DObjects	Display Channels | Host Preview | Snap to Keyframe | Show Mark | Lock Aspect
Fast Resolution                   	1	3DObjects	Host Preview | Snap to Keyframe | Show Mark | Lock Aspect | Fast Quality
Faster                            	1	BCCPlus.dll	Guided Filter | Guide Strength
FaxDcs                            	1	BCCPlus.dll	CleanFaxData | ConsecutiveBadFaxLines | FaxRecvParams | FaxSubAddress | FaxRecvTime
Feather Mask                      	1	BCCPlus.dll	cropULC | cropLRC
Fece Detection ML                 	1	BCCPlus.dll	
Field Double                      	1	BCCPlus.dll	FitInside
FieldOfViewCotangent              	1	BCCPlus.dll	ImageFullWidth | ImageFullLength | TextureFormat | TextureWrapModes
File                              	1	3DObjects	Tools
File contains an invalid tile     	1	BCCPlus.dll	Tried to read a tile outsi
File is not a regular tiled image.	1	BCCPlus.dll	Expected a tiled file but
File is not an image file.        	1	BCCPlus.dll	Cannot find image channel  | chlist | channel name
File output failed.               	1	BCCPlus.dll	requested bytes. |  out of  | Early end of file: read
File pointer overflow during reconstruction	1	BCCPlus.dll	Invalid chunk size | y out of range | chunk index out of range
FileDescription                   	1	Common	\VarFileInfo\Translation | CompanyName | \StringFileInfo\%08lx\%s
FileSource                        	1	BCCPlus.dll	FocalPlaneResolutionUnit | SubjectLocation | ExposureIndex | SensingMethod
FileVersion                       	1	Common	\VarFileInfo\Translation | CompanyName | \StringFileInfo\%08lx\%s | FileDescription
Files must contain at least one header	1	BCCPlus.dll	displayWindow | pixelAspectRatio | Multipart files cannot hav
Fill Height                       	1	BCCPlus.dll	@ | outputView | comparison | _fitEnum |  Fit | Fill Width
Fill Light                        	1	BCCPlus.dll	White-point | Black-point | Auto-Equalize | Recovery
Fill Width                        	1	BCCPlus.dll	@ | @ | outputView | comparison | _fitEnum |  Fit
FillBuffer                        	1	Common	CopyAlpha | CopyOffsetBuffer | PremultiplyBuffer | StraightenBuffer
Film Glow                         	1	BCCPlus.dll	Polar Warp | polarWarp | filter | Global Transform | dve | dveV2
Film Glow Dissolve                	1	BCCPlus.dll	Blur Dissolve | Composite Dissolve
Film Glow Sub                     	1	BCCPlus.dll	Extras | extras
Film Grunge                       	1	BCCPlus.dll	After Outgoing | After Incoming | After Both
Film Process                      	1	3DObjects	Polar Displacement | Vector Displacement | DeGrain | Match Grain
Film Response                     	1	BCCPlus.dll	Diffusion Matte | bwGroup
Film Roll                         	1	BCCPlus.dll	Linear Wipe | Texture Wipe | Swish Glow | Swish Prism | Swish Warp
Filter                            	1	BCCPlus.dll	Orange
FilterPrefsOptionsMap             	1	Common	
FilteredColorBuffer               	1	3DObjects	offsetWpos | applymix | mixback | ColorBuffer | BackColorBuffer
Filters                           	1	3DObjects	Tools | File | Edit | Composition
Final Key                         	1	BCCPlus.dll	outputMenu | Primatte Studio
FindNextComponent                 	1	3DObjects	NativeEventToMacEvent | MCSetMovie | SetMovieDisplayClipRgn
Fine                              	1	BCCPlus.dll	Coarse
Fine Tuning                       	1	BCCPlus.dll	CLICK TO AUTO ANALYZE | Auto Analyze | autoAnalyze
Finishing...                      	1	3DObjects	Initializing render settin | Initializing user preferen
First Frame                       	1	BCCPlus.dll	Reference Image
Fit Inside                        	1	BCCPlus.dll	Triangle | Quadratic | Cubic | Catmull-Rom | Mitchell | Sinc
Fit Method                        	1	BCCPlus.dll	37 | Resize | p1
Fit Outside                       	1	BCCPlus.dll	Quadratic | Cubic | Catmull-Rom | Mitchell | Sinc | Fit Inside
FitOutside                        	1	BCCPlus.dll	
Fixed                             	1	BCCPlus.dll	
Flag                              	1	BCCPlus.dll	
Flash                             	1	BCCPlus.dll	MaxApertureValue | SubjectDistance | MeteringMode | LightSource
Flash Blend                       	1	BCCPlus.dll	Bleach Contrast | Cross Process Amount | Cross Process Type | flash
Flash Color                       	1	BCCPlus.dll	midtones | master | Cyan/Magenta
FlashEnergy                       	1	BCCPlus.dll	FlashpixVersion | PixelXDimension | PixelYDimension | RelatedSoundFile
FlashpixVersion                   	1	BCCPlus.dll	MakerNote | UserComment | SubSecTime | SubSecTimeOriginal | SubSecTimeDigitized
FlatShape eBuildRS3dScene entering	1	3DObjects	CubeShape eBuildRS3dScene  | CubeShape eBuildRS3dScene
FlatShape eBuildRS3dScene leaving 	1	3DObjects	CubeShape eBuildRS3dScene  | FlatShape eBuildRS3dScene
Flatness                          	1	BCCPlus.dll	Flicker Type | flickerType | Flicker Style | flickerStyle | Time Symmetry | timeSymmetry
Flicker Affects Map               	1	BCCPlus.dll	Polygon Side Count | polygonSide | amt | srctype | Blurred RGB | edgeBlurOn
Flicker Smoothness                	1	BCCPlus.dll	coherence | flickerAmount | flickerSpeed
Flicker Style                     	1	BCCPlus.dll	greenAmount | blueAmount | Flicker Type | flickerType
Flicker Type                      	1	BCCPlus.dll	redAmount | greenAmount | blueAmount
Flip X+Y                          	1	BCCPlus.dll	Point Radius | Flip X | Flip Y
FloatArg                          	1	3DObjects	updateCallback | PointerArg | BoolArg
Flow Morph ML                     	1	BCCPlus.dll	sampleMode | Animation Tuning | Percent Blend | OSC Enabled
Flutter Cut                       	1	BCCPlus.dll	Film Roll | bccunitstylize,bccunitsupe | bccunitfilmstyle,bccunitlf
FocalLength                       	1	BCCPlus.dll	MaxApertureValue | SubjectDistance | MeteringMode | LightSource | Flash
FocalLengthIn35mmFilm             	1	BCCPlus.dll	CFAPattern | CustomRendered | ExposureMode | WhiteBalance | DigitalZoomRatio
FocalPlaneResolutionUnit          	1	BCCPlus.dll	SpatialFrequencyResponse | FocalPlaneXResolution | FocalPlaneYResolution
FocalPlaneXResolution             	1	BCCPlus.dll	PixelYDimension | RelatedSoundFile | FlashEnergy | SpatialFrequencyResponse
FocalPlaneYResolution             	1	BCCPlus.dll	FlashEnergy | SpatialFrequencyResponse | FocalPlaneXResolution
Focus Map                         	1	BCCPlus.dll	zmap | Iris | Map Layer Orig | Z Map
Fogbow                            	1	BCCPlus.dll	q? | z| | Corona
Font Style Category               	1	3DObjects	Brush Style Category | Natural Style Category | Material Style Category
Font Style Frame Size             	1	3DObjects	Natural Style Frame Size | Brush Style Frame Size | Material Style Frame Size
FontBBox                          	1	BCCPlus.dll	ForceBold | FontName | PaintType | FontType | StrokeWidth
FontDirectory                     	1	BCCPlus.dll	BlendAxisTypes | WeightVector | BuildCharArray | eexec | closefile
FontMatrix                        	1	BCCPlus.dll	FontType | StrokeWidth | FontBBox | NDV | CDV | DesignVector
FontName                          	1	BCCPlus.dll	MinFeature | StemSnapH | StemSnapV | ExpansionFactor | ForceBold
FontType                          	1	BCCPlus.dll	StemSnapV | ExpansionFactor | ForceBold | FontName | PaintType
Force Adding texture to hw cache  	1	3DObjects	Invalid Soft Error ID. | new texture format manager
Force Check Subscription          	1	Common	Deactivate | Check Subscription
ForceBold                         	1	BCCPlus.dll	StdHW | StdVW | MinFeature | StemSnapH | StemSnapV | ExpansionFactor
ForceBoldThreshold                	1	BCCPlus.dll	CIDCount | SubrMapOffset | SDBytes | SubrCount | lenBuildCharArray
ForceRemove                       	1	3DObjects	S | M | D | B | Val
Foreground                        	1	BCCPlus.dll	
Forward                           	1	BCCPlus.dll	N@
Frame                             	1	3DObjects	FrameList | TableType | FrameCount | ParamCount
Frame Fixer ML                    	1	BCCPlus.dll	Repair Duration
Frame Window                      	1	BCCPlus.dll	Frames | frames
FrameCount                        	1	3DObjects	FrameList | TableType
FrameList                         	1	3DObjects	
FrameRangeArg                     	1	3DObjects	%g | PointArg | VectorArg | RectArg
Frames                            	1	BCCPlus.dll	
French                            	1	3DObjects	</key> | <settings> | </settings> | <language> | </language> | Automatic
Frequency Tuning                  	1	BCCPlus.dll	style | Duration (ms) | duration | Offset (ms) | offset | spectrum
From Midpoint                     	1	BCCPlus.dll	Slice | Front to Back | Back to Front
Front Material                    	1	3DObjects	Material
Front to Back                     	1	BCCPlus.dll	@P@ | Slice
Frost                             	1	BCCPlus.dll	Mist
Fsmall                            	1	BCCPlus.dll	Gravesmall | Asmall | Bsmall | Csmall | Dsmall | Esmall
Full Effect                       	1	BCCPlus.dll	Bright and Dark | Bidirectional | Off | Render Over Effect
FullName                          	1	BCCPlus.dll	ExpertEncoding | ISOLatin1Encoding | dup | put | version | Notice
G G0G1G.G                         	1	BCCPlus.dll	G G(G | @ | G G0G,G | @ | G G0G,G | @
GDBytes                           	1	BCCPlus.dll	Ordering | Supplement | UIDBase | XUID | CIDMapOffset | FDBytes
GImages                           	1	Common	$ | CommonAccess :  |  vs
GLU32.dll                         	1	Common	/ | gluTessEndPolygon | 1 | gluTessProperty | - | gluTessCallback
GPSIFDOffset                      	1	BCCPlus.dll	Copyright | RichTIFFIPTC | Photoshop | EXIFIFDOffset | ICC Profile
GPU Rendering                     	1	BCCPlus.dll	View
GainControl                       	1	BCCPlus.dll	WhiteBalance | DigitalZoomRatio | FocalLengthIn35mmFilm | SceneCaptureType
GammaSaturationBrightnessContrast 	1	Common	TintWarmCool | HighlightMist | ShadowMist | SaturationBrightnessContra
Gang                              	1	BCCPlus.dll	_group_end | _group_start | PF Transition Suite | On | %s %s
Gang Softness                     	1	BCCPlus.dll	Blue Saturation | filterGroup | sharpenGroup | diffusionGroup | vignetteGroup
Gap Fill                          	1	BCCPlus.dll	deadLeds | Dead LED Flicker | randLeds | Dead LED Seed | deadLedSeed
Gap Fill Color                    	1	BCCPlus.dll	randLeds | Dead LED Seed | deadLedSeed | Gap Fill | gapFillType
Garbage Matte                     	1	BCCPlus.dll	Final Key | Matte Status | Holdout Matte
Gasket Convolution Error          	1	3DObjects	Gasket AE_CB_blend Error | AE_CB_convolve -- Plugin f
Gasket Error -- Plugin feature not Supported	1	3DObjects	
Gasket Error disposing handle     	1	3DObjects	Gasket Error locking handl | Gasket Error unlocking han
Gasket Error locking handle       	1	3DObjects	Gasket Error making new ha
Gasket Error unlocking handle     	1	3DObjects	Gasket Error locking handl
Gasket New World Error            	1	3DObjects	Gasket AE_CB_iterate Error
Gasket World Transform Error      	1	3DObjects	Gasket Error in AE_CB_tran
Gbreve                            	1	BCCPlus.dll	approxequal | Delta | nonbreakingspace | lozenge | apple | franc
Gel Invert                        	1	BCCPlus.dll	HSL | Chroma | LCH | Key | Key Invert | Matte Invert
Gels                              	1	BCCPlus.dll	L298 0.15ND | L209 0.3ND | L210 0.6ND | L211 0.9ND | L299 1.2ND
Generate Keyframe Count           	1	3DObjects	Show User Marks in Preview | Show Preview in User Mark
Generate Keyframe Wiggle          	1	3DObjects	Show Preview in User Mark  | Generate Keyframe Count
Generators                        	1	3DObjects	Deformers | Image Processors | Last Shader | More Shaders | Materials
Geometric Primitive files not found	1	3DObjects	position | tangent | biNormal | texUV | Renderer is in an invalid
German                            	1	3DObjects	<settings> | </settings> | <language> | </language> | Automatic | French
GetActiveProcessorCount           	1	3DObjects	
GetMainWnd                        	1	3DObjects	Premiere Plug-In Error
GetMoviesStickyError              	1	3DObjects	GetMediaSampleReference | ClearMoviesStickyError
GetOpenCLCardsInfo                	1	Common	?zaxis@p3f@@SA?AV1@XZ | ?zaxis@p3f@OGL@@SA?AV12@XZ | BCCTextureLoader | Common | CommonSoftLinkError
GetProperties                     	1	3DObjects	SetParameter1f | SetParameter3f | SetBound | SetHostInfo
Glare                             	1	3DObjects	BCC Radial Blur | BCC Spiral Blur | Lens Flare Adv | Lens Flare | Glint
Glint                             	1	3DObjects	BCC Radial Blur | BCC Spiral Blur | Lens Flare Adv | Lens Flare
Glitter                           	1	3DObjects	BCC Spiral Blur | Lens Flare Adv | Lens Flare | Glint | Glare
Global Seed                       	1	BCCPlus.dll	
Global Transform                  	1	BCCPlus.dll	edgeMode | Mirror | mirror | Polar Warp | polarWarp | filter
Glory                             	1	BCCPlus.dll	q? | z| | Corona | Fogbow
Glow All                          	1	BCCPlus.dll	Scanline | Blocky | Glow Lines
Glow Darks                        	1	BCCPlus.dll	
Glow Edges                        	1	BCCPlus.dll	
Glow Lines                        	1	BCCPlus.dll	Scanline | Blocky
Glow Matte                        	1	BCCPlus.dll	
Glow Order                        	1	BCCPlus.dll	Line Noise Type | Line Noise | Line Noise Size X | Line Noise Size Y
Glow Under LED                    	1	BCCPlus.dll	blinkIntensity | Blink Speed | blinkSpeed
Gobo                              	1	BCCPlus.dll	
Gobo Only                         	1	BCCPlus.dll	Gobo
Goto next key                     	1	3DObjects	Delete Key | Write-on | Modes | Raise | Lower | Goto previous key
Goto next rotospline key          	1	3DObjects	Select All | Goto previous rotospline k
Goto previous key                 	1	3DObjects	Previous Key | Delete Key | Write-on | Modes | Raise | Lower
Goto previous rotospline key      	1	3DObjects	Select All
GotoNextRotoKey                   	1	3DObjects	.eps | EPS | SetTime
GotoPrevRotoKey                   	1	3DObjects	GotoNextRotoKey
Grade                             	1	BCCPlus.dll	bccunitcolortone | bccunitcolortone,bccunites
Grade Levels                      	1	BCCPlus.dll	Level Far | Level Near
Gradient Direction                	1	BCCPlus.dll	Scale Mask X | Scale Mask Y | Center on Shape | centerOnShape
Gradient Style Category           	1	3DObjects	Display Scale | Color Style Category
Gradient Style Frame Size         	1	3DObjects	Pixel Aspect Ratio | OGL Super Fast Preview Opt | Color Style Frame Size
GradientHandle                    	1	3DObjects	ColorStyle | NaturalStyle | SplineStyle | TextHandle | GradientStyle
GradientStyle                     	1	3DObjects	Pie-%4.1f | ColorStyle | NaturalStyle | SplineStyle | TextHandle
Grape 1                           	1	BCCPlus.dll	Chocolate 1 | Chocolate 2 | Chocolate 3 | Plum 1 | Plum 2 | Plum 3
Grape 2                           	1	BCCPlus.dll	Chocolate 2 | Chocolate 3 | Plum 1 | Plum 2 | Plum 3 | Grape 1
Grape 3                           	1	BCCPlus.dll	Chocolate 3 | Plum 1 | Plum 2 | Plum 3 | Grape 1 | Grape 2
GraphBackground                   	1	3DObjects	ChartContainer | Legend | Values | %4.1f
GraphicsImportGetImageDescription 	1	3DObjects	GraphicsImportGetAsPicture | FSMakeFSSpec | GraphicsImportGetBoundsRec
Gravesmall                        	1	BCCPlus.dll	ffi | ffl | parenleftinferior | parenrightinferior | Circumflexsmall | hyphensuperior
Gray                              	1	BCCPlus.dll	Tile Map | Green | Blue | Alpha | Luminance | White
Grayscale                         	1	3DObjects	Bitmap
Green 1                           	1	BCCPlus.dll	Red 5 | Yellow 1 | Yellow 2 | Yellow 3 | Yellow 4 | Yellow 5
Green 2                           	1	BCCPlus.dll	Yellow 1 | Yellow 2 | Yellow 3 | Yellow 4 | Yellow 5 | Green 1
Green 3                           	1	BCCPlus.dll	Yellow 2 | Yellow 3 | Yellow 4 | Yellow 5 | Green 1 | Green 2
Green 4                           	1	BCCPlus.dll	Yellow 3 | Yellow 4 | Yellow 5 | Green 1 | Green 2 | Green 3
Green 5                           	1	BCCPlus.dll	Yellow 4 | Yellow 5 | Green 1 | Green 2 | Green 3 | Green 4
Green Channel                     	1	BCCPlus.dll	Red Channel
Green Exposure                    	1	BCCPlus.dll	HB |  B | Input is Linear | Red Exposure
Green Gain                        	1	BCCPlus.dll	blueGain | redBias | greenBias | blueBias | pos | Red Gain
Green Gamma                       	1	BCCPlus.dll	bwGroup | Film Response | frGroup | ccGroup
Green Map                         	1	BCCPlus.dll	Red Map
Green Saturation                  	1	BCCPlus.dll	Green Gamma | Blue Gamma | Master Saturation | Red Saturation
Green Smooth                      	1	BCCPlus.dll	Strips | strips | Red Smooth
Green Softness                    	1	BCCPlus.dll	vignetteGroup | Gang Softness | grainGroup
Grid Pixel spacing                	1	3DObjects	Horizontal Grid Cells | Grid Style
Grid Style                        	1	3DObjects	Best Resolution | Horizontal Grid Cells
Grid Subdivisions                 	1	3DObjects	Grid Style | Grid Pixel spacing
GridAxis                          	1	3DObjects	
GridTicks                         	1	3DObjects	GridAxis
GrungeTexture                     	1	BCCPlus.dll	splotches | Stains | stains
Gsmall                            	1	BCCPlus.dll	Asmall | Bsmall | Csmall | Dsmall | Esmall | Fsmall
Guide                             	1	BCCPlus.dll	Compare Mode Hosted
Guide Far                         	1	BCCPlus.dll	rm | Depth Map | Output Mode | Mapping Mode
Guide Near                        	1	BCCPlus.dll	rm | Depth Map | Output Mode | Mapping Mode | Guide Far
Guide Strength                    	1	BCCPlus.dll	Guided Filter
Guided                            	1	BCCPlus.dll	, max elements:  | , premature evictions:  | Scaled | Min/Max
Guided Filter                     	1	BCCPlus.dll	
Guideline Color                   	1	3DObjects	Grid Style | Grid Pixel spacing | Grid Subdivisions
Guideline Style                   	1	3DObjects	Grid Style | Grid Pixel spacing | Grid Subdivisions | Guideline Color
Guides are Locked                 	1	3DObjects	Snap to Grid Sense X | Snap to Grid Sense Y | Use Snap to Guides
H E Z L O C U S                   	1	BCCPlus.dll	T H E Z O C Q S
H H0H1H.H                         	1	BCCPlus.dll	H H(H | @ | H H0H,H | @ | H H0H,H | @
HDID                              	1	Common	BSS | DHCP | DHCPS | DOMAIN | EMAIL | EMAILD
HELLO GENARTS                     	1	Common	A | zD
HKLM                              	1	BCCPlus.dll	@\ | SOFTWARE\ | SOFTWARE
HOST                              	1	Common	DHCP | DHCPS | DOMAIN | EMAIL | EMAILD | HDID
HSL Hue Tolerance                 	1	BCCPlus.dll	RGB Green Weight | RGB Blue Weight
HSL Light Tolerance               	1	BCCPlus.dll	RGB Blue Weight | HSL Hue Tolerance | HSL Saturation Tolerance
HSL Saturation Tolerance          	1	BCCPlus.dll	RGB Green Weight | RGB Blue Weight | HSL Hue Tolerance
Hair                              	1	BCCPlus.dll	spotLight | Dirt | dirt
Half Circle                       	1	BCCPlus.dll	Bars | Dots | Single Dot | Ellipse | Circle
Half Sine                         	1	BCCPlus.dll	Ripple | Sine | Square | Sawtooth | Semicircle | Uncircle
Halo                              	1	BCCPlus.dll	
Halo Only                         	1	BCCPlus.dll	
Halo Under Source                 	1	BCCPlus.dll	Halo Only | Sun Altitude | altitude
Handshake error with %s           	1	Common	
Hard Light                        	1	BCCPlus.dll	Soft Light
Hardware not Supported            	1	3DObjects	Unable to apply valid pixe | Unable to create gl contex
HardwareTexture.Bind.%d           	1	3DObjects	Created textureID %d | binding %d | NULL pointer
HardwareTexture.LoadPixMap.%d     	1	3DObjects	HardwareTexture::SetPixMap
Harris Shutter                    	1	BCCPlus.dll	jpg,jpeg,png,tif,tiff
Haze                              	1	BCCPlus.dll	
Header name                       	1	BCCPlus.dll	Every header in a multipar |  is not a unique name.
Heart                             	1	3DObjects	Line | Circle | Oval | Arrow | Star | Polygon
Heat Map                          	1	BCCPlus.dll	, premature evictions:  | Scaled | Min/Max | Guided | B-W Matte
Hexadecimal escape sequence was invalid.	1	BCCPlus.dll	Missing } in hexadecimal e
Hide                              	1	3DObjects	[]() | '" | hidden
Hide materials in timeline        	1	3DObjects	Secondary Interpolation | RED Record Button | Text Window Color Ramp
High                              	1	BCCPlus.dll	Low | Medium
Highlight Mode                    	1	BCCPlus.dll	highlight
HighlightMist                     	1	Common	TintWarmCool
Holdout                           	1	BCCPlus.dll	
Holdout Matte                     	1	BCCPlus.dll	Primatte Studio | Final Key | Matte Status
Horiz. Displacement               	1	BCCPlus.dll	channelX
Horizontal Grid Cells             	1	3DObjects	Lock Aspect | Fast Quality | Fast Resolution | Best Quality | Best Resolution
Horizontal Map                    	1	BCCPlus.dll	pyramidBlur | Map Source | sourceMap | Processed Map | processedMap
Horizontal Streaks                	1	BCCPlus.dll	0? | Streaks
Horizontal Strip                  	1	BCCPlus.dll	
Host Application not supported.   	1	3DObjects	
Host Field order                  	1	3DObjects	Cache Rendered Frames | Cache File Type | Spline Freehand Tolerance
Host Path                         	1	3DObjects	Polygon | Heart | Straight | Convex | Concave | Saved Preset
Host Preview                      	1	3DObjects	Show Title Safe | Show Grid | Display Source | Display Channels
Hotspot                           	1	BCCPlus.dll	
Hsmall                            	1	BCCPlus.dll	Bsmall | Csmall | Dsmall | Esmall | Fsmall | Gsmall
HueSatBrtCnt                      	1	Common	
Hungarumlautsmall                 	1	BCCPlus.dll	udieresis | ugrave | yacute | ydieresis | zcaron | exclamsmall
Hybrid                            	1	BCCPlus.dll	Transparency | transparency | Adjust Light | adjustLight | Replace Mode | Replace Color
Hyper Twirl                       	1	BCCPlus.dll	Spectrum 10 | Spectrum 11 | Spectrum 12 | Spectrum 13 | Spectrum 14 | Super Twirl
I I0I1I.I                         	1	BCCPlus.dll	I I0I,I | @ | H | I I0I,I | @ | H
ICC Profile                       	1	BCCPlus.dll	MatrixWorldToCamera | Copyright | RichTIFFIPTC | Photoshop | EXIFIFDOffset
ICC profile too short             	1	BCCPlus.dll	Invalid sRGB rendering int | No profile for iCCP chunk
ID manifest compression failed    	1	BCCPlus.dll	Error - IDManifest size er
IDCT output block size %d not supported	1	BCCPlus.dll	Invalid component ID %d in | DCT coefficient out of ran
IDManifest too small              	1	BCCPlus.dll	Bad common string length i
IDManifest too small for string   	1	BCCPlus.dll	IDManifest too small for s
IDManifest too small for string list size	1	BCCPlus.dll	Internal error: too many s
IEXDEBUGTHROW                     	1	BCCPlus.dll	
IIF mode called with incorrect channel pattern	1	BCCPlus.dll	
IMAGES                            	1	BCCPlus.dll	$( | RESOURCES | $(RESOURCES)/images
INFO                              	1	Common	EMERGENCY | ALERT | CRITICAL | ERROR | WARNING | NOTICE
INFORMATION                       	1	BCCPlus.dll	%x | %02X-%02X-%02X-%02X | %02X-%02X-%02X-%02X,%02X-%
IPADDR                            	1	Common	DHCPS | DOMAIN | EMAIL | EMAILD | HDID | HOST
ISOLatin1Encoding                 	1	BCCPlus.dll	postscript-info | StandardEncoding | ExpertEncoding
ISOSpeedRatings                   	1	BCCPlus.dll	ExposureTime | FNumber | ExposureProgram | SpectralSensitivity
Iacute                            	1	BCCPlus.dll	Atilde | Ccedilla | Eacute | Ecircumflex | Edieresis | Egrave
Iacutesmall                       	1	BCCPlus.dll	Ccedillasmall | Egravesmall | Eacutesmall | Ecircumflexsmall | Edieresissmall | Igravesmall
Ice Halos                         	1	BCCPlus.dll	$(IMAGES)/Ice Halos/
Icircumflex                       	1	BCCPlus.dll	Ccedilla | Eacute | Ecircumflex | Edieresis | Egrave | Iacute
Icircumflexsmall                  	1	BCCPlus.dll	Egravesmall | Eacutesmall | Ecircumflexsmall | Edieresissmall | Igravesmall | Iacutesmall
Idieresis                         	1	BCCPlus.dll	Eacute | Ecircumflex | Edieresis | Egrave | Iacute | Icircumflex
Idieresissmall                    	1	BCCPlus.dll	Eacutesmall | Ecircumflexsmall | Edieresissmall | Igravesmall | Iacutesmall | Icircumflexsmall
Idotaccent                        	1	BCCPlus.dll	nonbreakingspace | lozenge | apple | franc | Gbreve | gbreve
Igrave                            	1	BCCPlus.dll	Ecircumflex | Edieresis | Egrave | Iacute | Icircumflex | Idieresis
Igravesmall                       	1	BCCPlus.dll	AEsmall | Ccedillasmall | Egravesmall | Eacutesmall | Ecircumflexsmall | Edieresissmall
Image Processors                  	1	3DObjects	Last Filter | More Filters | Volume | Deformers
Image attribute name cannot be an empty string.	1	BCCPlus.dll	lineOrder | compression | Invalid display window in
Image channel name cannot be an empty string.	1	BCCPlus.dll	Cannot find frame buffer s
Image format error                	1	Common	enqueueNDRangeKernel  |  ms | OpenCL Profile:  | empty | Invalid query
Image format is not supported     	1	BCCPlus.dll	!src.empty() | ocl::Device::getDefault().
Image not set                     	1	BCCPlus.dll	Position Mode X | positionModeX | Position Mode Y | positionModeY | Text Renderer
ImageFullLength                   	1	BCCPlus.dll	Matteing | DataType | ImageDepth | TileDepth | ImageFullWidth
ImageFullWidth                    	1	BCCPlus.dll	XMLPacket | Matteing | DataType | ImageDepth | TileDepth
ImageToBuffer                     	1	Common	
ImageTranscodeDisposeFrameData    	1	3DObjects	ImageTranscodeSequenceBegi | ImageTranscodeFrame | DecompressImage
ImageTranscodeFrame               	1	3DObjects	SetMovieDisplayClipRgn | FindNextComponent | ImageTranscodeSequenceBegi
ImageTranscodeSequenceBegin       	1	3DObjects	MCSetMovie | SetMovieDisplayClipRgn | FindNextComponent
ImageTranscodeSequenceEnd         	1	3DObjects	ImageTranscodeFrame | DecompressImage | ImageTranscodeDisposeFrame
ImageUniqueID                     	1	BCCPlus.dll	GainControl | DeviceSettingDescription | SubjectDistanceRange
Import Error                      	1	3DObjects	obj | 3ds | c4d
Imported Model                    	1	3DObjects	3D Line Art | Text | Title Container | Sphere* | Precomp | Warp
Improper JPEG component count     	1	BCCPlus.dll	JPEGSetupDecode | Improper JPEG strip/tile s
Improper JPEG data precision      	1	BCCPlus.dll	Improper JPEG component co
Improper JPEG sampling factors    	1	BCCPlus.dll	Decompressor will try read
Incoming                          	1	BCCPlus.dll	DissolveFilmGlowTransition | Outgoing
Incoming & Outgoing               	1	BCCPlus.dll	DissolveFilmGlowTransition | Outgoing | Incoming
Incomplete escape sequence found. 	1	BCCPlus.dll	Incomplete \g escape found
Incomplete property escape found. 	1	BCCPlus.dll	Incomplete \g escape found | Incomplete escape sequence
Incorrect indentation             	1	BCCPlus.dll	cv::YAMLParser::skipSpaces
Incorrect number of arrays        	1	BCCPlus.dll	Input array has NULL data  | cvInitNArrayIterator
Incorrect size for decompressed data. Expected 	1	BCCPlus.dll	: pixel data only contains |  got
Incorrect size for uncompressed data. Expected 	1	BCCPlus.dll	got  | Incorrect size for decompr
Indexed Colour                    	1	3DObjects	Bitmap | Grayscale
Info                              	1	Common	ParamData:  | %s%s
Infrared                          	1	BCCPlus.dll	,k
Initializing OpenCL cache configuration...	1	BCCPlus.dll	cv::ocl::getBuildExtraOpti | C:\paul\src\opencv\modules
Initializing graphics resources...	1	3DObjects	Loading project...
Initializing render settings...   	1	3DObjects	Loading project... | Initializing graphics reso
Initializing user preferences...  	1	3DObjects	Initializing graphics reso | Initializing render settin
Inner Radius                      	1	BCCPlus.dll	Angle Repeats | Angle Speed | CenterXY
Input Blend Mode                  	1	BCCPlus.dll	Flicker Smoothness | flickerSmoothness | Inter-Orb Blend Mode | blendMode
Input file is invalid             	1	BCCPlus.dll	%YAML | <?xml | buf
Input is Linear                   	1	BCCPlus.dll	HB |  B
Input type mismatch               	1	BCCPlus.dll	
InputFile cannot handle parts of type 	1	BCCPlus.dll	Non-image files must have
Insert Control Point              	1	3DObjects	<.
InsertObjects                     	1	3DObjects	
InsertPoint                       	1	3DObjects	Insert Control Point
Inside Oval                       	1	BCCPlus.dll	Displacement Map | Inside Rectangle | Outside Rectangle
Inside Rectangle                  	1	BCCPlus.dll	4@ | Displacement Map
InstanceSetdown                   	1	3DObjects	SetParameter3f | SetBound | SetHostInfo | GetProperties | InstanceSetup
InstanceSetup                     	1	3DObjects	SetParameter1f | SetParameter3f | SetBound | SetHostInfo | GetProperties
Insufficient available texture memory.	1	3DObjects	Your system's video card d
Insufficient depth resolution to run Blue.	1	3DObjects	Insufficient available tex
Insufficient memory for eXIf chunk data	1	Common	sPLT | sTER | sRGB | tEXt | tIME | zTXt
Insufficient memory for hIST chunk data	1	Common	Insufficient memory for eX | Invalid palette size, hIST
Insufficient memory to process iCCP chunk	1	BCCPlus.dll	Invalid palette length | Invalid palette | Invalid iCCP compression m
Insufficient memory to process iCCP profile	1	BCCPlus.dll	Invalid iCCP compression m | Insufficient memory to pro
Insufficient memory to store text 	1	BCCPlus.dll	Insufficient memory to pro
Insufficient texture memory       	1	Common	Driver Version:     | OpenGL Version:     | Graphics Card:      | Unsupported model
IntArg                            	1	3DObjects	updateCallback | PointerArg | BoolArg | FloatArg
Integer addition overflow.        	1	BCCPlus.dll	Data compression (zlib) fa | Data decompression (zlib)
Integer multiplication overflow.  	1	BCCPlus.dll	Cannot get a TiledInputFil
Integer overflow in %s            	1	BCCPlus.dll	Can not read scanlines fro | wm
Intelligent Assistant             	1	3DObjects	
Intensity Threshold               	1	BCCPlus.dll	vector<bool> too long | Zero | Actual
Inter-Orb Blend Mode              	1	BCCPlus.dll	flickerAmount | flickerSpeed | Flicker Smoothness | flickerSmoothness
InterestXY                        	1	BCCPlus.dll	PositionXY | positionXY | PositionZ
InterestZ                         	1	BCCPlus.dll	PositionXY | positionXY | PositionZ | InterestXY | interestXY
Interlaced                        	1	BCCPlus.dll	uv | Optical Flow ML | mlOpticalFlow
InteroperabilityIFDOffset         	1	BCCPlus.dll	RichTIFFIPTC | Photoshop | EXIFIFDOffset | ICC Profile | GPSIFDOffset | StoNits
Interpolate                       	1	BCCPlus.dll	FitInside | Field Double
Interpolation End Frame           	1	BCCPlus.dll	Interpolation Start Frame
Interpolation Start Frame         	1	BCCPlus.dll	
Invalid                           	1	BCCPlus.dll	Unexpected attribute type. |  characters long. | : it is more than
Invalid Critical Error ID.        	1	3DObjects	CRITICAL ERROR - The hardw
Invalid Error ID                  	1	3DObjects	Unable to create gl contex | Hardware not Supported
Invalid Error ID.                 	1	3DObjects	OpenGL use is not recommen
Invalid FFT input or output format	1	BCCPlus.dll	-D IS_1D |  -D NO_CONJUGATE |  -D EVEN | cv::determineFFTType
Invalid IHDR length               	1	BCCPlus.dll	Missing IHDR before IDAT | Missing PLTE before IDAT | Too many IDATs found
Invalid Soft Error ID.            	1	3DObjects	OpenGL use is not recommen | Invalid Error ID.
Invalid YCbCr subsampling         	1	BCCPlus.dll	wm | Integer overflow in %s | TIFFNumberOfStrips
Invalid access prior to initialization.	1	Common	dongle | rlmid
Invalid attribute                 	1	BCCPlus.dll	Closing tag should not con
Invalid background palette index  	1	BCCPlus.dll	Can't write tRNS with an a
Invalid bit depth for RGB image   	1	BCCPlus.dll	keyword "@1": bad characte | Invalid bit depth for gray
Invalid bit depth for RGBA image  	1	BCCPlus.dll	Invalid bit depth for gray
Invalid bit depth for grayscale image	1	BCCPlus.dll	keyword truncated | keyword "@1": bad characte
Invalid bit depth for grayscale+alpha image	1	BCCPlus.dll	Invalid bit depth for RGB  | Invalid bit depth for pale
Invalid bit depth for paletted image	1	BCCPlus.dll	Invalid bit depth for gray | Invalid bit depth for RGB
Invalid character                 	1	BCCPlus.dll	Too long string or a last  | Tabs are prohibited in YAM
Invalid character in the stream   	1	BCCPlus.dll	ptr[1] == '-' && ptr[2] == | Comments are not allowed h
Invalid character in the symbol entity name	1	BCCPlus.dll	Invalid numeric value in t
Invalid chunk size                	1	BCCPlus.dll	part number out of range | part not tiled | invalid tile coordinates
Invalid collation character.      	1	BCCPlus.dll	Success | No match | Invalid regular expression
Invalid compression type specified	1	BCCPlus.dll	Invalid bit depth for RGBA | Invalid image color type s
Invalid content of repeat range.  	1	BCCPlus.dll	Unmatched quantified repea
Invalid data window in image header.	1	BCCPlus.dll	We can only process versio | chunkCount | preview
Invalid deep tile size            	1	BCCPlus.dll	(string) | Bad initialisation of Tile
Invalid destination sequence header	1	BCCPlus.dll	cvSeqRemoveSlice | start slice index is out o | cvSeqInsertSlice
Invalid dimensions in Preview Image Attribute	1	BCCPlus.dll	
Invalid display window in image header.	1	BCCPlus.dll	screenWindowCenter | screenWindowWidth | lineOrder | compression
Invalid escape character          	1	BCCPlus.dll	'"' - right-quote of strin | '\uXXXX' currently not sup
Invalid filename                  	1	BCCPlus.dll	unnamed | cv::FileStorage::getDefaul
Invalid filter type specified     	1	BCCPlus.dll	Invalid image color type s | Invalid compression type s
Invalid fs.state                  	1	BCCPlus.dll	Incorrect element name %s;
Invalid function ID               	1	BCCPlus.dll	ID >= 0 && ID < (int)(size
Invalid iCCP compression method   	1	BCCPlus.dll	Invalid sCAL height ignore | Invalid palette length | Invalid palette
Invalid image color type specified	1	BCCPlus.dll	Invalid bit depth for gray | Invalid bit depth for RGBA
Invalid index                     	1	BCCPlus.dll	block != seq->first->prev | block != seq->first | cvSeqRemove
Invalid input                     	1	BCCPlus.dll	<!-- | -->
Invalid interlace type specified  	1	BCCPlus.dll	Invalid compression type s | Invalid filter type specif
Invalid level mode in image header.	1	BCCPlus.dll	The width of the tiles exc
Invalid level rounding mode in image header.	1	BCCPlus.dll	Invalid level mode in imag
Invalid line order in image header.	1	BCCPlus.dll	Invalid level rounding mod
Invalid number of colors in palette	1	BCCPlus.dll	Invalid filter type specif | Invalid interlace type spe
Invalid number of histogram entries specified	1	BCCPlus.dll	Ignoring attempt to write
Invalid number of transparent colors specified	1	BCCPlus.dll	sPLT: invalid keyword | Invalid sBIT depth specifi
Invalid numeric value in the string	1	BCCPlus.dll	Closing " is expected | Literal ' or > are not all
Invalid octal escape sequence.    	1	BCCPlus.dll	Escape sequence did not en
Invalid or empty zero width assertion.	1	BCCPlus.dll	DEFINE | Invalid alternation operat
Invalid or unsupported syntax     	1	BCCPlus.dll	--- | The YAML streams must star
Invalid or unterminated escape sequence.	1	BCCPlus.dll	Invalid character class na
Invalid pixel aspect ratio        	1	BCCPlus.dll	dataWindow
Invalid pixel aspect ratio in image header.	1	BCCPlus.dll	pixels. | chunkCount exceeds maximum
Invalid pixel type                	1	BCCPlus.dll	Bad level mode getting chu
Invalid pixel type.               	1	BCCPlus.dll	Unexpected attribute type. |  characters long. | : it is more than  | Invalid
Invalid query                     	1	Common	Invalid thread count! | enqueueNDRangeKernel  |  ms | OpenCL Profile:  | empty
Invalid range end in character class	1	BCCPlus.dll	Unmatched quantified repea | Invalid content of repeat
Invalid regular expression object 	1	BCCPlus.dll	Encountered an infinite re
Invalid regular expression.       	1	BCCPlus.dll	Success | No match
Invalid sBIT depth specified      	1	BCCPlus.dll	iCCP: invalid keyword | sPLT: invalid keyword
Invalid sCAL height ignored       	1	BCCPlus.dll	Memory allocation failed w | Invalid sCAL width ignored
Invalid sCAL width ignored        	1	BCCPlus.dll	Invalid sCAL height | Memory allocation failed w
Invalid sRGB rendering intent specified	1	BCCPlus.dll	Z_OK on Z_FINISH with outp
Invalid scan line                 	1	BCCPlus.dll	requested or missing.
Invalid screen window width in image header.	1	BCCPlus.dll	Invalid pixel aspect ratio
Invalid segment                   	1	Common	P | ' | p | No error
Invalid service owner.            	1	Common	Service already exists.
Invalid size field in header attribute	1	BCCPlus.dll	attribute name | attribute type name
Invalid size field reading idmanifest attribute	1	BCCPlus.dll	idmanifest
Invalid tag input                 	1	BCCPlus.dll	string is too long | Too long string literal
Invalid tile size                 	1	BCCPlus.dll	Bad initialisation of Tile | Invalid deep tile size
Invalid tile size in image header.	1	BCCPlus.dll	Tiled image has no tile de
Invalid time specified for tIME chunk	1	BCCPlus.dll	Can't write sCAL (buffer t | Unrecognized unit type for
Invalid value for parameter       	1	BCCPlus.dll	OpenCVThread-%03d
Invalid value input               	1	BCCPlus.dll	Key is empty | Missing ':' between key an | cv::JSONParser::getBase64R
Invalid version of compressed data block	1	BCCPlus.dll	Error uncompressing DWA da
Invert Illumination               	1	BCCPlus.dll	Orbs | orbs | numOrbs | lightRadius
Invert Monochrome                 	1	BCCPlus.dll	After Outgoing | After Incoming | After Both | Film Grunge
IsBaseFont                        	1	BCCPlus.dll	EndFontMetrics | EndKernData | EndKernPairs | EndTrackKern | EscChar
IsCIDFont                         	1	BCCPlus.dll	EndKernData | EndKernPairs | EndTrackKern | EscChar | IsBaseFont
IsFixedPitch                      	1	BCCPlus.dll	EndKernData | EndKernPairs | EndTrackKern | EscChar | IsBaseFont | IsCIDFont
IsFixedV                          	1	BCCPlus.dll	EndKernPairs | EndTrackKern | EscChar | IsBaseFont | IsCIDFont | IsFixedPitch
Ismall                            	1	BCCPlus.dll	Csmall | Dsmall | Esmall | Fsmall | Gsmall | Hsmall
Italian                           	1	3DObjects	</settings> | <language> | </language> | Automatic | French | German
Italic Font                       	1	BCCPlus.dll	Text | Default Font | Bold Font
Italic font is not loaded         	1	BCCPlus.dll	Bold font is not loaded | italic
ItalicAngle                       	1	BCCPlus.dll	dup | put | version | Notice | FullName | FamilyName
Iterator with mask is not supported	1	BCCPlus.dll	Some of required array poi | Iterator pointer is NULL
J J0J1J.J                         	1	BCCPlus.dll	J J0J,J | @ | H | J J0J,J | @ | H
JITTER                            	1	3DObjects	
JPEG tile height must be multiple of %d	1	BCCPlus.dll	BitsPerSample %d not allow
JPEG tile width must be multiple of %d	1	BCCPlus.dll	BitsPerSample %d not allow | JPEG tile height must be m
JPEGLib                           	1	BCCPlus.dll	JPEGSetupEncode | JPEGPreEncode | JPEGTables
JPEGPreDecode                     	1	BCCPlus.dll	C | D | E | F
JPEGPreEncode                     	1	BCCPlus.dll	E | F | JPEGPreDecode | JPEGSetupEncode
JPEGSetupEncode                   	1	BCCPlus.dll	D | E | F | JPEGPreDecode
JPEGTables                        	1	BCCPlus.dll	JPEGPreDecode | JPEGSetupEncode | JPEGPreEncode
Japanese                          	1	3DObjects	Automatic | French | German | Italian | Spanish | Chinese
Jitter Basic                      	1	3DObjects	DeGrain | Match Grain | Film Process | Velocity Remap | Sequencer
Join                              	1	BCCPlus.dll	Scale Override
Jsmall                            	1	BCCPlus.dll	Dsmall | Esmall | Fsmall | Gsmall | Hsmall | Ismall
Jump Cut Fixer ML                 	1	BCCPlus.dll	
K K0K1K.K                         	1	BCCPlus.dll	H | L | K K0K,K | @ | H | L
Ka %f %f %f %f                    	1	3DObjects	newmtl %s | Ns  | Ns %f | Kd  | Kd %f %f %f %f | Ka
Kelvin                            	1	BCCPlus.dll	Destination Kelvin | Source Kelvin
Kernel                            	1	3DObjects	" | "? | Prem | Vegas
Kerning                           	1	3DObjects	Crop Blend | Chaos | Options | Spill | Pin | Move
Key Color B                       	1	BCCPlus.dll	preserveContrast | Slice Center | Slice Width | Key Color A | colorA
Key Filter Pref                   	1	3DObjects	Use Sticky Tools | Timeline Expanded | Time Filter Pref | Blur Filter Pref
Key Light                         	1	BCCPlus.dll	deadLedSeed | Gap Fill | gapFillType | Gap Fill Color | gapFillColor
Key Out Brighter                  	1	BCCPlus.dll	Linear Color key
Key Out Darker                    	1	BCCPlus.dll	Key Out Brighter
Key Out Dissimilar                	1	BCCPlus.dll	Key Out Brighter | Key Out Darker | Key Out Similar
Key Out Similar                   	1	BCCPlus.dll	Key Out Brighter | Key Out Darker
Key is empty                      	1	BCCPlus.dll	cv::JSONParser::parseKey | Key must start with '"' | Key must end with '"'
KeyFrames.xml                     	1	3DObjects	
Killing XGWorld                   	1	3DObjects	RS3dPixWorld time %d
Korean                            	1	3DObjects	French | German | Italian | Spanish | Chinese | Japanese
Ks %f %f %f %f                    	1	3DObjects	Ns %f | Kd  | Kd %f %f %f %f | Ka  | Ka %f %f %f %f | Ks
Ksmall                            	1	BCCPlus.dll	Esmall | Fsmall | Gsmall | Hsmall | Ismall | Jsmall
L L0L1L.L                         	1	BCCPlus.dll	L L0L,L | @ | H | L L0L,L | @ | H
L002 Rose Pink                    	1	BCCPlus.dll	L793 Vanity Fair | L128 Bright Pink | L328 Follies Pink
L003 Lavender Tint                	1	BCCPlus.dll	CommonFilesDir | `A | `B
L004 Medium Bastard Amber         	1	BCCPlus.dll	L162 Bastard Amber | L152 Pale Gold | L154 Pale Rose | L151 Gold Tint
L007 Pale Yellow                  	1	BCCPlus.dll	L159 No Colour Straw | L226 U.V. | L763 Wheat | L212 L.C.T.Yellow
L008 Dark Salmon                  	1	BCCPlus.dll	L109 Light Salmon | L107 Light Rose | L157 Pink | L193 Rosy Amber
L009 Pale Amber Gold              	1	BCCPlus.dll	L207 Full C.T.O. + .3ND | L232 SC WF Green->Tungsten | L285 3/4 CT Orange
L010 Medium Yellow                	1	BCCPlus.dll	L763 Wheat | L212 L.C.T.Yellow | L007 Pale Yellow | L100 Spring Yellow
L013 Straw Tint                   	1	BCCPlus.dll	L009 Pale Amber Gold | L205 Half C.T.Orange | L442 Half C.T. Straw
L015 Deep Straw                   	1	BCCPlus.dll	L765 Yellow | L764 Sun Colour Straw | L102 Light Amber | L104 Deep Amber
L017 Surprise Peach               	1	BCCPlus.dll	L278 Eighth Plus Green | L230 SC LCT Yellow | L156 Chocolate
L019 Fire                         	1	BCCPlus.dll	L022 Dark Amber | L025 Sunset Red | L166 Pale Red | L781 Terry Red
L020 Medium Amber                 	1	BCCPlus.dll	L204 Full C.T.Orange | L236 H.M.I. (to Tungsten) | L179 Chrome Orange
L021 Gold Amber                   	1	BCCPlus.dll	L237 C.I.D. (to Tungsten) | L134 Golden Amber | L158 Deep Orange
L022 Dark Amber                   	1	BCCPlus.dll	L777 Rust | L778 Millennium Gold | L135 Deep Golden Amber
L024 Scarlet                      	1	BCCPlus.dll	L166 Pale Red | L781 Terry Red | L019 Fire | L164 Flame Red
L025 Sunset Red                   	1	BCCPlus.dll	L778 Millennium Gold | L135 Deep Golden Amber | L022 Dark Amber
L026 Bright Red                   	1	BCCPlus.dll	L164 Flame Red | L024 Scarlet | L182 Light Red | L106 Primary Red
L027 Medium Red                   	1	BCCPlus.dll	L182 Light Red | L106 Primary Red | L026 Bright Red | L029 PLASA Red
L029 PLASA Red                    	1	BCCPlus.dll	L024 Scarlet | L182 Light Red | L106 Primary Red | L026 Bright Red
L035 Light Pink                   	1	BCCPlus.dll	L036 Medium Pink | L110 Middle Rose | L039 Pink Carnation | L247 Minus Green
L036 Medium Pink                  	1	BCCPlus.dll	L328 Follies Pink | L002 Rose Pink | L111 Dark Pink | L192 Flesh Pink
L039 Pink Carnation               	1	BCCPlus.dll	L111 Dark Pink | L192 Flesh Pink | L036 Medium Pink | L110 Middle Rose
L046 Dark Magenta                 	1	BCCPlus.dll	L027 Medium Red | L789 Blood Red | L341 Plum | L127 Smokey Pink
L048 Rose Purple                  	1	BCCPlus.dll	L704 Lily | L052 Light Lavender | L170 Deep Lavender | L345 Fuchsia Pink
L052 Light Lavender               	1	BCCPlus.dll	L003 Lavender Tint | L169 Lilac Tint | L136 Pale Lavender | L704 Lily
L053 Paler Lavender               	1	BCCPlus.dll	L142 Pale Violet | L137 Special Lavender | L702 Special Pale Lavender
L058 Lavender                     	1	BCCPlus.dll	L707 Ultimate Violet | L343 Special Medium Lavend | L180 Dark Lavender
L061 Mist Blue                    	1	BCCPlus.dll	L053 Paler Lavender | L218 Eighth C.T.Blue | L203 Qtr C.T.B.
L063 Pale Blue                    	1	BCCPlus.dll	L203 Qtr C.T.B. | L061 Mist Blue | L202 Half C.T.Blue
L068 Sky Blue                     	1	BCCPlus.dll	L719 Colour Wash Blue | L200 Double C.T.Blue | L132 Medium Blue
L071 Tokyo Blue                   	1	BCCPlus.dll	L120 Deep Blue | L085 Deeper Blue | L198 Palace Blue | L713 J.Winter Blue
L075 Evening Blue                 	1	BCCPlus.dll	L200 Double C.T.Blue | L132 Medium Blue | L068 Sky Blue
L079 Just Blue                    	1	BCCPlus.dll	L132 Medium Blue | L068 Sky Blue | L075 Evening Blue | L197 Alice Blue
L085 Deeper Blue                  	1	BCCPlus.dll	L363 Special Medium Blue | L195 Zenith Blue | L120 Deep Blue
L088 Lime Green                   	1	BCCPlus.dll	L243 Fluorescent 3600K | L122 Fern Green | L738 JAS Green | L121 Green
L089 Moss Green                   	1	BCCPlus.dll	L735 Velvet Green | L090 Dark Yellow Green | L139 Primary Green
L090 Dark Yellow Green            	1	BCCPlus.dll	L322 Soft Green | L325 Mallard Green | L327 Forest Green | L735 Velvet Green
L100 Spring Yellow                	1	BCCPlus.dll	L226 U.V. | L763 Wheat | L212 L.C.T.Yellow | L007 Pale Yellow
L101 Yellow                       	1	BCCPlus.dll	L212 L.C.T.Yellow | L007 Pale Yellow | L100 Spring Yellow | L010 Medium Yellow
L102 Light Amber                  	1	BCCPlus.dll	L010 Medium Yellow | L101 Yellow | L765 Yellow | L764 Sun Colour Straw
L103 Straw                        	1	BCCPlus.dll	L205 Half C.T.Orange | L442 Half C.T. Straw | L013 Straw Tint
L104 Deep Amber                   	1	BCCPlus.dll	L101 Yellow | L765 Yellow | L764 Sun Colour Straw | L102 Light Amber
L105 Orange                       	1	BCCPlus.dll	L179 Chrome Orange | L020 Medium Amber | L776 Nectarine | L147 Apricot
L106 Primary Red                  	1	BCCPlus.dll	L019 Fire | L164 Flame Red | L024 Scarlet | L182 Light Red
L107 Light Rose                   	1	BCCPlus.dll	L108 English Rose | L790 Moroccan Pink | L176 Loving Amber | L109 Light Salmon
L108 English Rose                 	1	BCCPlus.dll	L154 Pale Rose | L151 Gold Tint | L004 Medium Bastard Amber
L109 Light Salmon                 	1	BCCPlus.dll	L108 English Rose | L790 Moroccan Pink | L176 Loving Amber
L110 Middle Rose                  	1	BCCPlus.dll	L002 Rose Pink | L111 Dark Pink | L192 Flesh Pink | L036 Medium Pink
L111 Dark Pink                    	1	BCCPlus.dll	L793 Vanity Fair | L128 Bright Pink | L328 Follies Pink | L002 Rose Pink
L113 Magenta                      	1	BCCPlus.dll	L789 Blood Red | L341 Plum | L127 Smokey Pink | L046 Dark Magenta
L115 Peacock Blue                 	1	BCCPlus.dll	L729 Scuba Blue | L116 Medium Blue-Green | L354 Special Steel Blue
L116 Medium Blue-Green            	1	BCCPlus.dll	L713 J.Winter Blue | L071 Tokyo Blue | L181 Congo Blue | L729 Scuba Blue
L117 Steel Blue                   	1	BCCPlus.dll	L203 Qtr C.T.B. | L061 Mist Blue | L202 Half C.T.Blue | L063 Pale Blue
L118 Light Blue                   	1	BCCPlus.dll	L140 Summer Blue | L172 Lagoon Blue | L724 Ocean Blue | L144 No Colour Blue
L119 Dark Blue                    	1	BCCPlus.dll	L721 Berry Blue | L715 Cabana Blue | L716 Mikkel Blue | L711 Cold Blue
L120 Deep Blue                    	1	BCCPlus.dll	L119 Dark Blue | L363 Special Medium Blue | L195 Zenith Blue
L121 Green                        	1	BCCPlus.dll	L243 Fluorescent 3600K | L122 Fern Green | L738 JAS Green
L122 Fern Green                   	1	BCCPlus.dll	L089 Moss Green | L124 Dark Green | L243 Fluorescent 3600K
L124 Dark Green                   	1	BCCPlus.dll	L090 Dark Yellow Green | L139 Primary Green | L089 Moss Green
L126 Mauve                        	1	BCCPlus.dll	L052 Light Lavender | L170 Deep Lavender | L345 Fuchsia Pink | L048 Rose Purple
L127 Smokey Pink                  	1	BCCPlus.dll	L029 PLASA Red | L027 Medium Red | L789 Blood Red | L341 Plum
L128 Bright Pink                  	1	BCCPlus.dll	L113 Magenta | L148 Bright Rose | L332 Special Rose Pink | L793 Vanity Fair
L131 Marine Blue                  	1	BCCPlus.dll	L116 Medium Blue-Green | L354 Special Steel Blue | L115 Peacock Blue
L132 Medium Blue                  	1	BCCPlus.dll	L366 Cornflower | L719 Colour Wash Blue | L200 Double C.T.Blue
L134 Golden Amber                 	1	BCCPlus.dll	L147 Apricot | L105 Orange | L779 Bastard Pink | L237 C.I.D. (to Tungsten)
L135 Deep Golden Amber            	1	BCCPlus.dll	L158 Deep Orange | L021 Gold Amber | L777 Rust | L778 Millennium Gold
L136 Pale Lavender                	1	BCCPlus.dll	L003 Lavender Tint | L169 Lilac Tint
L137 Special Lavender             	1	BCCPlus.dll	L058 Lavender | L194 Surprise Pink | L344 Violet | L142 Pale Violet
L138 Pale Green                   	1	BCCPlus.dll	L122 Fern Green | L738 JAS Green | L121 Green | L088 Lime Green
L139 Primary Green                	1	BCCPlus.dll	L327 Forest Green | L735 Velvet Green | L090 Dark Yellow Green
L140 Summer Blue                  	1	BCCPlus.dll	L063 Pale Blue | L117 Steel Blue | L725 Old Steel Blue | L353 Lighter Blue
L141 Bright Blue                  	1	BCCPlus.dll	L201 Full C.T.B. | L161 Slate Blue | L165 Daylight Blue
L142 Pale Violet                  	1	BCCPlus.dll	L180 Dark Lavender | L058 Lavender | L194 Surprise Pink | L344 Violet
L143 Pale Navy Blue               	1	BCCPlus.dll	L201 Full C.T.B. | L161 Slate Blue | L165 Daylight Blue | L141 Bright Blue
L144 No Colour Blue               	1	BCCPlus.dll	L353 Lighter Blue | L140 Summer Blue | L172 Lagoon Blue | L724 Ocean Blue
L147 Apricot                      	1	BCCPlus.dll	L179 Chrome Orange | L020 Medium Amber | L776 Nectarine
L148 Bright Rose                  	1	BCCPlus.dll	L341 Plum | L127 Smokey Pink | L046 Dark Magenta | L113 Magenta
L151 Gold Tint                    	1	BCCPlus.dll	L162 Bastard Amber | L152 Pale Gold | L154 Pale Rose
L152 Pale Gold                    	1	BCCPlus.dll	L249 Quarter Minus Green | L279 Eighth Minus Green | L162 Bastard Amber
L153 Pale Salmon                  	1	BCCPlus.dll	L110 Middle Rose | L039 Pink Carnation | L247 Minus Green | L035 Light Pink
L154 Pale Rose                    	1	BCCPlus.dll	L279 Eighth Minus Green | L162 Bastard Amber | L152 Pale Gold
L156 Chocolate                    	1	BCCPlus.dll	L246 Quarter Plus Green | L278 Eighth Plus Green | L230 SC LCT Yellow
L157 Pink                         	1	BCCPlus.dll	L790 Moroccan Pink | L176 Loving Amber | L109 Light Salmon | L107 Light Rose
L158 Deep Orange                  	1	BCCPlus.dll	L105 Orange | L779 Bastard Pink | L237 C.I.D. (to Tungsten) | L134 Golden Amber
L159 No Colour Straw              	1	BCCPlus.dll	L206 Qtr C.T.O. | L223 Eighth C.T.O. | L444 Eighth C.T. Straw
L161 Slate Blue                   	1	BCCPlus.dll	L196 True Blue | L281 Threequarters C.T.B. | L201 Full C.T.B.
L162 Bastard Amber                	1	BCCPlus.dll	L248 Half Minus Green | L249 Quarter Minus Green | L279 Eighth Minus Green
L164 Flame Red                    	1	BCCPlus.dll	L025 Sunset Red | L166 Pale Red | L781 Terry Red | L019 Fire
L165 Daylight Blue                	1	BCCPlus.dll	L281 Threequarters C.T.B. | L201 Full C.T.B. | L161 Slate Blue
L166 Pale Red                     	1	BCCPlus.dll	L135 Deep Golden Amber | L022 Dark Amber | L025 Sunset Red
L169 Lilac Tint                   	1	BCCPlus.dll	`B | L003 Lavender Tint
L170 Deep Lavender                	1	BCCPlus.dll	L169 Lilac Tint | L136 Pale Lavender | L704 Lily | L052 Light Lavender
L172 Lagoon Blue                  	1	BCCPlus.dll	L117 Steel Blue | L725 Old Steel Blue | L353 Lighter Blue | L140 Summer Blue
L174 Dark Steel Blue              	1	BCCPlus.dll	L144 No Colour Blue | L118 Light Blue | L183 Moonlight Blue | L352 Glacier Blue
L176 Loving Amber                 	1	BCCPlus.dll	L004 Medium Bastard Amber | L108 English Rose | L790 Moroccan Pink
L179 Chrome Orange                	1	BCCPlus.dll	L441 Full C.T. Straw | L204 Full C.T.Orange | L236 H.M.I. (to Tungsten)
L180 Dark Lavender                	1	BCCPlus.dll	L797 Deep Purple | L707 Ultimate Violet | L343 Special Medium Lavend
L181 Congo Blue                   	1	BCCPlus.dll	L085 Deeper Blue | L198 Palace Blue | L713 J.Winter Blue | L071 Tokyo Blue
L182 Light Red                    	1	BCCPlus.dll	L166 Pale Red | L781 Terry Red | L019 Fire | L164 Flame Red | L024 Scarlet
L183 Moonlight Blue               	1	BCCPlus.dll	L172 Lagoon Blue | L724 Ocean Blue | L144 No Colour Blue | L118 Light Blue
L192 Flesh Pink                   	1	BCCPlus.dll	L128 Bright Pink | L328 Follies Pink | L002 Rose Pink | L111 Dark Pink
L193 Rosy Amber                   	1	BCCPlus.dll	L176 Loving Amber | L109 Light Salmon | L107 Light Rose | L157 Pink
L194 Surprise Pink                	1	BCCPlus.dll	L343 Special Medium Lavend | L180 Dark Lavender | L058 Lavender
L195 Zenith Blue                  	1	BCCPlus.dll	L711 Cold Blue | L119 Dark Blue | L363 Special Medium Blue
L196 True Blue                    	1	BCCPlus.dll	L183 Moonlight Blue | L352 Glacier Blue | L174 Dark Steel Blue
L197 Alice Blue                   	1	BCCPlus.dll	L200 Double C.T.Blue | L132 Medium Blue | L068 Sky Blue | L075 Evening Blue
L198 Palace Blue                  	1	BCCPlus.dll	L195 Zenith Blue | L120 Deep Blue | L085 Deeper Blue
L200 Double C.T.Blue              	1	BCCPlus.dll	L143 Pale Navy Blue | L366 Cornflower | L719 Colour Wash Blue
L201 Full C.T.B.                  	1	BCCPlus.dll	L174 Dark Steel Blue | L196 True Blue | L281 Threequarters C.T.B.
L202 Half C.T.Blue                	1	BCCPlus.dll	L218 Eighth C.T.Blue | L203 Qtr C.T.B. | L061 Mist Blue
L203 Qtr C.T.B.                   	1	BCCPlus.dll	L702 Special Pale Lavender | L053 Paler Lavender | L218 Eighth C.T.Blue
L204 Full C.T.Orange              	1	BCCPlus.dll	L104 Deep Amber | L015 Deep Straw | L441 Full C.T. Straw
L205 Half C.T.Orange              	1	BCCPlus.dll	L232 SC WF Green->Tungsten | L285 3/4 CT Orange | L009 Pale Amber Gold
L206 Qtr C.T.O.                   	1	BCCPlus.dll	L442 Half C.T. Straw | L013 Straw Tint | L103 Straw | L443 Qtr C.T. Straw
L207 Full C.T.O. + .3ND           	1	BCCPlus.dll	L156 Chocolate | L017 Surprise Peach | L746 Brown | L208 Full C.T.O. + .6ND
L208 Full C.T.O. + .6ND           	1	BCCPlus.dll	L230 SC LCT Yellow | L156 Chocolate | L017 Surprise Peach | L746 Brown
L209 0.3ND                        	1	BCCPlus.dll	L193 Rosy Amber | L008 Dark Salmon | L238 C.S.I. (to Tungsten) | L298 0.15ND
L210 0.6ND                        	1	BCCPlus.dll	L008 Dark Salmon | L238 C.S.I. (to Tungsten) | L298 0.15ND | L209 0.3ND
L211 0.9ND                        	1	BCCPlus.dll	L238 C.S.I. (to Tungsten) | L298 0.15ND | L209 0.3ND | L210 0.6ND
L212 L.C.T.Yellow                 	1	BCCPlus.dll	L444 Eighth C.T. Straw | L159 No Colour Straw | L226 U.V. | L763 Wheat
L213 White Flame Green            	1	BCCPlus.dll	L121 Green | L088 Lime Green | L138 Pale Green | L244 Plus Green
L218 Eighth C.T.Blue              	1	BCCPlus.dll	L137 Special Lavender | L702 Special Pale Lavender | L053 Paler Lavender
L219 Fluorescent Green            	1	BCCPlus.dll	L728 Steel Green | L730 Liberty Green | L242 Fluorescent 4300K
L223 Eighth C.T.O.                	1	BCCPlus.dll	L013 Straw Tint | L103 Straw | L443 Qtr C.T. Straw | L206 Qtr C.T.O.
L226 U.V.                         	1	BCCPlus.dll	L223 Eighth C.T.O. | L444 Eighth C.T. Straw | L159 No Colour Straw
L230 SC LCT Yellow                	1	BCCPlus.dll	L245 Half Plus Green | L246 Quarter Plus Green | L278 Eighth Plus Green
L241 Fluorescent 5700K            	1	BCCPlus.dll	L354 Special Steel Blue | L115 Peacock Blue | L131 Marine Blue
L242 Fluorescent 4300K            	1	BCCPlus.dll	L241 Fluorescent 5700K | L728 Steel Green | L730 Liberty Green
L243 Fluorescent 3600K            	1	BCCPlus.dll	L139 Primary Green | L089 Moss Green | L124 Dark Green
L244 Plus Green                   	1	BCCPlus.dll	L738 JAS Green | L121 Green | L088 Lime Green | L138 Pale Green
L245 Half Plus Green              	1	BCCPlus.dll	L138 Pale Green | L244 Plus Green | L213 White Flame Green
L246 Quarter Plus Green           	1	BCCPlus.dll	L244 Plus Green | L213 White Flame Green | L245 Half Plus Green
L247 Minus Green                  	1	BCCPlus.dll	L192 Flesh Pink | L036 Medium Pink | L110 Middle Rose | L039 Pink Carnation
L248 Half Minus Green             	1	BCCPlus.dll	L039 Pink Carnation | L247 Minus Green | L035 Light Pink | L153 Pale Salmon
L249 Quarter Minus Green          	1	BCCPlus.dll	L035 Light Pink | L153 Pale Salmon | L248 Half Minus Green
L278 Eighth Plus Green            	1	BCCPlus.dll	L213 White Flame Green | L245 Half Plus Green | L246 Quarter Plus Green
L279 Eighth Minus Green           	1	BCCPlus.dll	L153 Pale Salmon | L248 Half Minus Green | L249 Quarter Minus Green
L281 Threequarters C.T.B.         	1	BCCPlus.dll	L352 Glacier Blue | L174 Dark Steel Blue | L196 True Blue
L298 0.15ND                       	1	BCCPlus.dll	L157 Pink | L193 Rosy Amber | L008 Dark Salmon | L238 C.S.I. (to Tungsten)
L299 1.2ND                        	1	BCCPlus.dll	L238 C.S.I. (to Tungsten) | L298 0.15ND | L209 0.3ND | L210 0.6ND | L211 0.9ND
L322 Soft Green                   	1	BCCPlus.dll	L242 Fluorescent 4300K | L219 Fluorescent Green | L323 Jade
L323 Jade                         	1	BCCPlus.dll	L730 Liberty Green | L242 Fluorescent 4300K | L219 Fluorescent Green
L325 Mallard Green                	1	BCCPlus.dll	L219 Fluorescent Green | L323 Jade | L322 Soft Green
L327 Forest Green                 	1	BCCPlus.dll	L219 Fluorescent Green | L323 Jade | L322 Soft Green | L325 Mallard Green
L328 Follies Pink                 	1	BCCPlus.dll	L332 Special Rose Pink | L793 Vanity Fair | L128 Bright Pink
L332 Special Rose Pink            	1	BCCPlus.dll	L127 Smokey Pink | L046 Dark Magenta | L113 Magenta | L148 Bright Rose
L341 Plum                         	1	BCCPlus.dll	L026 Bright Red | L029 PLASA Red | L027 Medium Red | L789 Blood Red
L343 Special Medium Lavender      	1	BCCPlus.dll	L048 Rose Purple | L126 Mauve | L797 Deep Purple | L707 Ultimate Violet
L344 Violet                       	1	BCCPlus.dll	L180 Dark Lavender | L058 Lavender | L194 Surprise Pink
L345 Fuchsia Pink                 	1	BCCPlus.dll	L136 Pale Lavender | L704 Lily | L052 Light Lavender | L170 Deep Lavender
L352 Glacier Blue                 	1	BCCPlus.dll	L724 Ocean Blue | L144 No Colour Blue | L118 Light Blue | L183 Moonlight Blue
L353 Lighter Blue                 	1	BCCPlus.dll	L202 Half C.T.Blue | L063 Pale Blue | L117 Steel Blue | L725 Old Steel Blue
L354 Special Steel Blue           	1	BCCPlus.dll	L181 Congo Blue | L729 Scuba Blue | L116 Medium Blue-Green
L363 Special Medium Blue          	1	BCCPlus.dll	L715 Cabana Blue | L716 Mikkel Blue | L711 Cold Blue | L119 Dark Blue
L366 Cornflower                   	1	BCCPlus.dll	L161 Slate Blue | L165 Daylight Blue | L141 Bright Blue | L143 Pale Navy Blue
L441 Full C.T. Straw              	1	BCCPlus.dll	L102 Light Amber | L104 Deep Amber | L015 Deep Straw
L442 Half C.T. Straw              	1	BCCPlus.dll	L285 3/4 CT Orange | L009 Pale Amber Gold | L205 Half C.T.Orange
L443 Qtr C.T. Straw               	1	BCCPlus.dll	L442 Half C.T. Straw | L013 Straw Tint | L103 Straw
L444 Eighth C.T. Straw            	1	BCCPlus.dll	L103 Straw | L443 Qtr C.T. Straw | L206 Qtr C.T.O. | L223 Eighth C.T.O.
L702 Special Pale Lavender        	1	BCCPlus.dll	L194 Surprise Pink | L344 Violet | L142 Pale Violet | L137 Special Lavender
L704 Lily                         	1	BCCPlus.dll	L003 Lavender Tint | L169 Lilac Tint | L136 Pale Lavender
L707 Ultimate Violet              	1	BCCPlus.dll	L345 Fuchsia Pink | L048 Rose Purple | L126 Mauve | L797 Deep Purple
L711 Cold Blue                    	1	BCCPlus.dll	L079 Just Blue | L721 Berry Blue | L715 Cabana Blue | L716 Mikkel Blue
L713 J.Winter Blue                	1	BCCPlus.dll	L195 Zenith Blue | L120 Deep Blue | L085 Deeper Blue | L198 Palace Blue
L715 Cabana Blue                  	1	BCCPlus.dll	L075 Evening Blue | L197 Alice Blue | L079 Just Blue | L721 Berry Blue
L716 Mikkel Blue                  	1	BCCPlus.dll	L197 Alice Blue | L079 Just Blue | L721 Berry Blue | L715 Cabana Blue
L719 Colour Wash Blue             	1	BCCPlus.dll	L165 Daylight Blue | L141 Bright Blue | L143 Pale Navy Blue | L366 Cornflower
L721 Berry Blue                   	1	BCCPlus.dll	L068 Sky Blue | L075 Evening Blue | L197 Alice Blue | L079 Just Blue
L724 Ocean Blue                   	1	BCCPlus.dll	L725 Old Steel Blue | L353 Lighter Blue | L140 Summer Blue | L172 Lagoon Blue
L725 Old Steel Blue               	1	BCCPlus.dll	L061 Mist Blue | L202 Half C.T.Blue | L063 Pale Blue | L117 Steel Blue
L728 Steel Green                  	1	BCCPlus.dll	L115 Peacock Blue | L131 Marine Blue | L241 Fluorescent 5700K
L729 Scuba Blue                   	1	BCCPlus.dll	L198 Palace Blue | L713 J.Winter Blue | L071 Tokyo Blue | L181 Congo Blue
L730 Liberty Green                	1	BCCPlus.dll	L131 Marine Blue | L241 Fluorescent 5700K | L728 Steel Green
L735 Velvet Green                 	1	BCCPlus.dll	L323 Jade | L322 Soft Green | L325 Mallard Green | L327 Forest Green
L738 JAS Green                    	1	BCCPlus.dll	L124 Dark Green | L243 Fluorescent 3600K | L122 Fern Green
L746 Brown                        	1	BCCPlus.dll	L230 SC LCT Yellow | L156 Chocolate | L017 Surprise Peach
L763 Wheat                        	1	BCCPlus.dll	L444 Eighth C.T. Straw | L159 No Colour Straw | L226 U.V.
L764 Sun Colour Straw             	1	BCCPlus.dll	L100 Spring Yellow | L010 Medium Yellow | L101 Yellow | L765 Yellow
L765 Yellow                       	1	BCCPlus.dll	L007 Pale Yellow | L100 Spring Yellow | L010 Medium Yellow | L101 Yellow
L776 Nectarine                    	1	BCCPlus.dll	L236 H.M.I. (to Tungsten) | L179 Chrome Orange | L020 Medium Amber
L777 Rust                         	1	BCCPlus.dll	L134 Golden Amber | L158 Deep Orange | L021 Gold Amber
L778 Millennium Gold              	1	BCCPlus.dll	L134 Golden Amber | L158 Deep Orange | L021 Gold Amber | L777 Rust
L779 Bastard Pink                 	1	BCCPlus.dll	L020 Medium Amber | L776 Nectarine | L147 Apricot | L105 Orange
L781 Terry Red                    	1	BCCPlus.dll	L135 Deep Golden Amber | L022 Dark Amber | L025 Sunset Red | L166 Pale Red
L789 Blood Red                    	1	BCCPlus.dll	L106 Primary Red | L026 Bright Red | L029 PLASA Red | L027 Medium Red
L790 Moroccan Pink                	1	BCCPlus.dll	L151 Gold Tint | L004 Medium Bastard Amber | L108 English Rose
L793 Vanity Fair                  	1	BCCPlus.dll	L046 Dark Magenta | L113 Magenta | L148 Bright Rose | L332 Special Rose Pink
L797 Deep Purple                  	1	BCCPlus.dll	L170 Deep Lavender | L345 Fuchsia Pink | L048 Rose Purple | L126 Mauve
LAB2RGB                           	1	BCCPlus.dll	Composite | RGB2YUV | YUV2RGB | RGB2YCbCr | YCbCr2RGB | RGB2LAB
LANG                              	1	Common	NAMES | OSID | OS | RGSTRY | TZ | CNTRY
LCH Chroma Tolerance              	1	BCCPlus.dll	HSL Saturation Tolerance | HSL Light Tolerance | LCH Hue Tolerance
LCH Hue Tolerance                 	1	BCCPlus.dll	HSL Hue Tolerance | HSL Saturation Tolerance | HSL Light Tolerance
LCH Keyer                         	1	BCCPlus.dll	
LEFT                              	1	BCCPlus.dll	lineSpacing:  | backgroundColor: { | ABSOLUTE | RELATIVE | units:
LETTER TRANSFORMATIONS            	1	3DObjects	
LIBTIFF                           	1	BCCPlus.dll	TIFFOpen | TIFFOpenW | %s Warning
LOCALE                            	1	Common	DOMAIN | EMAIL | EMAILD | HDID | HOST | IPADDR
LZWPreDecode                      	1	BCCPlus.dll	@ |  LZWSetupDecode | LZWSetupEncode | No space for LZW state blo
LZWSetupEncode                    	1	BCCPlus.dll	@ | @ |  LZWSetupDecode
Lab Colour                        	1	3DObjects	RGB Colour | CMYK Colour | <invalid> | Multichannel | Duotone
LanguageGroup                     	1	BCCPlus.dll	isFixedPitch | UnderlinePosition | UnderlineThickness | FSType | UniqueID | lenIV
Large Details                     	1	BCCPlus.dll	Smallest Details | Small Details | Medium Details
Largest Details                   	1	BCCPlus.dll	Smallest Details | Small Details | Medium Details | Large Details
Last Filter                       	1	3DObjects	
Last Shader                       	1	3DObjects	Last Filter | More Filters | Volume | Deformers | Image Processors
Launch BCC Title Studio           	1	3DObjects	- Version:  | Host Mode: Adobe Render En | Host Mode: Adobe UI Mode
LaunchLicenseTool - non-blocking launch	1	Common	LaunchLicenseTool - out:  | LaunchLicenseTool checksub
Layer %d                          	1	3DObjects	
Layer Deformer                    	1	3DObjects	
Layer Scale XY                    	1	BCCPlus.dll	
Left Material                     	1	3DObjects	Material | Front Material | Back Material
Left to Right                     	1	BCCPlus.dll	Mocha Spline | AE Host Mask | Circular | Strip | Top to Bottom | Bottom to Top
Left-to-right                     	1	BCCPlus.dll	Absolute Value | Solid | Gradient | Top-to-bottom | Bottom-to-top
Legend                            	1	3DObjects	ChartContainer
LegendBackground                  	1	3DObjects	TempTrack | `@
Lens Flare Adv                    	1	3DObjects	BCC Steel Plate | BCC Super Blend | BCC Radial Blur | BCC Spiral Blur
Lens Flare Dissolve               	1	BCCPlus.dll	Directional Blur Dissolve | Smear Blur Dissolve | Prism Dissolve
LensBlurBoostGamma                	1	Common	LensBlurGamma
LensBlurGamma                     	1	Common	
LensInfo                          	1	BCCPlus.dll	BaselineSharpness | BayerGreenSplit | LinearResponseLimit | CameraSerialNumber
Level                             	1	BCCPlus.dll	Fog | fog | fogOpacity | fogScale | fogContrast | fogColor
Level Far                         	1	BCCPlus.dll	
Level Near                        	1	BCCPlus.dll	Level Far
License Plate Detection ML        	1	BCCPlus.dll	
License Plate ML                  	1	BCCPlus.dll	overlay | mosaic | gel | composite | compositeColor | licensePlateML
License Plate Matte               	1	BCCPlus.dll	
License Plate Overlay             	1	BCCPlus.dll	License Plate Matte
License Tool - Unknown Error      	1	Common	LaunchLicenseTool - non-bl
Light Brightness                  	1	BCCPlus.dll	
Light Filter Pref                 	1	3DObjects	Key Filter Pref | Color Filter Pref | Particle Filter Pref
Light Leaks Dissolve              	1	BCCPlus.dll	Spin Blur Dissolve | Rack Focus Dissolve | Camera Shake Dissolve
Light Matte                       	1	BCCPlus.dll	K=
Light Spread                      	1	BCCPlus.dll	Light Brightness
Light Wrap Edge On Black          	1	BCCPlus.dll	Holdout Matte | Garbage Matte | Denoised FG | Light Wrap Edge Only
Light Wrap Edge Only              	1	BCCPlus.dll	Final Key | Matte Status | Holdout Matte | Garbage Matte | Denoised FG
Light Wrap Spill On Black         	1	BCCPlus.dll	Spill Map Alpha | Spill Map Grayscale | Light Wrap Spill Only
Light Wrap Spill Only             	1	BCCPlus.dll	Spill Map Color + Alpha | Spill Map Alpha | Spill Map Grayscale
LightSource                       	1	BCCPlus.dll	ExposureBiasValue | MaxApertureValue | SubjectDistance | MeteringMode
Lighter Color                     	1	BCCPlus.dll	Pin Light | Color Burn | Linear Burn | Darker Color | Color Dodge | Linear Dodge
Limit Low Motion                  	1	BCCPlus.dll	direction | Max Displace | maxDisplace | Clamp Displace | clampDisplace
Limit Max Motion                  	1	BCCPlus.dll	shutterTime | Shutter Bias | shutterBias | Adaptive Quality | adaptiveQuality
Limit Range                       	1	BCCPlus.dll	Mapping Mode | Guide Far | Guide Near | sm | Temporal Smooth
Line Noise                        	1	BCCPlus.dll	Noise Monochrome | Line Noise Type
Line Noise Size X                 	1	BCCPlus.dll	Noise Monochrome | Line Noise Type | Line Noise
Line Noise Size Y                 	1	BCCPlus.dll	Noise Monochrome | Line Noise Type | Line Noise | Line Noise Size X
Line Noise Type                   	1	BCCPlus.dll	Noise Monochrome
Line Spacing                      	1	BCCPlus.dll	Italic Font | Textbox | textbox | Text Color | Padding | padding
Line-%d                           	1	3DObjects	`@ | LegendBackground | Key | `APoint-%4.1f
Linear                            	1	BCCPlus.dll	Current Value to Min | Min to Current Value | Unused (Immediate)
Linear Add                        	1	BCCPlus.dll	
Linear Burn                       	1	BCCPlus.dll	Soft Light | Hard Light | Vivid Light | Linear Light | Pin Light | Color Burn
Linear Color Key                  	1	BCCPlus.dll	BCC Match Move | bccunitmatchmove | Mosaic Dissolve | Linear Luma Key
Linear Dodge                      	1	BCCPlus.dll	Linear Light | Pin Light | Color Burn | Linear Burn | Darker Color | Color Dodge
Linear Light                      	1	BCCPlus.dll	Soft Light | Hard Light | Vivid Light
Linear Luma Key                   	1	BCCPlus.dll	bccunitstylize | BCC Match Move | bccunitmatchmove | Mosaic Dissolve
Linear Screen                     	1	BCCPlus.dll	Linear Add
Linear Wipe                       	1	BCCPlus.dll	avx,ofx | Swish Pan | Radial Wipe | Vignette Wipe | Rectangular Wipe
LinearResponseLimit               	1	BCCPlus.dll	BaselineExposure | BaselineNoise | BaselineSharpness | BayerGreenSplit
LinearWipe                        	1	BCCPlus.dll	
LinearizationTable                	1	BCCPlus.dll	UniqueCameraModel | LocalizedCameraModel | CFAPlaneColor | CFALayout
Link Glow Intensity               	1	BCCPlus.dll	filmGlowSub | secondaryGlow | Enable Secondary Glow | Secondary Glow
Link to Sampler from Apply Options A	1	BCCPlus.dll	Box Percentage | Max Frequency | Toggle ON/OFF
Lip Bottom                        	1	BCCPlus.dll	Skin | Eyebrow Left | Eyebrow Right | Eye Left | Eye Right | Lip Top
Lip Top                           	1	BCCPlus.dll	All Features | Skin | Eyebrow Left | Eyebrow Right | Eye Left | Eye Right
Live Gradient Update              	1	3DObjects	Cache-Memory to disk ratio | Enable Deflicker | Display MiniTimeline
Load Preset                       	1	BCCPlus.dll	Apply Pixel Chooser | viewMaskMatte | Save Preset | savePreset
Load...                           	1	3DObjects	BCC Gradient | BCC 3D Objects\Extrusion S | BCC 3D Objects\Material St
LoadProceduralCubeMap             	1	3DObjects	Created textureID %d | binding %d | NULL pointer | HardwareTexture.Bind.%d
LoadProceduralMap.Render          	1	3DObjects	binding %d | NULL pointer | HardwareTexture.Bind.%d | LoadProceduralCubeMap
LoadTexture.loaded                	1	3DObjects	HardwareTexture.LoadPixMap | HardwareTexture::SetPixMap
Loading project...                	1	3DObjects	
Localizable                       	1	3DObjects	
LocalizedCameraModel              	1	BCCPlus.dll	InteroperabilityIFDOffset | DNGVersion | DNGBackwardVersion | UniqueCameraModel
Lock Aspect                       	1	3DObjects	Display Channels | Host Preview | Snap to Keyframe | Show Mark
Lock Start Rotation               	1	BCCPlus.dll	reverseDirection | biDirectional
LogL16InitState                   	1	BCCPlus.dll	No space for JPEG state bl | TIFFInitJPEG
LogLuvInitState                   	1	BCCPlus.dll	No space for JPEG state bl | TIFFInitJPEG | LogL16InitState
Logger                            	1	3DObjects	8 | 8 | 8 | MasterDirectory
Loop Play Mode                    	1	3DObjects	Grid Subdivisions | Guideline Color | Guideline Style | Show Render Time
Looper                            	1	3DObjects	DeGrain | Match Grain | Film Process | Velocity Remap | Sequencer | Jitter Basic
Lower                             	1	3DObjects	Next Key | Previous Key | Delete Key | Write-on | Modes | Raise
Lower-Left                        	1	BCCPlus.dll	Upper-Left | ul | Upper-Right | ur | Lower-Right | lr
Lower-Right                       	1	BCCPlus.dll	size | angle | Upper-Left | ul | Upper-Right | ur
Lslash                            	1	BCCPlus.dll	hungarumlaut | ogonek | caron | emdash | AE | ordfeminine
Lslashsmall                       	1	BCCPlus.dll	colonmonetary | onefitted | rupiah | Tildesmall | exclamdownsmall | centoldstyle
Lsmall                            	1	BCCPlus.dll	Fsmall | Gsmall | Hsmall | Ismall | Jsmall | Ksmall
Lucida Grande                     	1	3DObjects	ParamControls | AEParams | &amp; | &quot; | &apos; | &
Luma Boost to White               	1	BCCPlus.dll	
Luma Inverted                     	1	BCCPlus.dll	hf | K~ | Eye Light
M M0M1M.M                         	1	BCCPlus.dll	P | L | M M0M,M | @ | P | L
MANUAL                            	1	BCCPlus.dll	units:  | LEFT | CENTER | RIGHT | alignment:  | AUTO
MATCH                             	1	BCCPlus.dll	
MATERIAL                          	1	3DObjects	
MCDoAction                        	1	3DObjects	AlignWindow | NewMovieController | DisposeMovieController | MCIsPlayerEvent
MCEnableEditing                   	1	3DObjects	MCDoAction | MCSetControllerAttached | MCGetControllerBoundsRect
MCGetControllerBoundsRect         	1	3DObjects	MCIsPlayerEvent | MCDoAction | MCSetControllerAttached
MCIsPlayerEvent                   	1	3DObjects	AlignWindow | NewMovieController | DisposeMovieController
MCPositionController              	1	3DObjects	MCSetControllerAttached | MCGetControllerBoundsRect | MCEnableEditing
MCSetControllerAttached           	1	3DObjects	NewMovieController | DisposeMovieController | MCIsPlayerEvent | MCDoAction
MCSetMovie                        	1	3DObjects	MCEnableEditing | MCPositionController | NativeEventToMacEvent
MDICLIENT                         	1	3DObjects	Memory is Low-UWindowManag
MEP1                              	1	BCCPlus.dll	mochaextractedparamdata
MLPlugin.dll                      	1	BCCPlus.dll	Animation Tuning | Percent Blend | OSC Enabled | Flow Morph ML
MOCHA001                          	1	BCCPlus.dll	Error: FetchMochaPtData er
MOCHZ001                          	1	BCCPlus.dll	Error: FetchMochaPtData er | MOCHA001
Macronsmall                       	1	BCCPlus.dll	Scaronsmall | Zcaronsmall | Dieresissmall | Brevesmall | Caronsmall | Dotaccentsmall
Magenta 1                         	1	BCCPlus.dll	Coral 1/2 | Coral 1 | Coral 2 | Coral 3 | Coral 4 | Coral 5
Magenta 2                         	1	BCCPlus.dll	Coral 1 | Coral 2 | Coral 3 | Coral 4 | Coral 5 | Magenta 1
Magenta 3                         	1	BCCPlus.dll	Coral 2 | Coral 3 | Coral 4 | Coral 5 | Magenta 1 | Magenta 2
Magenta 4                         	1	BCCPlus.dll	Coral 3 | Coral 4 | Coral 5 | Magenta 1 | Magenta 2 | Magenta 3
Magenta 5                         	1	BCCPlus.dll	Coral 4 | Coral 5 | Magenta 1 | Magenta 2 | Magenta 3 | Magenta 4
Make FG Transparent               	1	BCCPlus.dll	Clean BG Noise | Clean FG Noise
MakerNote                         	1	BCCPlus.dll	SubjectDistance | MeteringMode | LightSource | Flash | FocalLength | SubjectArea
MakerNoteSafety                   	1	BCCPlus.dll	ChromaBlurRadius | AntiAliasStrength | ShadowScale | DNGPrivateData
Manual                            	1	BCCPlus.dll	enableHybridRendering | Automatic
Manual Pct Done                   	1	BCCPlus.dll	Matte Refine ML | Auto
Manual Sample BG                  	1	BCCPlus.dll	primattefixcoef | primattesampledata
Manual Sample BG Basic            	1	BCCPlus.dll	primattefixcoef | primattesampledata | Manual Sample BG
Map Layer Orig                    	1	BCCPlus.dll	zmap | Iris
Map Source                        	1	BCCPlus.dll	pyramidBlur
Map Type                          	1	BCCPlus.dll	bokeh | bokehShading | Blur Map
Map element should have a name    	1	BCCPlus.dll	ptr >= fs_data_ptrs[blockI
Mapping Mode                      	1	BCCPlus.dll	rm | Depth Map | Output Mode
MappingScheme                     	1	BCCPlus.dll	IsFixedPitch | IsFixedV | KP | KPH | KPX | KPY
Mask Center                       	1	BCCPlus.dll	Roughness Scale | roughnessScale | Roughness Seed | roughnessSeed
Mask Defocused Pixels             	1	BCCPlus.dll	zmap | Iris | Map Layer Orig | Z Map | Focus Map
Mask Feather                      	1	BCCPlus.dll	viewMaskMatte | Save Preset | savePreset | Load Preset | loadPreset | refine
Mask Grow                         	1	BCCPlus.dll	RGB Straight Source | straightRGB
Mask Name Starts With             	1	BCCPlus.dll	holdout | matteSource | Select Mask
Mask Rotation                     	1	BCCPlus.dll	roughnessScale | Roughness Seed | roughnessSeed | Mask Center
Mask Transparent Pixels           	1	BCCPlus.dll	
Mask and Track Hosted             	1	BCCPlus.dll	Kj | {?
MaskBufferByZ                     	1	Common	CopyInputToFFTChannelBuffe | MultiplyComplexBuffers | CopyFFTPixelBufferToOutput
MaskedAreas                       	1	BCCPlus.dll	RawDataUniqueID | OriginalRawFileName | OriginalRawFileData | ActiveArea
Master Proxy                      	1	BCCPlus.dll	Reference Image | First Frame | Every Frame
Master Saturation                 	1	BCCPlus.dll	frGroup | ccGroup | Green Gamma | Blue Gamma
MasterDirectory                   	1	3DObjects	E | 8 | 8 | 8 | 8
Match                             	1	BCCPlus.dll	deflicker
Match Flare Angle                 	1	BCCPlus.dll	
Match Grain                       	1	3DObjects	Displacement Map | Polar Displacement | Vector Displacement | DeGrain
Match Move                        	1	BCCPlus.dll	Catmull-Rom | Mitchell | Sinc | Fit Inside | Fit Outside
Material Attributes               	1	3DObjects	Missing shader ID %d, repl | ERROR
Material File Load Error          	1	3DObjects	finished obj data read and
Material Preset                   	1	3DObjects	
Material Style Category           	1	3DObjects	Spline Style Category | Brush Style Category | Natural Style Category
Material Style Frame Size         	1	3DObjects	Spline Style Frame Size | Natural Style Frame Size | Brush Style Frame Size
Material Style Option             	1	3DObjects	Aspect X | Aspect Y | Timeline Divider Position | Extrusion Style Option
MaterialHandle                    	1	3DObjects	TextHandle | GradientStyle | GradientHandle | BrushStyle | ExtrusionHandle
Materials                         	1	3DObjects	Volume | Deformers | Image Processors | Last Shader | More Shaders
Math Composite                    	1	BCCPlus.dll	
Matrix operand is an empty matrix.	1	BCCPlus.dll	cv::checkOperandsExist
MatrixWorldToCamera               	1	BCCPlus.dll	TextureFormat | TextureWrapModes | FieldOfViewCotangent | MatrixWorldToScreen
MatrixWorldToScreen               	1	BCCPlus.dll	ImageFullLength | TextureFormat | TextureWrapModes | FieldOfViewCotangent
Matte                             	1	BCCPlus.dll	
Matte Extract                     	1	BCCPlus.dll	Expand | expand | Average
Matte Post Process                	1	BCCPlus.dll	lumaSoftness
Matte Refine ML                   	1	BCCPlus.dll	Not Supported | Matte Refine ML Non Tempor | mlMatteRefineNonTemporal
Matte Refine ML Non Temporal      	1	BCCPlus.dll	Not Supported
Matte Repair                      	1	BCCPlus.dll	
Matte Tools                       	1	BCCPlus.dll	Temporal Smooth | Limit Range | Refine Depth | Far | Mid | Near
Matte+                            	1	BCCPlus.dll	Make FG Transparent | Spill+ | Spill-
Matte-                            	1	BCCPlus.dll	Make FG Transparent | Spill+ | Spill- | Matte+
Max Depth                         	1	BCCPlus.dll	DeFog | Vanishing Point | Min Depth
Max Displace                      	1	BCCPlus.dll	Source Layer | Motion Source | direction
Max Downsampling                  	1	BCCPlus.dll	Face ML Matte | faceMatte | Combined Matte | combinedMatte | Combined Overlay
Max Frequency                     	1	BCCPlus.dll	Sustain | Build Up to Max | Box Percentage
Max Motion                        	1	BCCPlus.dll	Adaptive Quality | adaptiveQuality | Limit Max Motion | limitMotion
Max to 0                          	1	BCCPlus.dll	Subtract from Value | Custom | 0 to Current Value |  Current Value to 0 | 0 to Max
Max to Current Value              	1	BCCPlus.dll	0 to Max | Max to 0 | Min to Max | Max to Min | Current Value to Max
Max to Min                        	1	BCCPlus.dll	0 to Current Value |  Current Value to 0 | 0 to Max | Max to 0 | Min to Max
MaxApertureValue                  	1	BCCPlus.dll	ShutterSpeedValue | ApertureValue | BrightnessValue | ExposureBiasValue
Maximum number of tiles exceeded  	1	BCCPlus.dll	Argument not in valid rang
MediaCore StringSuite             	1	BCCPlus.dll	AEGP Layer Mask Suite | AEGP Utility Suite | PF Utility Suite
Medium Details                    	1	BCCPlus.dll	Max Downsampling | Smallest Details | Small Details
Message too large                 	1	Common	' | p | No error | Invalid segment | Timeout | Retry
MeteringMode                      	1	BCCPlus.dll	BrightnessValue | ExposureBiasValue | MaxApertureValue | SubjectDistance
MetricsSets                       	1	BCCPlus.dll	IsFixedV | KP | KPH | KPX | KPY | MappingScheme
Microsoft                         	1	BCCPlus.dll	*. | ; | All files | *.* | CurrentVersion | Windows
Middle Width                      	1	BCCPlus.dll	\@ | Jk | inside
Midtone                           	1	BCCPlus.dll	midtoneLowLimit | shadowLimit
Midtone High Threshold            	1	BCCPlus.dll	High, Mid, Shadow On | Range Preview | rangePreview | highlightLimit
Midtone Low Threshold             	1	BCCPlus.dll	rangePreview | highlightLimit | Midtone High Threshold | midtoneHighLimit
Min Antialiased Size              	1	3DObjects	Show Masks | Current Tool | Display 4:3 | Text Auto Update
Min Depth                         	1	BCCPlus.dll	DeFog | Vanishing Point
Min to Current Value              	1	BCCPlus.dll	Current Value to Max | Max to Current Value | Current Value to Min
Min to Max                        	1	BCCPlus.dll	Custom | 0 to Current Value |  Current Value to 0 | 0 to Max | Max to 0
MinFeature                        	1	BCCPlus.dll	BlueValues | OtherBlues | FamilyBlues | FamilyOtherBlues | StdHW | StdVW
MingLi43                          	1	BCCPlus.dll	Ming(for ISO10646) | MingLiU | MingMedium | PMingLiU
MingLiU                           	1	BCCPlus.dll	DLC | HuaTianKaiTi? | HuaTianSongTi? | Ming(for ISO10646)
MingMedium                        	1	BCCPlus.dll	HuaTianKaiTi? | HuaTianSongTi? | Ming(for ISO10646) | MingLiU
Mirror Only                       	1	BCCPlus.dll	B<
Mismatched closing tag            	1	BCCPlus.dll	Empty tags are not support | tag_type == CV_XML_OPENING | str | seq
Missing                           	1	3DObjects	Current Style | data | texture | ID | name | file
Missing entry point in Core       	1	3DObjects	CommonSoftLinkError | BFXGetSuite
Missing or empty channel list in header	1	BCCPlus.dll	Compression type in header
MissingRequired                   	1	BCCPlus.dll	Tag %d | TIFFReadDirectory | TIFFReadCustomDirectory | EstimateStripByteCounts
Mist                              	1	BCCPlus.dll	
Mitchell                          	1	BCCPlus.dll	Bilinear | Triangle | Quadratic | Cubic | Catmull-Rom
Miter                             	1	BCCPlus.dll	VignetteWipe
MixBuffers                        	1	Common	AlphaComposite | CompositeOver | CompositeAdd | CompositeAddClip | Composite
Mixed                             	1	BCCPlus.dll	32 | 64 | 128 | 256 | 512 | 1024
Mocha Mask and Track              	1	BCCPlus.dll	colroCorrect
Mocha Mask...                     	1	BCCPlus.dll	1* | Mocha Matte
Mocha Matte                       	1	BCCPlus.dll	Pixel Chooser Hosted | 1*
Mocha Param Track...              	1	BCCPlus.dll	Mocha Mask and Track | Mocha Track | _mocha
Mocha Parameter Track             	1	BCCPlus.dll	Mocha Mask and Track | Mocha Track | _mocha | Mocha Param Track...
Mocha Spline                      	1	BCCPlus.dll	Post-Effect | Pre-Effect | Stacked Composite | Alpha Masked | Rounded Rectangle
Mocha Track                       	1	BCCPlus.dll	Mocha Mask and Track
Modes                             	1	3DObjects	Reverse Contour | Next Key | Previous Key | Delete Key | Write-on
Moonlight                         	1	BCCPlus.dll	
More Filters                      	1	3DObjects	Last Filter
More Shaders                      	1	3DObjects	More Filters | Volume | Deformers | Image Processors | Last Shader
Mosaic Dissolve                   	1	BCCPlus.dll	bccunitstylize | BCC Match Move | bccunitmatchmove
Mosaic Scramble                   	1	BCCPlus.dll	Obscuration Effect | obscuration | blurAmt | Mosaic Size | sizeXY
Mosaic Scramble Seed              	1	BCCPlus.dll	blurAmt | Mosaic Size | sizeXY | Mosaic Scramble | scramble
Mosaic Size                       	1	BCCPlus.dll	Obscuration Effect | obscuration | blurAmt
Motion Blur ML                    	1	BCCPlus.dll	UpRes ML | motionBlur.*
Motion Filter Pref                	1	3DObjects	Light Filter Pref | Noise Filter Pref | Distortion Filter Pref
Motion Source                     	1	BCCPlus.dll	Source Layer
Mouse Interrupts Rendering        	1	3DObjects	Undo Levels | Number of Recent Files | Text Tool Shape
Mouse Wheel Zoom                  	1	3DObjects	Spline Onion Skin Step | Show Onion Skin | Show Brush Outline
Mouth                             	1	BCCPlus.dll	Eyebrow Left | Eyebrow Right | Eye Left | Eye Right | Lip Top | Lip Bottom
MoveObjectsBottom                 	1	3DObjects	MoveObjectsTop
MoveObjectsDown                   	1	3DObjects	MoveObjectsUp
MoveObjectsTop                    	1	3DObjects	MoveObjectsDown
MoveObjectsUp                     	1	3DObjects	
Movie Import Alpha Type           	1	3DObjects	Still Image Import Default | Still Image Import Default
Msmall                            	1	BCCPlus.dll	Gsmall | Hsmall | Ismall | Jsmall | Ksmall | Lsmall
Multi Star                        	1	BCCPlus.dll	
Multi-Star                        	1	BCCPlus.dll	Stars | stars | Spokes | Star Under Source
Multi-Star Dissolve               	1	BCCPlus.dll	Smear Blur Dissolve | Prism Dissolve | Lens Flare Dissolve
Multi-frame                       	1	3DObjects	Gradient | Airbrush | Pencil | Box | Oval | Scissors
Multi-line text literals are not supported	1	BCCPlus.dll	Missing , between the elem | Complex keys are not suppo
MultiBlur                         	1	BCCPlus.dll	
Multichannel                      	1	3DObjects	Bitmap | Grayscale | Indexed Colour | RGB Colour | CMYK Colour | <invalid>
Multipart files cannot have the tiled bit set	1	BCCPlus.dll	displayWindow | pixelAspectRatio
Multiply Alpha                    	1	BCCPlus.dll	Scaled | Min/Max | Guided | B-W Matte | Heat Map | Alpha Channel
MultiplyComplexBuffers            	1	Common	ConvertChannelMapToFloat | CopyInputToFFTPixelBuffer | CopyInputToFFTChannelBuffe
N N0N1N.N                         	1	BCCPlus.dll	N N(N | @ | N N0N,N | @ | N N0N,N | @
N speed                           	1	BCCPlus.dll	Line Noise | Line Noise Size X | Line Noise Size Y | Glow Order | gloworder
NAMES                             	1	Common	EMAILD | HDID | HOST | IPADDR | LOCALE | MAC
ND Brightness                     	1	BCCPlus.dll	
ND Gradient                       	1	BCCPlus.dll	bccunitgradstints | bccunitgradstints,bccunite | Dual Gradient
NDRange conversion dimensions error	1	Common	clCreateImage2D | clCreateFromGLTexture2D | clCreateImage3D | clCreateFromGLTexture3D | clCreateSampler
NEON                              	1	BCCPlus.dll	AVX512VNNI | AVX512BITALG | AVX512VPOPCNTDQ | AVX5124VNNIW | AVX5124FMAPS
NETAPI32.DLL                      	1	BCCPlus.dll	writeKey | overwriteKey | decrementKey | activateAlgo | query | hardLimit
NOISE                             	1	3DObjects	generating convolution mat
NOT IMPLEMENTED                   	1	3DObjects	Missing -  | spline | custom | ExternalFileWatchFolder | Select File...
NOTICE                            	1	Common	Continuum 2026 19.0 | EMERGENCY | ALERT | CRITICAL | ERROR | WARNING
NSPOPTS                           	1	BCCPlus.dll	INFORMATION | software\SafeNet Sentinel\
NTFS                              	1	3DObjects	%c:\ | FAT
NTSC                              	1	3DObjects	Y, X, Z | Y: | X: | A: | B: | PAL
NULL or empty filename            	1	BCCPlus.dll	base64 | cv::FileStorage::Impl::ope
NULL pointer                      	1	3DObjects	exceeding texture bound du | Created textureID %d | binding %d
NULL pointer to array or destination header	1	BCCPlus.dll	Pixel order should be used | cvReshapeMatND
NULL structure pointer            	1	BCCPlus.dll	cvRelease | NULL double pointer | Unknown object type | cvClone
NVIDIA                            	1	Common	__kernel __attribute__((re
Name should start with a letter or underscore	1	BCCPlus.dll	Tag should start with '<' | ptr[1] != '-' || ptr[2] != | Unknown tag type
Name your Color                   	1	3DObjects	.clr | Color Styles\
Name your Style                   	1	3DObjects	.clr | Color Styles\ | Name your Color | .ntr | Natural Styles\
Native                            	1	3DObjects	.er | .ershape | Elastic Reality
NativeEventToMacEvent             	1	3DObjects	MCGetControllerBoundsRect | MCEnableEditing | MCPositionController
Natural Style Category            	1	3DObjects	Extrusion Style Category | Spline Style Category | Brush Style Category
Natural Style Frame Size          	1	3DObjects	Text Style Frame Size | Extrusion Style Frame Size | Spline Style Frame Size
NaturalStyle                      	1	3DObjects	Pie-%4.1f%% | Pie-%4.1f | ColorStyle
Near                              	1	BCCPlus.dll	sm | Temporal Smooth | Limit Range | Refine Depth | Far | Mid
Negative                          	1	BCCPlus.dll	
New Project Duration              	1	3DObjects	Spline Trace Tolerance | Spline Trace Threshold | Spline Trace Blur Amt
New dimension sizes are not specified	1	BCCPlus.dll	Non-positive or too large
NewMovieController                	1	3DObjects	ClearMoviesStickyError | GetMoviesStickyError | AlignWindow
Next Key                          	1	3DObjects	Send to Back | Combine Contours | Split Contours | Reverse Contour
Ni %d                             	1	3DObjects	Ka %f %f %f %f | Ks  | Ks %f %f %f %f | d  | d %f | Ni
Night Vision                      	1	BCCPlus.dll	
No CUDA support                   	1	BCCPlus.dll	Memory block has been corr | Assertion failed
No IDATs written into file        	1	BCCPlus.dll	Valid palette required for
No License to checkout            	1	Common	RLMID1 :  | Unable to get hostids | ,  | NODELOCKED (no server) | No RLM Server Used
No Location for Uniform Variable  	1	Common	No Program for Uniform Var
No Program for Uniform Variable   	1	Common	void __cdecl OGL::GLSL::Pr
No RLM Server Used                	1	Common	IP     :  | RLMID1 :  | Unable to get hostids | ,  | NODELOCKED (no server)
No Sprites Found                  	1	BCCPlus.dll	Smoke | smoke
No acceptable OpenCL devices found	1	Common	Rejecting device ' | ' for no image support | Found acceptable OpenCL de
No element name has been given    	1	BCCPlus.dll	cv::operator <<
No error                          	1	Common	P | ' | p
No fonts loaded                   	1	BCCPlus.dll	positionModeY | Text Renderer | Image not set
No license file present           	1	Common	RLM Server Hostname:  | product string:  | key:  | expiration:  | subscription:
No match                          	1	BCCPlus.dll	Success
No message text available for error %d	1	Common	std:unknown | Unknown interop error %d | %s |  [ |  at  | ]
No profile for iCCP chunk         	1	BCCPlus.dll	Z_OK on Z_FINISH with outp | Invalid sRGB rendering int
No reported errors.               	1	3DObjects	Critical Testing:  %s
No resource string for this error 	1	3DObjects	HE | zE | Continuum 2026 Error
No space for JPEG state block     	1	BCCPlus.dll	fractional scanline discar
No space for JPEGTables           	1	BCCPlus.dll	JPEGPreEncode | JPEGTables | JPEGLib
No space for LZW code table       	1	BCCPlus.dll	LZWSetupDecode | LZWSetupEncode | No space for LZW state blo | LZWPreDecode
No space for LZW hash table       	1	BCCPlus.dll	LZWDecodeCompat: Not enoug
No space for LZW state block      	1	BCCPlus.dll	@ | @ |  LZWSetupDecode | LZWSetupEncode
No space for PixarLog state block 	1	BCCPlus.dll	%s: Encoder error: %s
No space for ZIP state block      	1	BCCPlus.dll	ZIPEncode | ZIPPostEncode | ZIPVSetField
No space to write RATIONAL array  	1	BCCPlus.dll	No space to write per-samp | No space to write per-samp
No space to write array           	1	BCCPlus.dll	"%s": Information lost wri
No space to write per-sample shorts	1	BCCPlus.dll	Error writing directory co | Error writing directory co
No space to write per-sample values	1	BCCPlus.dll	Error writing directory co | No space to write per-samp
NoMacAddr                         	1	BCCPlus.dll	WinVerifyTrust | GetAddressByNameA | RNBOSPN | %s%d
NoRemove                          	1	3DObjects	D | B | Val | ForceRemove
NoShareString                     	1	BCCPlus.dll	SPNClient | findFirstUnitEx
Noise Filter Pref                 	1	3DObjects	Color Filter Pref | Particle Filter Pref | Light Filter Pref
Noise Monochrome                  	1	BCCPlus.dll	Line Opacity
Noise Smoothing                   	1	BCCPlus.dll	flickerRandomness | intensityRandomness | noise
NoiseMap                          	1	3DObjects	lowClip | highClip | magnitude | lacunarity | absOn | textureRatio
Noisy Iris                        	1	BCCPlus.dll	Iris | Map Layer Orig | Z Map | Focus Map | Mask Defocused Pixels
Non-continuous nD arrays are not supported	1	BCCPlus.dll	
Non-positive or too large number of dimensions	1	BCCPlus.dll	None of array parameters i
None Detected                     	1	3DObjects	
North                             	1	3DObjects	Frame | Time | Param | param | Name | Value
Not Supported                     	1	BCCPlus.dll	
Not able to acquire AEFX Suite.   	1	3DObjects	
Not enough compressed data        	1	BCCPlus.dll	Potential overflow of save | Insufficient memory for sa
Not supported                     	1	BCCPlus.dll	int __cdecl cv::_InputArra
Not supported escape character    	1	BCCPlus.dll	cv::JSONParser::skipSpaces
Nothing to repeat.                	1	BCCPlus.dll	Escape sequence was neithe
Notice                            	1	BCCPlus.dll	StandardEncoding | ExpertEncoding | ISOLatin1Encoding | dup | put | version
Ns %f                             	1	3DObjects	Couldn't open materials fi | newmtl  | newmtl %s | Ns
Nsmall                            	1	BCCPlus.dll	Hsmall | Ismall | Jsmall | Ksmall | Lsmall | Msmall
Ntilde                            	1	BCCPlus.dll	Edieresis | Egrave | Iacute | Icircumflex | Idieresis | Igrave
Ntildesmall                       	1	BCCPlus.dll	Edieresissmall | Igravesmall | Iacutesmall | Icircumflexsmall | Idieresissmall | Ethsmall
Null comment                      	1	BCCPlus.dll	cv::XMLEmitter::writeComme
Null compare function             	1	BCCPlus.dll	cvSeqSort | Bad input sequence
Null double pointer to graph scanner	1	BCCPlus.dll	Null graph pointer | graph->storage != 0 | cvReleaseGraphScanner
Null element pointer              	1	BCCPlus.dll	cvSeqSort | Bad input sequence | Null compare function | cvSeqSearch
Null graph pointer                	1	BCCPlus.dll	icvSeqElemsClearFlags | icvSeqFindNextElem | cvCreateGraphScanner
Null graph scanner                	1	BCCPlus.dll	Null double pointer to gra | cvNextGraphItem
Null pointer to image             	1	BCCPlus.dll	cvResetImageROI | cvGetImageROI
Null string pointer               	1	BCCPlus.dll	nattr % 2 == 0 | len0 > 0 | cv::XMLEmitter::write
Num triangles %d                  	1	3DObjects	finished loading "%s" | %d triangles are lines | erasing invalid face: %d
Number of Recent Files            	1	3DObjects	Audio Scrubbing-Outgoing | Render Fields as Frames | Undo Levels
NumberOfInks                      	1	BCCPlus.dll	TileLength | TileOffsets | TileByteCounts | SubIFD | InkSet | InkNames
O O0O1O.O                         	1	BCCPlus.dll	O O(O | @ | O O0O,O | @ | O O0O,O | @
OCSP CRL ID                       	1	BCCPlus.dll	ad dvcs | basicOCSPResponse | Basic OCSP Response | Nonce | OCSP Nonce | CrlID
OEsmall                           	1	BCCPlus.dll	Ntildesmall | Ogravesmall | Oacutesmall | Ocircumflexsmall | Otildesmall | Odieresissmall
OGL Render Option                 	1	3DObjects	Brush Style Frame Size | Material Style Frame Size | Font Style Frame Size
OGL Super Fast Preview Option     	1	3DObjects	Display MiniTimeline | Live Gradient Update | Pixel Aspect Ratio
OMMIT                             	1	BCCPlus.dll	A repetition operator cann | AIL | CCEPT
ONETBB                            	1	BCCPlus.dll	
OPENMP                            	1	BCCPlus.dll	ONETBB | TBB
OSC Enabled                       	1	BCCPlus.dll	sampleMode | Animation Tuning | Percent Blend
OSID                              	1	Common	HDID | HOST | IPADDR | LOCALE | MAC | NAMES
Oacute                            	1	BCCPlus.dll	Egrave | Iacute | Icircumflex | Idieresis | Igrave | Ntilde
Oacutesmall                       	1	BCCPlus.dll	Iacutesmall | Icircumflexsmall | Idieresissmall | Ethsmall | Ntildesmall | Ogravesmall
Obey Host Draft Render            	1	3DObjects	Font Style Category | Enable MMX | Enable MP | Use Velocity Engine
ObjectListArg                     	1	3DObjects	, | index | selected | RotoSpline
Oblique                           	1	BCCPlus.dll	SLANT
Obscuration Effect                	1	BCCPlus.dll	licensePlateML | License Plate ML | mlLicensePlateDetection
Occlusion                         	1	BCCPlus.dll	Occlusion Source | Flare
Occlusion Source                  	1	BCCPlus.dll	
Ocircumflex                       	1	BCCPlus.dll	Iacute | Icircumflex | Idieresis | Igrave | Ntilde | Oacute
Ocircumflexsmall                  	1	BCCPlus.dll	Icircumflexsmall | Idieresissmall | Ethsmall | Ntildesmall | Ogravesmall | Oacutesmall
OclRange access error             	1	Common	OclRange index error
OclRange conversion dimensions error	1	Common	OclRange index error | OclRange access error
OclRange index error              	1	Common	
OclRange transpose dimensions error	1	Common	OclRange index error | OclRange access error | OclRange conversion dimens
Oct 21 2019                       	1	BCCPlus.dll	ippIP SSE4.2 (y8) | 2020.0.0 Gold (-)
Octal escape sequence is invalid. 	1	BCCPlus.dll	Invalid octal escape seque
Odieresis                         	1	BCCPlus.dll	Icircumflex | Idieresis | Igrave | Ntilde | Oacute | Ocircumflex
Odieresissmall                    	1	BCCPlus.dll	Ethsmall | Ntildesmall | Ogravesmall | Oacutesmall | Ocircumflexsmall | Otildesmall
Offset End                        	1	BCCPlus.dll	Angle Start | angleStart | Angle End | angleEnd | Offset Start | positionStart
Offset Start                      	1	BCCPlus.dll	scaleEnd | scaleEndXY | Angle Start | angleStart | Angle End | angleEnd
Ogoneksmall                       	1	BCCPlus.dll	Brevesmall | Caronsmall | Dotaccentsmall | Macronsmall | figuredash | hypheninferior
Ograve                            	1	BCCPlus.dll	Idieresis | Igrave | Ntilde | Oacute | Ocircumflex | Odieresis
Ogravesmall                       	1	BCCPlus.dll	Igravesmall | Iacutesmall | Icircumflexsmall | Idieresissmall | Ethsmall | Ntildesmall
OnInitDone                        	1	3DObjects	FILESAVESETTING
OnMouseMove 0x%x                  	1	3DObjects	
OnMouseOver %s                    	1	3DObjects	
One of new dimension sizes is non-positive	1	BCCPlus.dll	Non-continuous nD arrays a
One of the client procedures is NULL pointer.	1	BCCPlus.dll	"%s": Bad mode | %s: Out of memory (TIFF st
One or more matrix operands are empty.	1	BCCPlus.dll	cv::checkOperandsExist | Matrix operand is an empty
One-Sided Plane                   	1	3DObjects	Option Change |  [
Only 1 and 3 channel encoding is supported	1	BCCPlus.dll	lq | Row pointers and types mis
Only compression method 8 is supported by PNG	1	BCCPlus.dll	Only compression windows >
Only continuous nD arrays are supported here	1	BCCPlus.dll	cvReleaseData | cvGetRawData
Opacity Only                      	1	BCCPlus.dll	Host Mask | Use All | Choose Single | Choose by Name | Anything
Opacity and Spill                 	1	BCCPlus.dll	Use All | Choose Single | Choose by Name | Anything | Opacity Only
Open Contour                      	1	3DObjects	Reverse Points | Break Curve | Split Curve | OpenContour | CloseContour
Open Curve                        	1	3DObjects	Open Contour | Close Contour | Smooth Control Points | Cusp Control Points
Open GL is disabled               	1	3DObjects	Copy | .h264 | .h265 | .hevc | Unspecified Critical Error
Open Shortcuts                    	1	3DObjects	
OpenCL                            	1	BCCPlus.dll	
OpenCL                            	1	BCCPlus.dll	cv::ocl::Platform::getDefa
OpenCL Build Failed               	1	Common	OclRange transpose dimensi | OpenCL decryption failure | Building OpenCL Program
OpenCL Context could not be created	1	Common	OpenCLManager::init() unkn
OpenCL cache is disabled          	1	BCCPlus.dll	cv::ocl::OpenCLBinaryCache
OpenCL cache lock is disabled     	1	BCCPlus.dll	
OpenCL decryption failure         	1	Common	OclRange conversion dimens | OclRange transpose dimensi
OpenContour                       	1	3DObjects	Smooth Points | Cusp Points | Reverse Points | Break Curve | Split Curve
OpenGL Hardware Test              	1	3DObjects	EditField | PrefGroup | pref
OpenGL Output                     	1	3DObjects	km | BFX:OpenGL | Destroying fHwnd %0x
OpenGL context failure.           	1	Common	Unknown error. | Internal error: missing fu | Internal error: missing da
OpenGL use is not recommended inside this host.	1	3DObjects	Unified depth buffer shoul
OpenGLDriverName                  	1	Common	SOFTWARE\Microsoft\Windows | %s\%s | Dll
OpenMovieFile                     	1	3DObjects	InitializeQTML | TerminateQTML | EnterMovies | ExitMovies | GetMoviesError
Optical Flow ML                   	1	BCCPlus.dll	uv.* | vec.* | vec | uv
OpticalSize                       	1	BCCPlus.dll	TrueType | multi-masters | metrics-variations | tt-glyf | sfnt
Option Change                     	1	3DObjects	
OptoelectricConversionFactor      	1	BCCPlus.dll	FNumber | ExposureProgram | SpectralSensitivity | ISOSpeedRatings
Orange                            	1	BCCPlus.dll	
Orbs Dissolve                     	1	BCCPlus.dll	Smoke and Fog Dissolve | Atmospheric Glow Dissolve | Smoke Wipe
Orbs Light Source                 	1	BCCPlus.dll	
Ordering                          	1	BCCPlus.dll	CIDFontName | CIDFontVersion | CIDFontType | Registry
Original                          	1	BCCPlus.dll	splitScreen
OriginalRawFileData               	1	BCCPlus.dll	CalibrationIlluminant2 | RawDataUniqueID | OriginalRawFileName
OriginalRawFileName               	1	BCCPlus.dll	CalibrationIlluminant1 | CalibrationIlluminant2 | RawDataUniqueID
Oslash                            	1	BCCPlus.dll	ogonek | caron | emdash | AE | ordfeminine | Lslash
Oslashsmall                       	1	BCCPlus.dll	Ogravesmall | Oacutesmall | Ocircumflexsmall | Otildesmall | Odieresissmall | OEsmall
Osmall                            	1	BCCPlus.dll	Ismall | Jsmall | Ksmall | Lsmall | Msmall | Nsmall
OtherBlues                        	1	BCCPlus.dll	LanguageGroup | password | BlueScale | BlueShift | BlueFuzz | BlueValues
Otilde                            	1	BCCPlus.dll	Igrave | Ntilde | Oacute | Ocircumflex | Odieresis | Ograve
Otildesmall                       	1	BCCPlus.dll	Idieresissmall | Ethsmall | Ntildesmall | Ogravesmall | Oacutesmall | Ocircumflexsmall
Out of Memory                     	1	BCCPlus.dll	internal error: array allo | internal error: array real | Out of memory
Out of memory for colormap copy   	1	BCCPlus.dll	Sorry, can not handle imag | Missing required "Colormap
Out of memory.                    	1	BCCPlus.dll	Invalid content of repeat  | Invalid range end in chara
Outer Radius                      	1	BCCPlus.dll	Angle Repeats | Angle Speed | CenterXY | Inner Radius
Outgoing                          	1	BCCPlus.dll	DissolveFilmGlowTransition
Outgoing Height                   	1	BCCPlus.dll	applyScale | Apply Scale
Outline                           	1	3DObjects	DISPLAY | Bold-Italic | Bold Italic
Output Mode                       	1	BCCPlus.dll	rm | Depth Map
Outside Oval                      	1	BCCPlus.dll	Displacement Map | Inside Rectangle | Outside Rectangle | Inside Oval
Outside Rectangle                 	1	BCCPlus.dll	4@ | Displacement Map | Inside Rectangle
Over Background                   	1	BCCPlus.dll	Wrap Only | Wrap On Black | wrapOnBlack | Edge Matte | edgeMatte
Over Sample                       	1	BCCPlus.dll	match | Sample Layer | sampleInput | sampleOutput
Overexpose Amount                 	1	BCCPlus.dll	Cross Process Amount | Cross Process Type | flash | Flash Blend
Overexpose Blur                   	1	BCCPlus.dll	flash | Flash Blend | Overexpose Amount | Overexpose Intensity
Overexpose Intensity              	1	BCCPlus.dll	Cross Process Type | flash | Flash Blend | Overexpose Amount
Overflow for imageSize            	1	BCCPlus.dll	icvDeleteNode | cvCreateData | Data is already allocated
Override Folders                  	1	3DObjects	8A
Ozone                             	1	BCCPlus.dll	zone6 | zone7 | zone8 | zone9 | zone10 | Zone
P P0P1P.P                         	1	BCCPlus.dll	P P(P | @ | P P0P,P | @ | P P0P,P | @
P2 C2                             	1	AE_16Bit.dll	p2 C2
P2PC2                             	1	AE_16Bit.dll	
P2pmK                             	1	AE_16Bit.dll	.
P4Dq                              	1	BCCPlus.dll	
PF Effect UI Suite                	1	3DObjects	PF Effect Sequence Data Su | Prep for unload - 3DO
PF SdF                            	1	BCCPlus.dll	@ | ~_@ | XD
PIZ compressed data too short     	1	BCCPlus.dll	
PMingLiU                          	1	BCCPlus.dll	HuaTianSongTi? | Ming(for ISO10646) | MingLiU | MingMedium
PNG fixed point integer out of range	1	BCCPlus.dll	`@ | PNG unsigned integer out o
POSTMATCH                         	1	BCCPlus.dll	MATCH | PREMATCH
POT1                              	1	BCCPlus.dll	
PREMATCH                          	1	BCCPlus.dll	MATCH
PRIMITIVES                        	1	3DObjects	AE Mask
PRM Importer API                  	1	3DObjects	Premiere Synthetic Importe
PULSE DEFORMER                    	1	3DObjects	
Pad Color                         	1	BCCPlus.dll	
Padding                           	1	BCCPlus.dll	Default Font | Bold Font | Italic Font | Textbox | textbox | Text Color
PaintType                         	1	BCCPlus.dll	StemSnapH | StemSnapV | ExpansionFactor | ForceBold | FontName
PanTransitionHorz                 	1	Common	
PanTransitionVert                 	1	Common	PanTransitionHorz
Parabola                          	1	BCCPlus.dll	Light Flicker
Parallel                          	1	BCCPlus.dll	
Param                             	1	3DObjects	FrameList | TableType | FrameCount | ParamCount | Frame | Time
ParamControls                     	1	3DObjects	Localizable | Tooltips
ParamCount                        	1	3DObjects	FrameList | TableType | FrameCount
Parameter                         	1	3DObjects	
Parent region exceeds children count. Bailout	1	BCCPlus.dll	C:\paul\src\opencv\modules
Particle Filter Pref              	1	3DObjects	Time Filter Pref | Blur Filter Pref | Key Filter Pref | Color Filter Pref
Particle Systems II               	1	3DObjects	Sequencer | Jitter Basic | Looper | Optical Flow | Stabilizer | Particle World
Particle World                    	1	3DObjects	Velocity Remap | Sequencer | Jitter Basic | Looper | Optical Flow | Stabilizer
Pass                              	1	Common	.y), | .y)) | Fwd | Inv | Rad | B
Pass%dBuffer                      	1	3DObjects	applyToTexture | scaledAdjust | GradientBuffer | OrgColorBuffer
Paste                             	1	3DObjects	Goto previous rotospline k | Goto next rotospline key | .cng | Cut | Copy
PasteObjects                      	1	3DObjects	
Pastel                            	1	BCCPlus.dll	'u | +X | pencil
Peak Hold                         	1	BCCPlus.dll	relative | Dual Axis | dualAxis | invert | amount | peakHold
Pedestal                          	1	BCCPlus.dll	
Pen Tool                          	1	3DObjects	<CtrlPt> | ), | </CtrlPt> | CtrlPt | (%f,%f),(%f,%f),(%f,%f) | PenTool
PenTool                           	1	3DObjects	closed | <CtrlPt> | ), | </CtrlPt> | CtrlPt | (%f,%f),(%f,%f),(%f,%f)
Pencil                            	1	3DObjects	Copy | Paste | Transform | Pen | Gradient | Airbrush
Percent Blend                     	1	BCCPlus.dll	Source Mode | sampleMode | Animation Tuning
Photographic                      	1	BCCPlus.dll	CC05M | CC10M | CC20M | CC30M | CC40M | CC50M
Photoshop                         	1	BCCPlus.dll	MatrixWorldToScreen | MatrixWorldToCamera | Copyright | RichTIFFIPTC
Pie Chart Show Legend             	1	3DObjects	Movie Import Alpha Type | Project Aspect Ratio | Pie Chart Type
Pie Chart Show Numbers            	1	3DObjects	Project Aspect Ratio | Pie Chart Type | Pie Chart Show Legend
Pie Chart Type                    	1	3DObjects	Movie Import Alpha Type | Project Aspect Ratio
Pie-%4.1f                         	1	3DObjects	`APoint-%4.1f | Line-%d | Pie-%4.1f%%
Pie-%4.1f%%                       	1	3DObjects	Key | `APoint-%4.1f | Line-%d
Pin %d                            	1	BCCPlus.dll	Edge Strength
Pin Bottom                        	1	BCCPlus.dll	No Pin | Pin Center | Pin Left | Pin Top | Pin Right
Pin Horiz                         	1	BCCPlus.dll	Pin Center | Pin Left | Pin Top | Pin Right | Pin Bottom
Pin Light                         	1	BCCPlus.dll	Soft Light | Hard Light | Vivid Light | Linear Light
Pin Point1                        	1	BCCPlus.dll	pin2 | Pinning | pinningG | Pin | pin | pinwidth
Pin Point2                        	1	BCCPlus.dll	pinwidth | Pin Point1
Pin Vertical                      	1	BCCPlus.dll	Pin Center | Pin Left | Pin Top | Pin Right | Pin Bottom | Pin Horiz
Pin Warp                          	1	BCCPlus.dll	pin14 | pin15 | pin16 | pin17 | pin18 | pin19
Pink 1                            	1	BCCPlus.dll	Coral 5 | Magenta 1 | Magenta 2 | Magenta 3 | Magenta 4 | Magenta 5
Pink 2                            	1	BCCPlus.dll	Magenta 1 | Magenta 2 | Magenta 3 | Magenta 4 | Magenta 5 | Pink 1
Pink 3                            	1	BCCPlus.dll	Magenta 2 | Magenta 3 | Magenta 4 | Magenta 5 | Pink 1 | Pink 2
Pink 4                            	1	BCCPlus.dll	Magenta 3 | Magenta 4 | Magenta 5 | Pink 1 | Pink 2 | Pink 3
Pink 5                            	1	BCCPlus.dll	Magenta 4 | Magenta 5 | Pink 1 | Pink 2 | Pink 3 | Pink 4
PixarLogDecode                    	1	BCCPlus.dll	PackBitsDecode: Not enough | PixarLogSetupDecode
PixarLogEncode                    	1	BCCPlus.dll	PixarLogSetupDecode | PixarLogDecode | PixarLogSetupEncode
PixarLogPostEncode                	1	BCCPlus.dll	PixarLogSetupDecode | PixarLogDecode | PixarLogSetupEncode | PixarLogEncode
PixarLogSetupDecode               	1	BCCPlus.dll	PackBitsDecode: Not enough
PixarLogSetupEncode               	1	BCCPlus.dll	PixarLogSetupDecode | PixarLogDecode
PixarLogVSetField                 	1	BCCPlus.dll	PixarLogDecode | PixarLogSetupEncode | PixarLogEncode | PixarLogPostEncode
Pixel Aspect Ratio                	1	3DObjects	Enable Deflicker | Display MiniTimeline | Live Gradient Update
Pixel Chooser Filter              	1	BCCPlus.dll	
Pixel Chooser Hosted              	1	BCCPlus.dll	
PixelXDimension                   	1	BCCPlus.dll	SubSecTime | SubSecTimeOriginal | SubSecTimeDigitized | FlashpixVersion
PixelYDimension                   	1	BCCPlus.dll	SubSecTimeOriginal | SubSecTimeDigitized | FlashpixVersion | PixelXDimension
Placeholder                       	1	BCCPlus.dll	Smoke | smoke | No Sprites Found
Please reselect the external file.	1	BCCPlus.dll	
Please select an audio layer      	1	BCCPlus.dll	
Plugin Filter                     	1	3DObjects	Input Layer | BCC
Plum 1                            	1	BCCPlus.dll	Tobacco 1 | Tobacco 2 | Tobacco 3 | Chocolate 1 | Chocolate 2 | Chocolate 3
Plum 2                            	1	BCCPlus.dll	Tobacco 2 | Tobacco 3 | Chocolate 1 | Chocolate 2 | Chocolate 3 | Plum 1
Plum 3                            	1	BCCPlus.dll	Tobacco 3 | Chocolate 1 | Chocolate 2 | Chocolate 3 | Plum 1 | Plum 2
Point Radius                      	1	BCCPlus.dll	Darkest | Max RGB | Min RGB
PointArg                          	1	3DObjects	%g
PointerArg                        	1	3DObjects	updateCallback
Polar Displacement                	1	3DObjects	Displacement Map
Polar Warp                        	1	BCCPlus.dll	shear | cameraZ | edgeMode | Mirror | mirror
Polarizer                         	1	BCCPlus.dll	Sky | sky | warming
Polish                            	1	3DObjects	German | Italian | Spanish | Chinese | Japanese | Korean
Polygon Side Count                	1	BCCPlus.dll	LED | led | Gap | gap | gapXY | ledShapeType
Positioin                         	1	BCCPlus.dll	Mh
Position Mode                     	1	BCCPlus.dll	Corner Radius | cornerRadius | textboxColor | units | alignment
Position Mode X                   	1	BCCPlus.dll	textboxColor | units | alignment | Position Mode | sizeMode
Position Mode Y                   	1	BCCPlus.dll	alignment | Position Mode | sizeMode | Position Mode X | positionModeX
PositionXY                        	1	BCCPlus.dll	
PositionZ                         	1	BCCPlus.dll	PositionXY | positionXY
Post Color Correct                	1	BCCPlus.dll	tuning | Add Smoke/Fog | addSmoke | prism | Prism | postcc
Post Glow                         	1	BCCPlus.dll	o7 | Ambient Light | Pre Glow
Post Transform                    	1	BCCPlus.dll	exr,tif,tiff | Select ST Map | Display Map info | Pre Crop Target
Post-Effect                       	1	BCCPlus.dll	Matte Post Process | View Matte Source
PrMr                              	1	BCCPlus.dll	hostMode | selectMask | name
Pre Composite                     	1	BCCPlus.dll	match | Sample Layer | sampleInput | sampleOutput | Over Sample | overSample
Pre Crop Target                   	1	BCCPlus.dll	ST Map | Use External ST Map | exr,tif,tiff | Select ST Map | Display Map info
Pre Glow                          	1	BCCPlus.dll	o7 | Ambient Light
Pre Transform                     	1	BCCPlus.dll	Upper-Right | ur | Lower-Right | lr | Lower-Left | ll
Pre-Effect                        	1	BCCPlus.dll	Matte Post Process | View Matte Source | Post-Effect
Precise                           	1	BCCPlus.dll	Small Details | Medium Details | Large Details | Largest Details | Fast
Precomp                           	1	3DObjects	3D Container | 3D Line Art | Text | Title Container | Sphere*
Predictor                         	1	BCCPlus.dll	HUF | PredictorSetup | B
PredictorSetup                    	1	BCCPlus.dll	HUF
Pref                              	1	3DObjects	None Detected
PrefGroup                         	1	3DObjects	None Detected | Pref | Type | EditField
Prem                              	1	3DObjects	" | "?
Premature end of regular expression	1	BCCPlus.dll	Invalid preceding regular
Premiere Plug-In Error            	1	3DObjects	
Premiere Synthetic Importer       	1	3DObjects	
Premultiplied                     	1	BCCPlus.dll	
Premultiply Result                	1	BCCPlus.dll	primary | Secondary Matte | secondary | lightWrap
PremultiplyBuffer                 	1	Common	CopyChannelFromPix | CopyChannelToPix | CopyAlpha | CopyOffsetBuffer
Prep for unload - 3DO             	1	3DObjects	PF Effect Sequence Data Su
Preserve Highlights               	1	BCCPlus.dll	
Prev Frame                        	1	BCCPlus.dll	Compare Mode Hosted | Guide
Preview Samples                   	1	BCCPlus.dll	Spill+ | Spill- | Matte+ | Matte- | Detail+ | Detail-
Preview devices                   	1	3DObjects	
Previous Key                      	1	3DObjects	Combine Contours | Split Contours | Reverse Contour | Next Key
Primatte                          	1	BCCPlus.dll	
Primatte Studio                   	1	BCCPlus.dll	outputMenu
Print to Slide                    	1	BCCPlus.dll	
Printer Points                    	1	BCCPlus.dll	,/
Prism                             	1	BCCPlus.dll	tuning | Add Smoke/Fog | addSmoke | prism
Prism Blur                        	1	BCCPlus.dll	MY | *6
Prism Colors                      	1	BCCPlus.dll	Angle End | angleEnd | Offset Start | positionStart | Offset End | positionEnd
Prism Dissolve                    	1	BCCPlus.dll	Channel Blur Dissolve | Directional Blur Dissolve | Smear Blur Dissolve
Prism Shift                       	1	BCCPlus.dll	
Procedural                        	1	3DObjects	Warp | Imported Model | Audio Track | Spline Object | Spline Primitive
ProcessProceduralNode             	1	3DObjects	material shadow | sphereCenter | sphereRadius | materialAlpha
Processed FG                      	1	BCCPlus.dll	Primatte | primatte
Processed Map                     	1	BCCPlus.dll	pyramidBlur | Map Source | sourceMap
ProductSuite                      	1	Common	/ | System\CurrentControlSet\C
Products count                    	1	Common	Product v:  | Products empty - retrying: | productname:  | productname: error: null!
ProgramFiles                      	1	BCCPlus.dll	\.. | /Resources/ | /images/ | wb |  -browser -info
ProgramFilesDir                   	1	BCCPlus.dll	; | All files | *.* | CurrentVersion | Windows | Microsoft
Project Aspect Ratio              	1	3DObjects	Still Image Import Default | Movie Import Alpha Type
Proxy Certificate Information     	1	Common	.\crypto\bn\bn_mont.c | 2 | .\crypto\engine\eng_table. | .\crypto\engine\eng_lib.c
Psmall                            	1	BCCPlus.dll	Jsmall | Ksmall | Lsmall | Msmall | Nsmall | Osmall
Pyramid Blur                      	1	BCCPlus.dll	quality | Blur Radius | blurAlpha | Autoscale to Image Size
Pyramid Smoother                  	1	BCCPlus.dll	30 | 50 | 59.94 | 60 | Box | Pyramid
Q Q0Q1Q.Q                         	1	BCCPlus.dll	Q Q0Q,Q | @ | P | Q Q0Q,Q | @ | P
QTGetGWorldPtr                    	1	3DObjects	Set Movie Time to %d | MoviesTask | Entering QuickTimeFile::Dr
QTGetGWorldPtr %08x               	1	3DObjects	completed SetMovieActive | enabling track %d | tracks enabled | resized dest
Qsmall                            	1	BCCPlus.dll	Ksmall | Lsmall | Msmall | Nsmall | Osmall | Psmall
Quadradic Soft                    	1	BCCPlus.dll	Min to Current Value | Unused (Immediate) | Linear | Quadratic Hard
Quadratic                         	1	BCCPlus.dll	{! | Bilinear | Triangle
Quadratic Hard                    	1	BCCPlus.dll	Current Value to Min | Min to Current Value | Unused (Immediate) | Linear
Quadro                            	1	3DObjects	AddReadAheadFrame %d loade | wglGetExtensionsStringARB
R R0R1R.R                         	1	BCCPlus.dll	R R0R,R | @ | P | R R0R,R | @ | P
READ                              	1	BCCPlus.dll	Channel: shared header is
RED Record Button                 	1	3DObjects	Material Style Option | Default Interpolation | Secondary Interpolation
RED43D Extruded Image Shatter     	1	3DObjects	
RED4Color Choker                  	1	3DObjects	RED4Halftone | RED4Turbulence | BCC4Turbulence
RED4Halftone                      	1	3DObjects	RED43D Extruded Image Shat
RED4Turbulence                    	1	3DObjects	RED43D Extruded Image Shat | RED4Halftone
RED4s3Pixelate                    	1	3DObjects	RED4Turbulence | BCC4Turbulence | RED4Color Choker | BCC4Color Choker
RELATIVE                          	1	BCCPlus.dll	right:  | left:  | padding: { | lineSpacing:  | backgroundColor: { | ABSOLUTE
RGB Blue Weight                   	1	BCCPlus.dll	RGB Green Weight
RGB Colour                        	1	3DObjects	Bitmap | Grayscale | Indexed Colour
RGB Compositing                   	1	BCCPlus.dll	Use Background Alpha | useBackgroundAlpha | Swap Fg & Bg | swapFgBg
RGB Glow                          	1	BCCPlus.dll	Luma Boost to White
RGB Green Weight                  	1	BCCPlus.dll	
RGB Max                           	1	BCCPlus.dll	Luma Boost to White | RGB Glow
RGB Straight Source               	1	BCCPlus.dll	
RGB color                         	1	BCCPlus.dll	floating point predictor  | min-is-white | min-is-black
RGB2LAB                           	1	BCCPlus.dll	Composite | RGB2YUV | YUV2RGB | RGB2YCbCr | YCbCr2RGB
RGBA                              	1	BCCPlus.dll	Color Burn | Linear Burn | Darker Color | Color Dodge | Linear Dodge | Lighter Color
RGSTRY                            	1	Common	IPADDR | LOCALE | MAC | NAMES | OSID | OS
RIFF                              	1	BCCPlus.dll	Attempt to access an unini
RIGHT                             	1	BCCPlus.dll	backgroundColor: { | ABSOLUTE | RELATIVE | units:  | LEFT | CENTER
RIPPLE DEFORMER                   	1	3DObjects	
RLE data corrupted                	1	BCCPlus.dll	Unknown AC Compression | DC data corrupt. | Error uncompressing RLE da
RLM v                             	1	Common	Products count  | Products empty:  | --------- RLM Details ----
RS3dPixWorld time %d              	1	3DObjects	
RS3dPostProcessImage              	1	3DObjects	- 3D Render |  - 2D Composite |  - Unshared |  - Shared | diffusetexture
RUNE                              	1	BCCPlus.dll	AIL | CCEPT | OMMIT
Rack Focus                        	1	BCCPlus.dll	
Rack Focus Dissolve               	1	BCCPlus.dll	Rays Dissolve | Crash Zoom Dissolve | Cross Zoom Dissolve | Spin Blur Dissolve
Radial Amount                     	1	BCCPlus.dll	K$ | Radial Blur
Radial Blur                       	1	BCCPlus.dll	K$
Radial Displacement               	1	BCCPlus.dll	Radial Map | radialMap | Angular Map | angulaMap
Radial Grad                       	1	BCCPlus.dll	Tint Mode | #ffff37 | #ff7a37 | #ff87ff | Color %d
Radial Map                        	1	BCCPlus.dll	
Radial Reference Level            	1	BCCPlus.dll	Angular Map | angulaMap | Radial Displacement
Radial Wipe                       	1	BCCPlus.dll	BCC Warp | bccunitwarp | Video Glitch Dissolve | avx,ofx | Swish Pan
RadialWipe                        	1	BCCPlus.dll	border1 | Clip Edge | Border 2 | border2 | Border 3 | border3
Radius Offset                     	1	BCCPlus.dll	Angle Repeats | Angle Speed | CenterXY | Inner Radius | Outer Radius
Radius Offset Speed               	1	BCCPlus.dll	Angle Repeats | Angle Speed | CenterXY | Inner Radius | Outer Radius | Radius Offset
Rainbow                           	1	BCCPlus.dll	Rainbow Only
Rainbow Only                      	1	BCCPlus.dll	
Rainbow Under Source              	1	BCCPlus.dll	Rainbow Only | Rainbow | rainbow
Raise                             	1	3DObjects	Reverse Contour | Next Key | Previous Key | Delete Key | Write-on | Modes
Ramp Gamma                        	1	BCCPlus.dll	inside | Middle Width | middle | outside
Ramp Scale                        	1	BCCPlus.dll	Total Scale
Random Spikes                     	1	BCCPlus.dll	
Randomize Roughness               	1	BCCPlus.dll	stroke | Roughness Size
RawDataUniqueID                   	1	BCCPlus.dll	MakerNoteSafety | CalibrationIlluminant1 | CalibrationIlluminant2
Rays Dissolve                     	1	BCCPlus.dll	Smear Blur Dissolve | Prism Dissolve | Lens Flare Dissolve | Multi-Star Dissolve
Rays Source                       	1	BCCPlus.dll	
Rays Under Source                 	1	BCCPlus.dll	Shimmer | shimmer | Rays from Alpha
Rays from Alpha                   	1	BCCPlus.dll	Shimmer | shimmer
Re-checkout license FAILURE post health check	1	Common	Re-checkout license attemp | Re-checkout license SUCCES
Re-checkout license SUCCESS post health check	1	Common	Heartbeat:  | Re-checkout license attemp
Re-checkout license attempt post health check	1	Common	No license file present | Float check license health | Heartbeat:
ReLight                           	1	BCCPlus.dll	bccunitlights,bccunitessen
Read Error                        	1	Common	png_do_quantize returned r | Call to NULL read function
Rebuilding Fonts                  	1	3DObjects	Zt
Recovery                          	1	BCCPlus.dll	White-point | Black-point | Auto-Equalize
RectArg                           	1	3DObjects	%g | PointArg | VectorArg
Rectangular Wipe                  	1	BCCPlus.dll	Video Glitch Dissolve | avx,ofx | Swish Pan | Radial Wipe | Vignette Wipe
RectangularWipe                   	1	BCCPlus.dll	Scale Override | Join
Red 1                             	1	BCCPlus.dll	Magenta 5 | Pink 1 | Pink 2 | Pink 3 | Pink 4 | Pink 5
Red 2                             	1	BCCPlus.dll	Pink 1 | Pink 2 | Pink 3 | Pink 4 | Pink 5 | Red 1
Red 3                             	1	BCCPlus.dll	Pink 2 | Pink 3 | Pink 4 | Pink 5 | Red 1 | Red 2
Red 4                             	1	BCCPlus.dll	Pink 3 | Pink 4 | Pink 5 | Red 1 | Red 2 | Red 3
Red 5                             	1	BCCPlus.dll	Pink 4 | Pink 5 | Red 1 | Red 2 | Red 3 | Red 4
Red Channel                       	1	BCCPlus.dll	
Red Exposure                      	1	BCCPlus.dll	HB |  B | Input is Linear
Red Gain                          	1	BCCPlus.dll	greenGain | blueGain | redBias | greenBias | blueBias | pos
Red Map                           	1	BCCPlus.dll	
Red Saturation                    	1	BCCPlus.dll	Green Gamma | Blue Gamma | Master Saturation
Red Smooth                        	1	BCCPlus.dll	aO | Strips | strips
ReductionMatrix1                  	1	BCCPlus.dll	ColorMatrix1 | ColorMatrix2 | CameraCalibration1 | CameraCalibration2
ReductionMatrix2                  	1	BCCPlus.dll	ColorMatrix2 | CameraCalibration1 | CameraCalibration2 | ReductionMatrix1
Reference Image                   	1	BCCPlus.dll	
Refine Depth                      	1	BCCPlus.dll	Guide Far | Guide Near | sm | Temporal Smooth | Limit Range
Region                            	1	BCCPlus.dll	LCH Chroma Tolerance
Region location is disabled. Bailout	1	BCCPlus.dll	Parent region exceeds chil
Registry                          	1	BCCPlus.dll	CIDFontName | CIDFontVersion | CIDFontType
Regular expression is too large.  	1	BCCPlus.dll	Premature end of regular e
RelatedSoundFile                  	1	BCCPlus.dll	SubSecTimeDigitized | FlashpixVersion | PixelXDimension | PixelYDimension
RemoveObjects                     	1	3DObjects	InsertObjects
Removed API                       	1	BCCPlus.dll	clGetProgramBuildInfo() | cv::ocl::Program::source
Render Background                 	1	3DObjects	Shape Line Color | Crop Point Color | Crop Line Color | Back Color
Render Draft Mode                 	1	3DObjects	Noise Filter Pref | Distortion Filter Pref | Motion Filter Pref
Render Fields as Frames           	1	3DObjects	Host Field order | Audio Scrubbing-Incoming | Audio Scrubbing-Outgoing
Render Over Effect                	1	BCCPlus.dll	Darken Only | Bright and Dark | Bidirectional | Off
Render keys have different size %d versus %d	1	3DObjects	\\ | // |  <---- | %03d %08x  %08x %s
RenderAddGlowToAlpha              	1	Common	ScaleAndThresholdWithCross
RenderDone                        	1	3DObjects	
RenderEllipseMask                 	1	Common	RenderParabolaMask
RenderEllipseShape                	1	Common	RenderParabolaMask | RenderEllipseMask | RenderParabolaShape
RenderNoisePixels                 	1	Common	RenderParabolaShape | RenderEllipseShape | AdjustExposure | AdjustHueSat
RenderParabolaMask                	1	Common	
RenderParabolaShape               	1	Common	RenderParabolaMask | RenderEllipseMask
RenderSnapshot  Get params        	1	3DObjects	Prep for unload - 3DO | PF Effect UI Suite |   Launch UI  |   Edit TEXT
Rendered Frame Marker Color       	1	3DObjects	Show Actual Fonts in Font  | Show Rendered Frame Marker
Renderer is in an invalid state   	1	3DObjects	bumptexture | outCrop | position | tangent | biNormal | texUV
Repair Duration                   	1	BCCPlus.dll	Set Bad Frame | Bad Frame
Replace Color                     	1	BCCPlus.dll	spill | Transparency | transparency | Adjust Light | adjustLight | Replace Mode
Replace Mode                      	1	BCCPlus.dll	Spill | spill | Transparency | transparency | Adjust Light | adjustLight
Replace Value                     	1	BCCPlus.dll	64 | 128 | 256 | 512 | 1024 | Mixed
ReplaceObjects                    	1	3DObjects	RemoveObjects
ReplaceSelection                  	1	3DObjects	Create Rectangle | AddObjects
Replacing texture in hw cache     	1	3DObjects	Force Adding texture to hw | Texture cache full for thi
RescaleGlow                       	1	Common	CompositeAdd | CompositeAddClip | Composite | MixBuffers | CrossDissolve
Resize                            	1	BCCPlus.dll	37
Restore Defaults                  	1	3DObjects	Open Shortcuts | Save Shortcuts
Retimer ML                        	1	BCCPlus.dll	
Retry                             	1	Common	' | p | No error | Invalid segment | Timeout
Reveal                            	1	BCCPlus.dll	
Reverse                           	1	BCCPlus.dll	N@ | Forward
Reverse Angle                     	1	BCCPlus.dll	crashZoom | zoomDelta | zoomReverse
Reverse Contour                   	1	3DObjects	Bring Forward | Send Backward | Send to Back | Combine Contours | Split Contours
Reverse Points                    	1	3DObjects	Pen Tool | Toggle Opened/Closed | Break Spline | Smooth Points | Cusp Points
ReverseContour                    	1	3DObjects	Close Contour | Smooth Control Points | Cusp Control Points | Open Curve
RichTIFFIPTC                      	1	BCCPlus.dll	FieldOfViewCotangent | MatrixWorldToScreen | MatrixWorldToCamera | Copyright
Right Material                    	1	3DObjects	Material | Front Material | Back Material | Left Material | Top Material
Right to Left                     	1	BCCPlus.dll	AE Host Mask | Circular | Strip | Top to Bottom | Bottom to Top | Left to Right
Right-to-left                     	1	BCCPlus.dll	Solid | Gradient | Top-to-bottom | Bottom-to-top | Left-to-right
Ring Brightness                   	1	BCCPlus.dll	Total Scale | Ramp Scale | rampScale | rampGamma
Ring Size                         	1	BCCPlus.dll	rampGamma | Ring Brightness | ringBrightness | ringSoftness
Ringsmall                         	1	BCCPlus.dll	Caronsmall | Dotaccentsmall | Macronsmall | figuredash | hypheninferior | Ogoneksmall
Ripple Dissolve                   	1	BCCPlus.dll	Smoke and Fog Dissolve | Atmospheric Glow Dissolve | Smoke Wipe | Orbs Dissolve
Roman                             	1	BCCPlus.dll	001.002 | 001.003 | Bold | Book | Medium | Regular
RotateObjects                     	1	3DObjects	ScaleObjects
Rotation Amount                   	1	BCCPlus.dll	Radial Blur | Radial Amount
RotoSpline                        	1	3DObjects	, | index | selected
Roughness Scale                   	1	BCCPlus.dll	savePreset | Load Preset | loadPreset | refine | Mask Feather | Edge Roughness
Roughness Seed                    	1	BCCPlus.dll	refine | Mask Feather | Edge Roughness | Roughness Scale | roughnessScale
Roughness Size                    	1	BCCPlus.dll	stroke
Round                             	1	BCCPlus.dll	
Rounded Rectangle                 	1	BCCPlus.dll	View Matte Source | Post-Effect | Pre-Effect | Stacked Composite | Alpha Masked
Row pointers and types mismatch in count	1	BCCPlus.dll	lq
Rows                              	1	BCCPlus.dll	Round | Polygon
RowsPerStrip must be multiple of %d for JPEG	1	BCCPlus.dll	JPEG tile height must be m | JPEG tile width must be mu
Rsmall                            	1	BCCPlus.dll	Lsmall | Msmall | Nsmall | Osmall | Psmall | Qsmall
S S0S1S.S                         	1	BCCPlus.dll	P | T | S S0S,S | @ | P | T
SCGetSettingsAsAtomContainer      	1	3DObjects	DecompressImage | ImageTranscodeDisposeFrame | ImageTranscodeSequenceEnd
SCSetSettingsFromAtomContainer    	1	3DObjects	ImageTranscodeSequenceEnd | SCGetSettingsAsAtomContain
SDBytes                           	1	BCCPlus.dll	XUID | CIDMapOffset | FDBytes | GDBytes | CIDCount | SubrMapOffset
SGILog                            	1	BCCPlus.dll	CCITT Group 3 | CCITT Group 4 | ISO JBIG | Deflate | AdobeDeflate | PixarLog
SGILog24                          	1	BCCPlus.dll	CCITT Group 4 | ISO JBIG | Deflate | AdobeDeflate | PixarLog | SGILog
SGILogDataFmt                     	1	BCCPlus.dll	TIFFInitSGILog
SGILogEncode                      	1	BCCPlus.dll	TIFFInitSGILog | SGILogDataFmt
SHA-512 part of OpenSSL 0.9.8a 11 Oct 2005	1	BCCPlus.dll	
SHAPE CONTROLS                    	1	3DObjects	Layer Deformer | Plane|Sphere|Cylinder|Page
SHATTER DEFORMER                  	1	3DObjects	
SIDE MATERIAL                     	1	3DObjects	MATERIAL | FRONT/BACK MATERIAL | BEVEL/SIDE MATERIAL
SILENT                            	1	BCCPlus.dll	3333333333333333 | UUUUUUUUUUUUUUUU | := | DEBUG | ERROR | FATAL
SIZE                              	1	BCCPlus.dll	_XFREE86_GLYPH_RANGES | STARTFONT | STARTPROPERTIES | FONTBOUNDINGBOX
SLANT                             	1	BCCPlus.dll	
SOFTWARE                          	1	BCCPlus.dll	@\ | SOFTWARE\
ST Map                            	1	BCCPlus.dll	Target Layer
STARTCHAR                         	1	BCCPlus.dll	CHARS |  + | ENDFONT | ENDCHAR
STARTFONT                         	1	BCCPlus.dll	DWIDTH | BBX | BITMAP | ENDPROPERTIES | %hd | _XFREE86_GLYPH_RANGES
STARTPROPERTIES                   	1	BCCPlus.dll	BBX | BITMAP | ENDPROPERTIES | %hd | _XFREE86_GLYPH_RANGES | STARTFONT
SWIDTH                            	1	BCCPlus.dll	CHARS |  + | ENDFONT | ENDCHAR | STARTCHAR | ENCODING
Safe Action Area                  	1	3DObjects	Timeline Shader Track Colo | Enable Global Motion Blur
Safe Title Area                   	1	3DObjects	Timeline Shader Track Colo | Enable Global Motion Blur | Safe Action Area
Sample                            	1	BCCPlus.dll	sampleOutput | Over Sample | overSample | Pre Composite | preComp | sample
Sample Font Name                  	1	3DObjects	
Sample Frame                      	1	BCCPlus.dll	preComp | sample | Sample | sampleLayer | Sample Method | Sample Type
Sample Method                     	1	BCCPlus.dll	overSample | Pre Composite | preComp | sample | Sample | sampleLayer
Sample Region                     	1	BCCPlus.dll	Sample | sampleLayer | Sample Method | Sample Type | Sample Frame | frame
Sample Type                       	1	BCCPlus.dll	Pre Composite | preComp | sample | Sample | sampleLayer | Sample Method
Samples                           	1	BCCPlus.dll	shutterAngle | shutterPhase
SaturationBrightnessContrast      	1	Common	TintWarmCool | HighlightMist | ShadowMist
SaturationBrightnessContrastGamma 	1	Common	SaturationBrightnessContra | GammaSaturationBrightnessC
Save Preset                       	1	BCCPlus.dll	depthMap | Apply Pixel Chooser | viewMaskMatte
Save Shortcuts                    	1	3DObjects	Open Shortcuts
Saved Preset                      	1	3DObjects	Star | Polygon | Heart | Straight | Convex | Concave
Sawtooth                          	1	BCCPlus.dll	Ripple | Sine | Square
Scale End                         	1	BCCPlus.dll	lockCenter | centerStart | centerEnd | Scale Start | scaleStart | scaleStartXY
Scale Height                      	1	BCCPlus.dll	smoothingLevel | Scale Width
Scale Mask                        	1	BCCPlus.dll	roughnessScale | Roughness Seed | roughnessSeed | Mask Center | Mask Rotation
Scale Mask X                      	1	BCCPlus.dll	Roughness Seed | roughnessSeed | Mask Center | Mask Rotation | Scale Mask
Scale Mask Y                      	1	BCCPlus.dll	roughnessSeed | Mask Center | Mask Rotation | Scale Mask | Scale Mask X
Scale Multiply                    	1	BCCPlus.dll	Round | Polygon | Rows | Columns | None/Alpha | Sharp
Scale Override                    	1	BCCPlus.dll	
Scale Randomness                  	1	BCCPlus.dll	blurRandomness | intensity | lightSource
Scale Screen                      	1	BCCPlus.dll	Polygon | Rows | Columns | None/Alpha | Sharp | Scale Multiply
Scale Start                       	1	BCCPlus.dll	xformScale | Lock Center Start/End | lockCenter | centerStart | centerEnd
Scale Width                       	1	BCCPlus.dll	smoothingLevel
ScaleAndThresholdWithCrossTalk    	1	Common	
Scaled                            	1	BCCPlus.dll	, max elements:  | , premature evictions:
Scan line                         	1	BCCPlus.dll	is missing.
ScanLine size too large for RleCompressor	1	BCCPlus.dll	
Scanline                          	1	BCCPlus.dll	
Scaron                            	1	BCCPlus.dll	Ntilde | Oacute | Ocircumflex | Odieresis | Ograve | Otilde
Scaronsmall                       	1	BCCPlus.dll	onefitted | rupiah | Tildesmall | exclamdownsmall | centoldstyle | Lslashsmall
Scedilla                          	1	BCCPlus.dll	lozenge | apple | franc | Gbreve | gbreve | Idotaccent
Scene                             	1	3DObjects	
SceneCaptureType                  	1	BCCPlus.dll	ExposureMode | WhiteBalance | DigitalZoomRatio | FocalLengthIn35mmFilm
SceneType                         	1	BCCPlus.dll	SubjectLocation | ExposureIndex | SensingMethod | FileSource
Scissors                          	1	3DObjects	Pen | Gradient | Airbrush | Pencil | Box | Oval
Screen Alpha                      	1	BCCPlus.dll	Min/Max | Guided | B-W Matte | Heat Map | Alpha Channel | Multiply Alpha
ScriptEP                          	1	3DObjects	
ScriptET                          	1	3DObjects	
ScriptLD                          	1	3DObjects	
ScriptSP                          	1	3DObjects	
ScriptTO                          	1	3DObjects	
Search%d.tga                      	1	3DObjects	
Secondary Glow                    	1	BCCPlus.dll	filmGlowSub | secondaryGlow | Enable Secondary Glow
Secondary Interpolation           	1	3DObjects	Extrusion Style Option | Material Style Option | Default Interpolation
Secondary Matte                   	1	BCCPlus.dll	primary
Seek error accessing TIFF directory	1	3DObjects	%s Warning | TIFFLIB | %s Error | %s: Cannot open | No space %s
Segment name cannot be empty      	1	BCCPlus.dll	Wait failed: Time out | Wait failed: Remote proces | %pid | %role
Select All                        	1	3DObjects	
Select Audio                      	1	BCCPlus.dll	textOp | sunset | input | Audio | ae | aif,aiff,wav,mp3
Select Audio...                   	1	BCCPlus.dll	On | %s %s | Gang | %s - Gang | mochaData | mochaLaunch
Select Image...                   	1	BCCPlus.dll	%s %s | Gang | %s - Gang | mochaData | mochaLaunch | Select Audio...
Select Mask                       	1	BCCPlus.dll	temporalSmoothing | holdout | matteSource
Select Object                     	1	3DObjects	Toggle Selected Object
Select ST Map                     	1	BCCPlus.dll	Target Layer | ST Map | Use External ST Map | exr,tif,tiff
SelectAll                         	1	3DObjects	
SelectObject                      	1	3DObjects	
SelectObjects                     	1	3DObjects	
Selection                         	1	BCCPlus.dll	k,
Selective Saturation              	1	BCCPlus.dll	
Semi Bold                         	1	3DObjects	Bold Italic | Outline | Italic | ExtraBold | Extra Bold | SemiBold
SemiBold                          	1	3DObjects	Bold-Italic | Bold Italic | Outline | Italic | ExtraBold | Extra Bold
Semibold                          	1	BCCPlus.dll	001.003 | Bold | Book | Medium | Regular | Roman
Semicircle                        	1	BCCPlus.dll	Ripple | Sine | Square | Sawtooth
Send Backward                     	1	3DObjects	Oval | Scissors | Multi-frame | Mirror | Bring to Top | Bring Forward
Send to Back                      	1	3DObjects	Scissors | Multi-frame | Mirror | Bring to Top | Bring Forward | Send Backward
SendUsageData                     	1	Common	ParamData:  | %s%s | Info | Event
SensingMethod                     	1	BCCPlus.dll	FocalPlaneResolutionUnit | SubjectLocation | ExposureIndex
Sentinel Protection Server        	1	BCCPlus.dll	7.6.0
Separator                         	1	3DObjects	F10 | F11 | F12 | F13 | F14 | F15
Seperator                         	1	3DObjects	F11 | F12 | F13 | F14 | F15 | Separator
Sepia                             	1	BCCPlus.dll	ts
Sequencer                         	1	3DObjects	Vector Displacement | DeGrain | Match Grain | Film Process | Velocity Remap
Service already exists.           	1	Common	future
Set Bad Frame                     	1	BCCPlus.dll	
Set Movie Time to %d              	1	3DObjects	QTGetGWorldPtr %08x | GetMovieGWorld | SetMovieGWorld | SetMovieBox
SetBlueUnbindShader               	1	3DObjects	RS3dShaderManager::ApplySh | SetBlueUtilityCallback
SetBound                          	1	3DObjects	SetParameter1f | SetParameter3f
SetChannelToTexture enter         	1	3DObjects	SetChannelToTexture movie  | mtrackfor.%08x.%d
SetChannelToTexture leave         	1	3DObjects	SetChannelToTexture enter | adding SceneGeneratedTextu
SetChannelToTexture movie enter   	1	3DObjects	Exclusion_%d | InverseDifference_%d | MinusSubtract_%d | Sepia_%d
SetChannelToTexture movie leave   	1	3DObjects	SetChannelToTexture movie
SetChannelToTexture movie pos and end	1	3DObjects	MinusSubtract_%d | Sepia_%d | SetChannelToTexture movie
SetChannelToTexture movie width and height	1	3DObjects	SetChannelToTexture movie  | SetChannelToTexture movie
SetHostInfo                       	1	3DObjects	SetParameter1f | SetParameter3f | SetBound
SetMovieDisplayClipRgn            	1	3DObjects	MCPositionController | NativeEventToMacEvent | MCSetMovie
SetParameter1f                    	1	3DObjects	%s : %.2f %.2f %.2f | %s  | can't have a copyshader wi
SetParameter3f                    	1	3DObjects	%s  | can't have a copyshader wi | SetParameter1f
SetTime                           	1	3DObjects	.er | .ershape | Elastic Reality | Native | .eps | EPS
SetUpGLView                       	1	3DObjects	SYSTEM | RenderSystem3d::Begin Offs | RenderSystem3d::Begin
Shader -                          	1	3DObjects	Disabled Shader -
Shadow Brightness                 	1	BCCPlus.dll	Light Brightness | Light Spread
Shadow Map aquired                	1	3DObjects	Shadow Map context initial | GenerateShadowMaps | Shadow Map pass rendered
Shadow Map pass rendered          	1	3DObjects	mapSize | blurShadowMap | Shadow Map context initial | GenerateShadowMaps
ShadowMist                        	1	Common	TintWarmCool | HighlightMist
ShadowScale                       	1	BCCPlus.dll	CameraSerialNumber | LensInfo | ChromaBlurRadius | AntiAliasStrength
Shadows-Highlights                	1	BCCPlus.dll	bccunitcolortone | bccunitcolortone,bccunites | Grade
Shape Line Color                  	1	3DObjects	Pie Chart Show Numbers | Draft Render Mode | Shape Point Color
Shape Only                        	1	BCCPlus.dll	
Shape Point Color                 	1	3DObjects	Pie Chart Show Legend | Pie Chart Show Numbers | Draft Render Mode
Share Project                     	1	3DObjects	Switch to 3D Render | Switch to 2D Composite
Shared                            	1	3DObjects	
Sharp                             	1	BCCPlus.dll	Round | Polygon | Rows | Columns | None/Alpha
Shear                             	1	BCCPlus.dll	positionZ | scaleXY | tumble | spin | rotate
ShearObjects                      	1	3DObjects	RotateObjects
Shift Drift                       	1	BCCPlus.dll	Channel YUV Blur
Shimmer                           	1	BCCPlus.dll	
Shimmer Offset                    	1	AE_16Bit.dll	;
Show Actual Fonts in Font Menu    	1	3DObjects	Cache Host Frames | Frame Cache Size(MB) | Current Style Palette Tab
Show Brush Outline                	1	3DObjects	Spline Onion Skin Frames | Spline Onion Skin Step | Show Onion Skin
Show Grid                         	1	3DObjects	Display Shape Controls | Show Rulers | Show Title Safe
Show Mark                         	1	3DObjects	Display Source | Display Channels | Host Preview | Snap to Keyframe
Show Masks                        	1	3DObjects	Show Render Time | Loop Play Mode | Show Transformations
Show Onion Skin                   	1	3DObjects	Render Draft Mode | Spline Onion Skin Frames | Spline Onion Skin Step
Show Preview in User Mark Window  	1	3DObjects	Export Alpha | Show User Marks in Timelin | Show User Marks in Preview
Show Render Time                  	1	3DObjects	Grid Pixel spacing | Grid Subdivisions | Guideline Color | Guideline Style
Show Rendered Frame Markers       	1	3DObjects	Current Style Palette Tab | Show Actual Fonts in Font
Show Rulers                       	1	3DObjects	Display Layer Controls | Display Shape Controls
Show Title Safe                   	1	3DObjects	Display Layer Controls | Display Shape Controls | Show Rulers
Show Transformations              	1	3DObjects	Guideline Color | Guideline Style | Show Render Time | Loop Play Mode
Show User Marks in Preview        	1	3DObjects	Timeline Button 14b | Export Alpha | Show User Marks in Timelin
Show User Marks in Timeline       	1	3DObjects	Timeline Button 12b | Timeline Button 13b | Timeline Button 14b | Export Alpha
Shrink+Grow                       	1	BCCPlus.dll	matteBlend | Black Clip | clipBlack | White Clip | clipWhite
Shutter Bias                      	1	BCCPlus.dll	shutterTime
ShutterSpeedValue                 	1	BCCPlus.dll	DateTimeDigitized | ComponentsConfiguration | CompressedBitsPerPixel
Side Host Path                    	1	3DObjects	Straight|Saved Preset|Host
Sides                             	1	BCCPlus.dll	Match Flare Angle | matchFlare
Silhouette Alpha                  	1	BCCPlus.dll	SoftLight | HardLight | Hue | Under | Stencil Alpha
Silk                              	1	BCCPlus.dll	;H
SimplifiedChinese                 	1	3DObjects	Spanish | Chinese | Japanese | Korean | Polish | Dutch
Sinc                              	1	BCCPlus.dll	Bilinear | Triangle | Quadratic | Cubic | Catmull-Rom | Mitchell
Single Dot                        	1	BCCPlus.dll	Bars | Dots
SizeArg                           	1	3DObjects	%g | PointArg | VectorArg | RectArg | FrameRangeArg
Skin                              	1	BCCPlus.dll	All Features
Skin Tone                         	1	BCCPlus.dll	
Slant                             	1	BCCPlus.dll	TrueType | multi-masters | metrics-variations | tt-glyf | sfnt | OpticalSize
Slice                             	1	BCCPlus.dll	TextureWipe | @P@
Slide to Print                    	1	BCCPlus.dll	Print to Slide
Small Details                     	1	BCCPlus.dll	Max Downsampling | Smallest Details
Smallest Details                  	1	BCCPlus.dll	combinedMatte | Combined Overlay | Max Downsampling
Smear Blur Dissolve               	1	BCCPlus.dll	Film Glow Dissolve | Channel Blur Dissolve | Directional Blur Dissolve
Smear Offset                      	1	BCCPlus.dll	Center End | Center Ease | depthDelta | angleDelta
Smoke Sprite                      	1	BCCPlus.dll	Smoke | smoke | No Sprites Found | Placeholder
Smoke Wipe                        	1	BCCPlus.dll	Linear Color Key | Smoke and Fog Dissolve | Atmospheric Glow Dissolve
Smoke and Fog                     	1	BCCPlus.dll	
Smoke and Fog Dissolve            	1	BCCPlus.dll	bccunitmatchmove | Mosaic Dissolve | Linear Luma Key | Linear Color Key
SmokeWipe                         	1	BCCPlus.dll	
Smoky Rays                        	1	BCCPlus.dll	Ambient Light | Pre Glow | Post Glow
Smoky Rays Tuning                 	1	BCCPlus.dll	Volumetric Rays | Pre/Post | Smoke/Fog | Configuration | configuration
Smooth                            	1	BCCPlus.dll	4C | HC | flicker
Smooth Control Points             	1	3DObjects	Break Curve | Split Curve | OpenContour | CloseContour | Open Contour | Close Contour
Smooth Mode                       	1	BCCPlus.dll	Radial Blur | Radial Amount | Rotation Amount
Smooth Path                       	1	BCCPlus.dll	Mocha Track | _mocha | Mocha Param Track... | Mocha Parameter Track
Smooth Points                     	1	3DObjects	PenTool | Pen Tool | Toggle Opened/Closed | Break Spline
SmoothPoints                      	1	3DObjects	CuspPoints
Smoother                          	1	BCCPlus.dll	Guided Filter | Guide Strength | Faster
Snap to Grid Sense X              	1	3DObjects	Enable Autosave | AutoSave Minutes | Enable Snap to Grid
Snap to Grid Sense Y              	1	3DObjects	AutoSave Minutes | Enable Snap to Grid | Snap to Grid Sense X
Snap to Keyframe                  	1	3DObjects	Show Grid | Display Source | Display Channels | Host Preview
Soft Contrast                     	1	BCCPlus.dll	
SoftLight                         	1	BCCPlus.dll	ScaleScreen | DifferenceX2 | DifferenceX4 | Add | Overlay
Softened BG                       	1	BCCPlus.dll	Detail+ | Detail- | Preview Samples | Complement | Solid Color
Softness Variance                 	1	BCCPlus.dll	posVariance | Vertical Variance | vertVariance | sizeVariance
Softness X                        	1	BCCPlus.dll	stroke | Roughness Size | Randomize Roughness
Softness Y                        	1	BCCPlus.dll	stroke | Roughness Size | Randomize Roughness | Softness X
Solid Color                       	1	BCCPlus.dll	Matte+ | Matte- | Detail+ | Detail- | Preview Samples | Complement
Solid Tint                        	1	BCCPlus.dll	brightness | contrast
Something                         	1	3DObjects	Memory is Low-TextEditImp: | EDIT | Segoe UI | Alert Box
Sound                             	1	3DObjects	Audio Track | Spline Object | Spline Primitive | Procedural | Environment Map
Source %d                         	1	BCCPlus.dll	selectMask | name | PrMr | premiere | [\/:;*?+"<>|] | source%d
Source Animation                  	1	BCCPlus.dll	Source Point | sourcePoint
Source Ease                       	1	BCCPlus.dll	Source Point | sourcePoint | Source Animation | Source End
Source End                        	1	BCCPlus.dll	Source Point | sourcePoint | Source Animation
Source FPS                        	1	BCCPlus.dll	avx
Source Fields                     	1	BCCPlus.dll	avx | Source FPS
Source Kelvin                     	1	BCCPlus.dll	Destination Kelvin
Source Mode                       	1	BCCPlus.dll	Reveal
Source Point                      	1	BCCPlus.dll	
Source is not a sequence nor matrix	1	BCCPlus.dll	cvSeqInsertSlice | Invalid destination sequen
South                             	1	3DObjects	Time | Param | param | Name | Value | North
Spanish                           	1	3DObjects	<language> | </language> | Automatic | French | German | Italian
SpatialFrequencyResponse          	1	BCCPlus.dll	PixelXDimension | PixelYDimension | RelatedSoundFile | FlashEnergy
Speckles                          	1	BCCPlus.dll	ripple.applyScale.* | in | out | DissolveRipple
SpectralSensitivity               	1	BCCPlus.dll	CurrentPreProfileMatrix | ExposureTime | FNumber | ExposureProgram
Spectrum 1                        	1	BCCPlus.dll	Sine | Square | Sawtooth | Semicircle | Uncircle | Half Sine
Spectrum 10                       	1	BCCPlus.dll	Spectrum 4 | Spectrum 5 | Spectrum 6 | Spectrum 7 | Spectrum 8 | Spectrum 9
Spectrum 11                       	1	BCCPlus.dll	Spectrum 5 | Spectrum 6 | Spectrum 7 | Spectrum 8 | Spectrum 9 | Spectrum 10
Spectrum 12                       	1	BCCPlus.dll	Spectrum 6 | Spectrum 7 | Spectrum 8 | Spectrum 9 | Spectrum 10 | Spectrum 11
Spectrum 13                       	1	BCCPlus.dll	Spectrum 7 | Spectrum 8 | Spectrum 9 | Spectrum 10 | Spectrum 11 | Spectrum 12
Spectrum 14                       	1	BCCPlus.dll	Spectrum 8 | Spectrum 9 | Spectrum 10 | Spectrum 11 | Spectrum 12 | Spectrum 13
Spectrum 2                        	1	BCCPlus.dll	Square | Sawtooth | Semicircle | Uncircle | Half Sine | Spectrum 1
Spectrum 3                        	1	BCCPlus.dll	Sawtooth | Semicircle | Uncircle | Half Sine | Spectrum 1 | Spectrum 2
Spectrum 4                        	1	BCCPlus.dll	Semicircle | Uncircle | Half Sine | Spectrum 1 | Spectrum 2 | Spectrum 3
Spectrum 5                        	1	BCCPlus.dll	Uncircle | Half Sine | Spectrum 1 | Spectrum 2 | Spectrum 3 | Spectrum 4
Spectrum 6                        	1	BCCPlus.dll	Half Sine | Spectrum 1 | Spectrum 2 | Spectrum 3 | Spectrum 4 | Spectrum 5
Spectrum 7                        	1	BCCPlus.dll	Spectrum 1 | Spectrum 2 | Spectrum 3 | Spectrum 4 | Spectrum 5 | Spectrum 6
Spectrum 8                        	1	BCCPlus.dll	Spectrum 2 | Spectrum 3 | Spectrum 4 | Spectrum 5 | Spectrum 6 | Spectrum 7
Spectrum 9                        	1	BCCPlus.dll	Spectrum 3 | Spectrum 4 | Spectrum 5 | Spectrum 6 | Spectrum 7 | Spectrum 8
Speed Map                         	1	BCCPlus.dll	Reverse | Image | UV Map | Optical Flow | Colorized Flow | Motion Vectors
Spikes                            	1	BCCPlus.dll	
Spiky                             	1	BCCPlus.dll	4C | HC | flicker | Smooth
Spill Map Alpha                   	1	BCCPlus.dll	Edge Color Only | Edge Color On Black | Spill Map Color + Alpha
Spill Map Color + Alpha           	1	BCCPlus.dll	Light Wrap Edge On Black | Edge Color Only | Edge Color On Black
Spill Map Grayscale               	1	BCCPlus.dll	Edge Color On Black | Spill Map Color + Alpha | Spill Map Alpha
Spill Remover                     	1	BCCPlus.dll	
Spill+                            	1	BCCPlus.dll	Make FG Transparent
Spill-                            	1	BCCPlus.dll	Make FG Transparent | Spill+
Spin Blur                         	1	BCCPlus.dll	
Spin Blur Dissolve                	1	BCCPlus.dll	Multi-Star Dissolve | Rays Dissolve | Crash Zoom Dissolve | Cross Zoom Dissolve
Spiral Distance                   	1	BCCPlus.dll	Offset Start | positionStart | Offset End | positionEnd | Prism Colors | Spiral Turns
Spiral Turns                      	1	BCCPlus.dll	angleEnd | Offset Start | positionStart | Offset End | positionEnd | Prism Colors
Splince Trace Channel             	1	3DObjects	Center Cut Safe Title Area | Common Panel Color | Common Text Color
Spline Freehand Tolerance         	1	3DObjects	Cache Movie Frames | Cache Rendered Frames | Cache File Type
Spline Onion Skin Frames          	1	3DObjects	Distortion Filter Pref | Motion Filter Pref | Render Draft Mode
Spline Onion Skin Step            	1	3DObjects	Motion Filter Pref | Render Draft Mode | Spline Onion Skin Frames
Spline Primitive                  	1	3DObjects	Sphere* | Precomp | Warp | Imported Model | Audio Track | Spline Object
Spline Style Category             	1	3DObjects	Gradient Style Category | Text Style Category | Extrusion Style Category
Spline Style Frame Size           	1	3DObjects	Gradient Style Frame Size | Text Style Frame Size | Extrusion Style Frame Size
Spline Trace Blur Amt             	1	3DObjects	Splince Trace Channel | Spline Trace Tolerance | Spline Trace Threshold
Spline Trace Threshold            	1	3DObjects	Common Text Color | Splince Trace Channel | Spline Trace Tolerance
Spline Trace Tolerance            	1	3DObjects	Common Panel Color | Common Text Color | Splince Trace Channel
Spline View Quality-eBottomViewLeft	1	3DObjects	Spline View Quality-eLeftV | Spline View Quality-eLeftV
Spline View Quality-eBottomViewMain	1	3DObjects	Spline View Quality-eBotto | Spline View Quality-eBotto
Spline View Quality-eBottomViewMiddle	1	3DObjects	Spline View Quality-eLeftV | Spline View Quality-eBotto
Spline View Quality-eBottomViewRight	1	3DObjects	Spline View Quality-eBotto | Spline View Quality-eBotto
Spline View Quality-eFourViewLL   	1	3DObjects	Spline View Quality-eFourV | Spline View Quality-eFourV
Spline View Quality-eFourViewLR   	1	3DObjects	Spline View Quality-eFourV | Spline View Quality-eFourV
Spline View Quality-eFourViewUL   	1	3DObjects	Spline View Quality-eVertV | Spline View Quality-eVertV
Spline View Quality-eFourViewUR   	1	3DObjects	Spline View Quality-eVertV | Spline View Quality-eFourV
Spline View Quality-eHorzViewLeft 	1	3DObjects	Spline View Quality-eRende | Spline View Quality-eSingl
Spline View Quality-eHorzViewRight	1	3DObjects	Spline View Quality-eSingl | Spline View Quality-eHorzV
Spline View Quality-eLeftViewLower	1	3DObjects	Spline View Quality-eLeftV | Spline View Quality-eLeftV
Spline View Quality-eLeftViewMain 	1	3DObjects	Spline View Quality-eLeftV | Spline View Quality-eLeftV
Spline View Quality-eLeftViewMiddle	1	3DObjects	Spline View Quality-eFourV | Spline View Quality-eLeftV
Spline View Quality-eLeftViewUpper	1	3DObjects	Spline View Quality-eFourV | Spline View Quality-eFourV
Spline View Quality-eRenderPane   	1	3DObjects	Spline View Rotation-eTopV | Spline View Rotation-eTopV
Spline View Quality-eRightViewLower	1	3DObjects	Spline View Quality-eRight | Spline View Quality-eRight
Spline View Quality-eRightViewMain	1	3DObjects	Spline View Quality-eRight | Spline View Quality-eRight
Spline View Quality-eRightViewMiddle	1	3DObjects	Spline View Quality-eBotto | Spline View Quality-eRight
Spline View Quality-eRightViewUpper	1	3DObjects	Spline View Quality-eBotto | Spline View Quality-eBotto
Spline View Quality-eSinglePane   	1	3DObjects	Spline View Rotation-eTopV | Spline View Quality-eRende
Spline View Quality-eTopViewLeft  	1	3DObjects	Spline View Quality-eRight | Spline View Quality-eRight
Spline View Quality-eTopViewMain  	1	3DObjects	Spline View Quality-eTopVi | Spline View Quality-eTopVi
Spline View Quality-eTopViewMiddle	1	3DObjects	Spline View Quality-eRight | Spline View Quality-eTopVi
Spline View Quality-eTopViewRight 	1	3DObjects	Spline View Quality-eTopVi | Spline View Quality-eTopVi
Spline View Quality-eVertViewLower	1	3DObjects	Spline View Quality-eHorzV | Spline View Quality-eVertV
Spline View Quality-eVertViewUpper	1	3DObjects	Spline View Quality-eHorzV | Spline View Quality-eHorzV
Spline View Rotation-eBottomViewLeft	1	3DObjects	Spline View Rotation-eLeft | Spline View Rotation-eLeft
Spline View Rotation-eBottomViewMain	1	3DObjects	Spline View Rotation-eBott | Spline View Rotation-eBott
Spline View Rotation-eBottomViewMiddle	1	3DObjects	Spline View Rotation-eLeft | Spline View Rotation-eBott
Spline View Rotation-eBottomViewRight	1	3DObjects	Spline View Rotation-eBott | Spline View Rotation-eBott
Spline View Rotation-eFourViewLL  	1	3DObjects	Spline View Rotation-eFour | Spline View Rotation-eFour
Spline View Rotation-eFourViewLR  	1	3DObjects	Spline View Rotation-eFour | Spline View Rotation-eFour
Spline View Rotation-eFourViewUL  	1	3DObjects	Spline View Rotation-eVert | Spline View Rotation-eVert
Spline View Rotation-eFourViewUR  	1	3DObjects	Spline View Rotation-eVert | Spline View Rotation-eFour
Spline View Rotation-eHorzViewLeft	1	3DObjects	Spline View Rotation-eRend | Spline View Rotation-eSing
Spline View Rotation-eHorzViewRight	1	3DObjects	Spline View Rotation-eSing | Spline View Rotation-eHorz
Spline View Rotation-eLeftViewLower	1	3DObjects	Spline View Rotation-eLeft | Spline View Rotation-eLeft
Spline View Rotation-eLeftViewMain	1	3DObjects	Spline View Rotation-eLeft | Spline View Rotation-eLeft
Spline View Rotation-eLeftViewMiddle	1	3DObjects	Spline View Rotation-eFour | Spline View Rotation-eLeft
Spline View Rotation-eLeftViewUpper	1	3DObjects	Spline View Rotation-eFour | Spline View Rotation-eFour
Spline View Rotation-eRenderPane  	1	3DObjects	Split View Second First Sp | Split View Second Sub Spli
Spline View Rotation-eRightViewLower	1	3DObjects	Spline View Rotation-eRigh | Spline View Rotation-eRigh
Spline View Rotation-eRightViewMain	1	3DObjects	Spline View Rotation-eRigh | Spline View Rotation-eRigh
Spline View Rotation-eRightViewMiddle	1	3DObjects	Spline View Rotation-eBott | Spline View Rotation-eRigh
Spline View Rotation-eRightViewUpper	1	3DObjects	Spline View Rotation-eBott | Spline View Rotation-eBott
Spline View Rotation-eSinglePane  	1	3DObjects	Split View Second Sub Spli | Spline View Rotation-eRend
Spline View Rotation-eTopViewLeft 	1	3DObjects	Spline View Rotation-eRigh | Spline View Rotation-eRigh
Spline View Rotation-eTopViewMain 	1	3DObjects	Spline View Rotation-eTopV | Spline View Rotation-eTopV
Spline View Rotation-eTopViewMiddle	1	3DObjects	Spline View Rotation-eRigh | Spline View Rotation-eTopV
Spline View Rotation-eTopViewRight	1	3DObjects	Spline View Rotation-eTopV | Spline View Rotation-eTopV
Spline View Rotation-eVertViewLower	1	3DObjects	Spline View Rotation-eHorz | Spline View Rotation-eVert
Spline View Rotation-eVertViewUpper	1	3DObjects	Spline View Rotation-eHorz | Spline View Rotation-eHorz
SplineEditorArg                   	1	3DObjects	
SplineStyle                       	1	3DObjects	Pie-%4.1f%% | Pie-%4.1f | ColorStyle | NaturalStyle
Split                             	1	BCCPlus.dll	
Split Contours                    	1	3DObjects	Mirror | Bring to Top | Bring Forward | Send Backward | Send to Back | Combine Contours
Split Curve                       	1	3DObjects	Break Spline | Smooth Points | Cusp Points | Reverse Points | Break Curve
Split Screen                      	1	BCCPlus.dll	Split | split
Split View First Sub Split-eSingleSplit	1	3DObjects	Split View Horiz-eSingleSp | Split View Vert-eSingleSpl
Split View Horiz-eBottomSplit     	1	3DObjects	Split View Second Sub Spli
Split View Horiz-eFourSplit       	1	3DObjects	Split View Second Sub Spli
Split View Horiz-eHorzSplit       	1	3DObjects	Split View Second Sub Spli
Split View Horiz-eLeftSplit       	1	3DObjects	Split View Second Sub Spli
Split View Horiz-eRightSplit      	1	3DObjects	Split View Second Sub Spli
Split View Horiz-eSingleSplit     	1	3DObjects	Camera Number | Split View Number | Split View Selection
Split View Horiz-eTopSplit        	1	3DObjects	Split View Second Sub Spli
Split View Horiz-eVertSplit       	1	3DObjects	Split View Second Sub Spli
Split View Number                 	1	3DObjects	Use Time Accurate Draft Pl | Camera Number
Split View Scale-eBottomViewLeft  	1	3DObjects	Split View Scale-eLeftView | Split View Scale-eLeftView
Split View Scale-eBottomViewMain  	1	3DObjects	Split View Scale-eBottomVi | Split View Scale-eBottomVi
Split View Scale-eBottomViewMiddle	1	3DObjects	Split View Scale-eLeftView | Split View Scale-eBottomVi
Split View Scale-eBottomViewRight 	1	3DObjects	Split View Scale-eBottomVi | Split View Scale-eBottomVi
Split View Scale-eFourViewLL      	1	3DObjects	Split View Scale-eFourView | Split View Scale-eFourView
Split View Scale-eFourViewLR      	1	3DObjects	Split View Scale-eFourView | Split View Scale-eFourView
Split View Scale-eFourViewUL      	1	3DObjects	Split View Scale-eVertView | Split View Scale-eVertView
Split View Scale-eFourViewUR      	1	3DObjects	Split View Scale-eVertView | Split View Scale-eFourView
Split View Scale-eHorzViewLeft    	1	3DObjects	Split View Scale-eRenderPa | Split View Scale-eSinglePa
Split View Scale-eHorzViewRight   	1	3DObjects	Split View Scale-eSinglePa | Split View Scale-eHorzView
Split View Scale-eLeftViewLower   	1	3DObjects	Split View Scale-eLeftView | Split View Scale-eLeftView
Split View Scale-eLeftViewMain    	1	3DObjects	Split View Scale-eLeftView | Split View Scale-eLeftView
Split View Scale-eLeftViewMiddle  	1	3DObjects	Split View Scale-eFourView | Split View Scale-eLeftView
Split View Scale-eLeftViewUpper   	1	3DObjects	Split View Scale-eFourView | Split View Scale-eFourView
Split View Scale-eRenderPane      	1	3DObjects	Spline View Quality-eTopVi | Spline View Quality-eTopVi
Split View Scale-eRightViewLower  	1	3DObjects	Split View Scale-eRightVie | Split View Scale-eRightVie
Split View Scale-eRightViewMain   	1	3DObjects	Split View Scale-eRightVie | Split View Scale-eRightVie
Split View Scale-eRightViewMiddle 	1	3DObjects	Split View Scale-eBottomVi | Split View Scale-eRightVie
Split View Scale-eRightViewUpper  	1	3DObjects	Split View Scale-eBottomVi | Split View Scale-eBottomVi
Split View Scale-eSinglePane      	1	3DObjects	Spline View Quality-eTopVi | Split View Scale-eRenderPa
Split View Scale-eTopViewLeft     	1	3DObjects	Split View Scale-eRightVie | Split View Scale-eRightVie
Split View Scale-eTopViewMain     	1	3DObjects	Split View Scale-eTopViewM | Split View Scale-eTopViewR
Split View Scale-eTopViewMiddle   	1	3DObjects	Split View Scale-eRightVie | Split View Scale-eTopViewL
Split View Scale-eTopViewRight    	1	3DObjects	Split View Scale-eTopViewL | Split View Scale-eTopViewM
Split View Scale-eVertViewLower   	1	3DObjects	Split View Scale-eHorzView | Split View Scale-eVertView
Split View Scale-eVertViewUpper   	1	3DObjects	Split View Scale-eHorzView | Split View Scale-eHorzView
Split View Second First Split-eBottomSplit	1	3DObjects	Split View Horiz-eBottomSp | Split View Vert-eBottomSpl
Split View Second First Split-eFourSplit	1	3DObjects	Split View Horiz-eFourSpli | Split View Vert-eFourSplit
Split View Second First Split-eHorzSplit	1	3DObjects	Split View Horiz-eHorzSpli | Split View Vert-eHorzSplit
Split View Second First Split-eLeftSplit	1	3DObjects	Split View Horiz-eLeftSpli | Split View Vert-eLeftSplit
Split View Second First Split-eRightSplit	1	3DObjects	Split View Horiz-eRightSpl | Split View Vert-eRightSpli
Split View Second First Split-eTopSplit	1	3DObjects	Split View Horiz-eTopSplit | Split View Vert-eTopSplit
Split View Second First Split-eVertSplit	1	3DObjects	Split View Horiz-eVertSpli | Split View Vert-eVertSplit
Split View Second Sub Split-eBottomSplit	1	3DObjects	Split View Vert-eBottomSpl | Split View Second First Sp
Split View Second Sub Split-eFourSplit	1	3DObjects	Split View Vert-eFourSplit | Split View Second First Sp
Split View Second Sub Split-eHorzSplit	1	3DObjects	Split View Vert-eHorzSplit | Split View Second First Sp
Split View Second Sub Split-eLeftSplit	1	3DObjects	Split View Vert-eLeftSplit | Split View Second First Sp
Split View Second Sub Split-eRightSplit	1	3DObjects	Split View Vert-eRightSpli | Split View Second First Sp
Split View Second Sub Split-eSingleSplit	1	3DObjects	Split View Vert-eSingleSpl | Split View First Sub Split
Split View Second Sub Split-eTopSplit	1	3DObjects	Split View Vert-eTopSplit | Split View Second First Sp
Split View Second Sub Split-eVertSplit	1	3DObjects	Split View Vert-eVertSplit | Split View Second First Sp
Split View Selection              	1	3DObjects	Use Time Accurate Draft Pl | Camera Number | Split View Number
Split View Vert-eBottomSplit      	1	3DObjects	Split View Second Sub Spli | Split View Horiz-eBottomSp
Split View Vert-eFourSplit        	1	3DObjects	Split View Second Sub Spli | Split View Horiz-eFourSpli
Split View Vert-eHorzSplit        	1	3DObjects	Split View Second Sub Spli | Split View Horiz-eHorzSpli
Split View Vert-eLeftSplit        	1	3DObjects	Split View Second Sub Spli | Split View Horiz-eLeftSpli
Split View Vert-eRightSplit       	1	3DObjects	Split View Second Sub Spli | Split View Horiz-eRightSpl
Split View Vert-eSingleSplit      	1	3DObjects	Split View Number | Split View Selection | Split View Horiz-eSingleSp
Split View Vert-eTopSplit         	1	3DObjects	Split View Second Sub Spli | Split View Horiz-eTopSplit
Split View Vert-eVertSplit        	1	3DObjects	Split View Second Sub Spli | Split View Horiz-eVertSpli
SplitContours                     	1	3DObjects	CombineContours
Splotches                         	1	BCCPlus.dll	Dirt | dirt | Hair | hair | Scratches | scratches
Spokes                            	1	BCCPlus.dll	Stars | stars
Spot                              	1	BCCPlus.dll	Point
Sprite Softness                   	1	BCCPlus.dll	Smoke | smoke | No Sprites Found | Placeholder | Smoke Sprite | spriteNum
Square                            	1	BCCPlus.dll	Ripple | Sine
Ssmall                            	1	BCCPlus.dll	Msmall | Nsmall | Osmall | Psmall | Qsmall | Rsmall
Stabilizer                        	1	3DObjects	Film Process | Velocity Remap | Sequencer | Jitter Basic | Looper | Optical Flow
Stacked Composite                 	1	BCCPlus.dll	Matte Post Process | View Matte Source | Post-Effect | Pre-Effect
Stagger                           	1	BCCPlus.dll	edgeFadeOn | Bulb Fade Amount | edgeFadeAmt | Bulb Fade Width | edgeFadeWidth
Stains                            	1	BCCPlus.dll	Hair | hair | Scratches | scratches | Splotches | splotches
StandardEncoding                  	1	BCCPlus.dll	postscript-info
Star                              	1	3DObjects	AE Mask | Line | Circle | Oval | Arrow
Star Under Source                 	1	BCCPlus.dll	Stars | stars | Spokes
Stars                             	1	BCCPlus.dll	
StartAxis                         	1	BCCPlus.dll	KPH | KPX | KPY | MappingScheme | MetricsSets | PCC
StartCharMetrics                  	1	BCCPlus.dll	KPX | KPY | MappingScheme | MetricsSets | PCC | StartAxis
StartComposites                   	1	BCCPlus.dll	KPY | MappingScheme | MetricsSets | PCC | StartAxis | StartCharMetrics
StartData                         	1	BCCPlus.dll	FDArray | %ADOBeginFontDict | %!PS-Adobe-3.0 Resource-CI
StartDirection                    	1	BCCPlus.dll	MetricsSets | PCC | StartAxis | StartCharMetrics | StartComposites
StartFontMetrics                  	1	BCCPlus.dll	PCC | StartAxis | StartCharMetrics | StartComposites | StartDirection
StartKernData                     	1	BCCPlus.dll	StartCharMetrics | StartComposites | StartDirection | StartFontMetrics
StartKernPairs                    	1	BCCPlus.dll	StartComposites | StartDirection | StartFontMetrics | StartKernData
StartKernPairs0                   	1	BCCPlus.dll	StartDirection | StartFontMetrics | StartKernData | StartKernPairs
StartKernPairs1                   	1	BCCPlus.dll	StartFontMetrics | StartKernData | StartKernPairs | StartKernPairs0
StartTrackKern                    	1	BCCPlus.dll	StartKernData | StartKernPairs | StartKernPairs0 | StartKernPairs1
StatTimer                         	1	Common	.dll | FFTRepo::getInstance
Status messages are not supported 	1	BCCPlus.dll	2020.0.0
StdHW                             	1	BCCPlus.dll	BlueFuzz | BlueValues | OtherBlues | FamilyBlues | FamilyOtherBlues
StdVW                             	1	BCCPlus.dll	BlueFuzz | BlueValues | OtherBlues | FamilyBlues | FamilyOtherBlues | StdHW
StemSnapH                         	1	BCCPlus.dll	OtherBlues | FamilyBlues | FamilyOtherBlues | StdHW | StdVW | MinFeature
StemSnapV                         	1	BCCPlus.dll	FamilyBlues | FamilyOtherBlues | StdHW | StdVW | MinFeature | StemSnapH
Stencil Alpha                     	1	BCCPlus.dll	Overlay | SoftLight | HardLight | Hue | Under
Step must be a multiple of esz1   	1	BCCPlus.dll	cv::Mat::Mat | total() == 0 || data != NU | _step >= minstep
Still Image Import Default Alpha Type	1	3DObjects	Use Snap to Guides | Guides are Locked | Export User Marks
Still Image Import Default Pixel Aspect	1	3DObjects	Guides are Locked | Export User Marks | Still Image Import Default
StoNits                           	1	BCCPlus.dll	Copyright | RichTIFFIPTC | Photoshop | EXIFIFDOffset | ICC Profile | GPSIFDOffset
StraightenBuffer                  	1	Common	CopyChannelToPix | CopyAlpha | CopyOffsetBuffer | PremultiplyBuffer
Straw 1                           	1	BCCPlus.dll	Cranberry 1 | Cranberry 2 | Cranberry 3 | Tangerine 1 | Tangerine 2 | Tangerine 3
Straw 2                           	1	BCCPlus.dll	Cranberry 2 | Cranberry 3 | Tangerine 1 | Tangerine 2 | Tangerine 3 | Straw 1
Straw 3                           	1	BCCPlus.dll	Cranberry 3 | Tangerine 1 | Tangerine 2 | Tangerine 3 | Straw 1 | Straw 2
Streaks                           	1	BCCPlus.dll	0?
Stretch Map to Fit                	1	BCCPlus.dll	Outside Rectangle | Inside Oval | Outside Oval | All | gamma | Center Map
Stretch To Fit                    	1	3DObjects	SHAPE CONTROLS
Strip                             	1	BCCPlus.dll	Alpha Masked | Rounded Rectangle | Mocha Spline | AE Host Mask | Circular
Strips                            	1	BCCPlus.dll	aO
StrokeWidth                       	1	BCCPlus.dll	ExpansionFactor | ForceBold | FontName | PaintType | FontType
Style Apply Mode                  	1	3DObjects	Current Tool | Display 4:3 | Text Auto Update | Min Antialiased Size
Style Display Mode                	1	3DObjects	Min Antialiased Size | Style Apply Mode | Text Window Display Scale
SubSecTime                        	1	BCCPlus.dll	LightSource | Flash | FocalLength | SubjectArea | MakerNote | UserComment
SubSecTimeDigitized               	1	BCCPlus.dll	SubjectArea | MakerNote | UserComment | SubSecTime | SubSecTimeOriginal
SubSecTimeOriginal                	1	BCCPlus.dll	Flash | FocalLength | SubjectArea | MakerNote | UserComment | SubSecTime
SubjectArea                       	1	BCCPlus.dll	SubjectDistance | MeteringMode | LightSource | Flash | FocalLength
SubjectDistance                   	1	BCCPlus.dll	ApertureValue | BrightnessValue | ExposureBiasValue | MaxApertureValue
SubjectDistanceRange              	1	BCCPlus.dll	SceneCaptureType | GainControl | DeviceSettingDescription
SubjectLocation                   	1	BCCPlus.dll	FocalPlaneXResolution | FocalPlaneYResolution | FocalPlaneResolutionUnit
SubrCount                         	1	BCCPlus.dll	CIDMapOffset | FDBytes | GDBytes | CIDCount | SubrMapOffset | SDBytes
SubrMapOffset                     	1	BCCPlus.dll	UIDBase | XUID | CIDMapOffset | FDBytes | GDBytes | CIDCount
Subrs                             	1	BCCPlus.dll	FontBBox | NDV | CDV | DesignVector | FontMatrix | Encoding
Subtract from Value               	1	BCCPlus.dll	256 | 512 | 1024 | Mixed | Replace Value | Add to Value
Success                           	1	BCCPlus.dll	
Successful.                       	1	3DObjects	Critical Testing:  %s | No reported errors.
Sun Altitude                      	1	BCCPlus.dll	Halo Only
Super                             	1	BCCPlus.dll	Spectrum 11 | Spectrum 12 | Spectrum 13 | Spectrum 14 | Super Twirl | Hyper Twirl
Super Twirl                       	1	BCCPlus.dll	Spectrum 9 | Spectrum 10 | Spectrum 11 | Spectrum 12 | Spectrum 13 | Spectrum 14
Supplement                        	1	BCCPlus.dll	CIDFontName | CIDFontVersion | CIDFontType | Registry | Ordering
Supported.                        	1	3DObjects	CRITICAL ERROR - The hardw | Invalid Critical Error ID.
Suppress                          	1	BCCPlus.dll	
Sustain                           	1	BCCPlus.dll	Unused (Immediate) | Linear | Quadratic Hard | Quadradic Soft
Swap Fg & Bg                      	1	BCCPlus.dll	applyMix | Use Background Alpha | useBackgroundAlpha
Swirling                          	1	BCCPlus.dll	Radial Displacement | Radial Reference Level | Ang. Displacement
Swirling Angle                    	1	BCCPlus.dll	Inner Radius | Outer Radius | Radius Offset | Radius Offset Speed | Wrap X | Wrap Y
Swirling Radius                   	1	BCCPlus.dll	Outer Radius | Radius Offset | Radius Offset Speed | Wrap X | Wrap Y | Swirling Angle
Swish Glow                        	1	BCCPlus.dll	Radial Wipe | Vignette Wipe | Rectangular Wipe | Linear Wipe | Texture Wipe
Swish Pan                         	1	BCCPlus.dll	BCC Warp | bccunitwarp | Video Glitch Dissolve | avx,ofx
Swish Prism                       	1	BCCPlus.dll	Vignette Wipe | Rectangular Wipe | Linear Wipe | Texture Wipe | Swish Glow
Swish Warp                        	1	BCCPlus.dll	Rectangular Wipe | Linear Wipe | Texture Wipe | Swish Glow | Swish Prism
SwishGlow                         	1	BCCPlus.dll	
SwishPan                          	1	BCCPlus.dll	s~ | W|
SwishPrism                        	1	BCCPlus.dll	Prism Shift | prismShift
SwishWarp                         	1	BCCPlus.dll	Warp | warp | X Correction | Y Correction
Switch Project Sharing Option     	1	3DObjects	Share Project | Unshare Project | Switch Scene Render Option
Switch Scene Render Option        	1	3DObjects	Switch to 3D Render | Switch to 2D Composite | Share Project | Unshare Project
Switch to 2D Composite            	1	3DObjects	Switch to 3D Render
Switch to 3D Render               	1	3DObjects	
System Error %d                   	1	3DObjects	Continuum 2026 Error | No resource string for thi
T H E Z O C Q S                   	1	BCCPlus.dll	
T T0T1T.T                         	1	BCCPlus.dll	T T0T,T | @ | P | T T0T,T | @ | P
TEMP                              	1	3DObjects	Full Frames (Uncompressed) | N\A | Uncompressed 32-bit
TEMP TEMP TEMP                    	1	3DObjects	F12 | F13 | F14 | F15 | Separator | Seperator
TIFFFieldWithName                 	1	BCCPlus.dll	TIFFFieldWithTag | Internal error, unknown ta
TIFFGetField                      	1	3DObjects	%s: Unknown %stag %u | %s: Cannot modify tag "%s"
TIFFInitJPEG                      	1	BCCPlus.dll	No space for JPEG state bl
TIFFInitLZW                       	1	BCCPlus.dll	No space for LZW hash tabl
TIFFInitPixarLog                  	1	BCCPlus.dll	%s: Encoder error: %s | No space for PixarLog stat
TIFFInitSGILog                    	1	BCCPlus.dll	TIFFInitJPEG | LogL16InitState | LogLuvInitState
TIFFInitZIP                       	1	BCCPlus.dll	No space for ZIP state blo
TIFFLIB                           	1	3DObjects	Assuming 8-bit colormap | TIFFOpen | %s Warning
TIFFNumberOfStrips                	1	BCCPlus.dll	Can not read scanlines fro | wm | Integer overflow in %s
TIFFNumberOfTiles                 	1	BCCPlus.dll	%lu: Col out of range, max | %lu: Depth out of range, m
TIFFOpenW                         	1	BCCPlus.dll	TIFFOpen
TIFFRasterScanlineSize            	1	BCCPlus.dll	Invalid YCbCr subsampling | TIFFVStripSize | TIFFScanlineSize
TIFFReadCustomDirectory           	1	BCCPlus.dll	Internal error, unknown ta | TIFFFieldWithName | Tag %d | TIFFReadDirectory
TIFFReadDirectory                 	1	BCCPlus.dll	TIFFFieldWithTag | Internal error, unknown ta | TIFFFieldWithName | Tag %d
TIFFRewriteDirectory              	1	BCCPlus.dll	for chopped "StripByteCoun | for chopped "StripOffsets"
TIFFScanlineSize                  	1	BCCPlus.dll	TIFFNumberOfStrips | Invalid YCbCr subsampling | TIFFVStripSize
TIFFTileRowSize                   	1	BCCPlus.dll	%lu: Depth out of range, m | TIFFNumberOfTiles
TIFFVStripSize                    	1	BCCPlus.dll	wm | Integer overflow in %s | TIFFNumberOfStrips | Invalid YCbCr subsampling
TIFFVTileSize                     	1	BCCPlus.dll	%lu: Depth out of range, m | TIFFNumberOfTiles | TIFFTileRowSize
TIFFWriteScanline                 	1	BCCPlus.dll	Can't allocate space for f | <unknown>
TKFe                              	1	3DObjects	FPFe
TL X                              	1	BCCPlus.dll	Mocha Parameter Track | Smooth Path | smooth |  Uses Mocha |  Offset
TL Y                              	1	BCCPlus.dll	Mocha Parameter Track | Smooth Path | smooth |  Uses Mocha |  Offset | TL X
TR X                              	1	BCCPlus.dll	Smooth Path | smooth |  Uses Mocha |  Offset | TL X | TL Y
TR Y                              	1	BCCPlus.dll	smooth |  Uses Mocha |  Offset | TL X | TL Y | TR X
TRANSFORMATIONS                   	1	3DObjects	
TRK1                              	1	BCCPlus.dll	mochaextractedparamdata | MEP1
TYPE OFF REMOVE                   	1	3DObjects	Forward|Reverse|Random | Type Off
TYPE ON REVEAL                    	1	3DObjects	Type On Text | Type On
TableType                         	1	3DObjects	FrameList
Tag %d                            	1	BCCPlus.dll	TIFFFieldWithTag | Internal error, unknown ta | TIFFFieldWithName
Tangerine 1                       	1	BCCPlus.dll	Cranberry 1 | Cranberry 2 | Cranberry 3
Tangerine 2                       	1	BCCPlus.dll	Cranberry 1 | Cranberry 2 | Cranberry 3 | Tangerine 1
Tangerine 3                       	1	BCCPlus.dll	Cranberry 1 | Cranberry 2 | Cranberry 3 | Tangerine 1 | Tangerine 2
Target%d.tga                      	1	3DObjects	Search%d.tga
Tcommaaccent                      	1	BCCPlus.dll	fraction | hyphen | macron | mu | periodcentered | space
Teeth                             	1	BCCPlus.dll	Eyebrow Right | Eye Left | Eye Right | Lip Top | Lip Bottom | Mouth
TempTrack                         	1	3DObjects	
Temporal Smooth                   	1	BCCPlus.dll	Depth Map | Output Mode | Mapping Mode | Guide Far | Guide Near | sm
Test                              	1	BCCPlus.dll	42
Text Auto Update                  	1	3DObjects	Show Transformations | Show Masks | Current Tool | Display 4:3
Text Renderer                     	1	BCCPlus.dll	sizeMode | Position Mode X | positionModeX | Position Mode Y | positionModeY
Text Shape Font Option            	1	3DObjects	RED Record Button | Text Window Color Ramp | Hide materials in timeline
Text Shape Size Option Float      	1	3DObjects	Text Window Color Ramp | Hide materials in timeline | Text Shape Font Option
Text Style Category               	1	3DObjects	Display Scale | Color Style Category | Gradient Style Category
Text Style Frame Size             	1	3DObjects	Color Style Frame Size | Gradient Style Frame Size
Text Tool Shape                   	1	3DObjects	Render Fields as Frames | Undo Levels | Number of Recent Files
Text Window Color Ramp            	1	3DObjects	Default Interpolation | Secondary Interpolation | RED Record Button
Text Window Display Scale         	1	3DObjects	Display 4:3 | Text Auto Update | Min Antialiased Size | Style Apply Mode
Text files                        	1	3DObjects	Open Shortcuts | Save Shortcuts | Restore Defaults
TextHandle                        	1	3DObjects	Pie-%4.1f%% | Pie-%4.1f | ColorStyle | NaturalStyle | SplineStyle
TextStyles                        	1	3DObjects	
Textbox                           	1	BCCPlus.dll	Text | Default Font | Bold Font | Italic Font
Texture -                         	1	3DObjects	
Texture 15                        	1	BCCPlus.dll	
Texture Composite                 	1	3DObjects	adding SceneGeneratedTextu | SetChannelToTexture leave
Texture DVE                       	1	BCCPlus.dll	
Texture Only                      	1	BCCPlus.dll	
Texture Wipe                      	1	BCCPlus.dll	Swish Pan | Radial Wipe | Vignette Wipe | Rectangular Wipe | Linear Wipe
Texture cache full for this render pass	1	3DObjects	new texture format manager | Force Adding texture to hw
TextureFormat                     	1	BCCPlus.dll	DataType | ImageDepth | TileDepth | ImageFullWidth | ImageFullLength
TextureWrapModes                  	1	BCCPlus.dll	ImageDepth | TileDepth | ImageFullWidth | ImageFullLength | TextureFormat
The input array must be CvMatND   	1	BCCPlus.dll	The output header should b
The output array size is incorrect	1	BCCPlus.dll	cvReduce | The reduced dimensionality
The output header should be CvMat or CvMatND	1	BCCPlus.dll	New dimension sizes are no
The output header should be CvMatND	1	BCCPlus.dll	The total matrix width is
The reduced dimensionality index is out of range	1	BCCPlus.dll	srcA.size() == dst.size()  | cvReduce
The source array must be 1d continuous vector	1	BCCPlus.dll	Invalid destination sequen | Source is not a sequence n
The type of sample count slice should be UINT.	1	BCCPlus.dll	
The vertex does not belong to the graph	1	BCCPlus.dll	set != NULL | cvCreateGraph | cvClearGraph | cvGraphAddVtx | cvGraphRemoveVtxByPtr
The vertex is not found           	1	BCCPlus.dll	The vertex does not belong | cvGraphRemoveVtx
The written string is too long    	1	BCCPlus.dll	nattr % 2 == 0 | len0 > 0 | cv::XMLEmitter::write | Null string pointer
The wrong closing bracket         	1	BCCPlus.dll	An empty key | cv::YAMLParser::parseValue | <tag:yaml.org,2002: | Empty type name
There should be space between literals	1	BCCPlus.dll	tag_type == CV_XML_OPENING | str | seq | Mismatched closing tag
This version of the library does not	1	BCCPlus.dll	file table size    : | support the allocation of
This version of the library does not support 	1	BCCPlus.dll	file unpacked size : | the allocation of data wit
Thorn                             	1	BCCPlus.dll	logicalnot | mu | trademark | Eth | onehalf | plusminus
Thornsmall                        	1	BCCPlus.dll	Oslashsmall | Ugravesmall | Uacutesmall | Ucircumflexsmall | Udieresissmall | Yacutesmall
Three Strip                       	1	BCCPlus.dll	aO | Two Strip
Threshold w Boost + Desat         	1	BCCPlus.dll	Eye Light | Luma Inverted | Alpha Inverted
Tiffen                            	1	BCCPlus.dll	Cool Blue 5 | Blue 1 | Blue 2 | Blue 3 | Blue 4 | Blue 5
Tildesmall                        	1	BCCPlus.dll	Xsmall | Ysmall | Zsmall | colonmonetary | onefitted | rupiah
Tile                              	1	BCCPlus.dll	Blue | Alpha | Luminance | White | Gray | Black
Tile Map                          	1	BCCPlus.dll	Inside Oval | Outside Oval | All | gamma | Center Map | Stretch Map to Fit
Tile size too large for OpenEXR format	1	BCCPlus.dll	TiledInputFile used for no
Tiled image has no tile description attribute.	1	BCCPlus.dll	Headers in a multipart fil
TiledInputFile used for non-tiledimage part.	1	BCCPlus.dll	File is not a regular tile
Time Filter Pref                  	1	3DObjects	OGL Render Option | Use Sticky Tools | Timeline Expanded
Time Symmetry                     	1	BCCPlus.dll	blueAmount | Flicker Type | flickerType | Flicker Style | flickerStyle
Timecode                          	1	3DObjects	00:00:00;00
Timed out waiting for client      	1	BCCPlus.dll	server shmem fs=
Timeline Accelerated Filter Track Color	1	3DObjects	Timeline Container Track C | Timeline Filter Track Colo
Timeline Background Color         	1	3DObjects	OGL Render Option(Plugin) | Timeline Selection Color
Timeline Button 10a               	1	3DObjects	Timeline Button 6a | Timeline Button 7a | Timeline Button 8a | Timeline Button 9a
Timeline Button 10b               	1	3DObjects	Timeline Button 6b | Timeline Button 7b | Timeline Button 8b | Timeline Button 9b
Timeline Button 11a               	1	3DObjects	Timeline Button 7a | Timeline Button 8a | Timeline Button 9a | Timeline Button 10a
Timeline Button 11b               	1	3DObjects	Timeline Button 7b | Timeline Button 8b | Timeline Button 9b | Timeline Button 10b
Timeline Button 12a               	1	3DObjects	Timeline Button 8a | Timeline Button 9a | Timeline Button 10a | Timeline Button 11a
Timeline Button 12b               	1	3DObjects	Timeline Button 8b | Timeline Button 9b | Timeline Button 10b | Timeline Button 11b
Timeline Button 13a               	1	3DObjects	Timeline Button 9a | Timeline Button 10a | Timeline Button 11a | Timeline Button 12a
Timeline Button 13b               	1	3DObjects	Timeline Button 9b | Timeline Button 10b | Timeline Button 11b | Timeline Button 12b
Timeline Button 14a               	1	3DObjects	Timeline Button 10a | Timeline Button 11a | Timeline Button 12a | Timeline Button 13a
Timeline Button 14b               	1	3DObjects	Timeline Button 10b | Timeline Button 11b | Timeline Button 12b | Timeline Button 13b
Timeline Button 1a                	1	3DObjects	Text Tool Shape | Mouse Interrupts Rendering | Enable AE Interpolation
Timeline Button 1b                	1	3DObjects	Timeline Button 11a | Timeline Button 12a | Timeline Button 13a | Timeline Button 14a
Timeline Button 2a                	1	3DObjects	Mouse Interrupts Rendering | Enable AE Interpolation | Timeline Button 1a
Timeline Button 3a                	1	3DObjects	Enable AE Interpolation | Timeline Button 1a | Timeline Button 2a
Timeline Button 4a                	1	3DObjects	Timeline Button 1a | Timeline Button 2a | Timeline Button 3a
Timeline Button 4b                	1	3DObjects	Timeline Button 12a | Timeline Button 13a | Timeline Button 14a | Timeline Button 1b
Timeline Button 5a                	1	3DObjects	Timeline Button 1a | Timeline Button 2a | Timeline Button 3a | Timeline Button 4a
Timeline Button 5b                	1	3DObjects	Timeline Button 13a | Timeline Button 14a | Timeline Button 1b | Timeline Button 4b
Timeline Button 6a                	1	3DObjects	Timeline Button 2a | Timeline Button 3a | Timeline Button 4a | Timeline Button 5a
Timeline Button 6b                	1	3DObjects	Timeline Button 14a | Timeline Button 1b | Timeline Button 4b | Timeline Button 5b
Timeline Button 7a                	1	3DObjects	Timeline Button 3a | Timeline Button 4a | Timeline Button 5a | Timeline Button 6a
Timeline Button 7b                	1	3DObjects	Timeline Button 1b | Timeline Button 4b | Timeline Button 5b | Timeline Button 6b
Timeline Button 8a                	1	3DObjects	Timeline Button 4a | Timeline Button 5a | Timeline Button 6a | Timeline Button 7a
Timeline Button 8b                	1	3DObjects	Timeline Button 4b | Timeline Button 5b | Timeline Button 6b | Timeline Button 7b
Timeline Button 9a                	1	3DObjects	Timeline Button 5a | Timeline Button 6a | Timeline Button 7a | Timeline Button 8a
Timeline Button 9b                	1	3DObjects	Timeline Button 5b | Timeline Button 6b | Timeline Button 7b | Timeline Button 8b
Timeline Container Track Color    	1	3DObjects	Timeline Shape Track Color | Timeline Keyframe Color | Timeline Media Track Color
Timeline Divider Position         	1	3DObjects	Split View Scale-eTopViewM | Aspect X | Aspect Y
Timeline Expanded                 	1	3DObjects	Font Style Frame Size | OGL Render Option | Use Sticky Tools
Timeline Filter Track Color       	1	3DObjects	Timeline Media Track Color | Timeline Container Track C
Timeline Keyframe Color           	1	3DObjects	Timeline Selection Color | Timeline Background Color | Timeline Shape Track Color
Timeline Media Track Color        	1	3DObjects	Timeline Background Color | Timeline Shape Track Color | Timeline Keyframe Color
Timeline Selection Color          	1	3DObjects	OGL Max Texture Memory(Plu | OGL Render Option(Plugin)
Timeline Shader Track Color       	1	3DObjects	Timeline Filter Track Colo | Timeline Accelerated Filte
Timeline Shape Track Color        	1	3DObjects	OGL Render Option(Plugin) | Timeline Selection Color | Timeline Background Color
Timeout                           	1	Common	' | p | No error | Invalid segment
Tint Mode                         	1	BCCPlus.dll	
TintWarmCool                      	1	Common	
Title Container                   	1	3DObjects	Two-Sided Plane | Mask | 3D Container | 3D Line Art | Text
To Midpoint                       	1	BCCPlus.dll	Slice | Front to Back | Back to Front | From Midpoint
Tobacco 1                         	1	BCCPlus.dll	Tangerine 1 | Tangerine 2 | Tangerine 3 | Straw 1 | Straw 2 | Straw 3
Tobacco 2                         	1	BCCPlus.dll	Tangerine 2 | Tangerine 3 | Straw 1 | Straw 2 | Straw 3 | Tobacco 1
Tobacco 3                         	1	BCCPlus.dll	Tangerine 3 | Straw 1 | Straw 2 | Straw 3 | Tobacco 1 | Tobacco 2
Toggle Selected Object            	1	3DObjects	Ze
Toggle Thumbnail Backgroun        	1	3DObjects	Crop Point Color | Crop Line Color | Back Color | Render Background
Tone Adjust                       	1	BCCPlus.dll	^  | DeNoise
Too long string literal           	1	BCCPlus.dll	Invalid character in the s | string is too long
Tools                             	1	3DObjects	
Tooltips                          	1	3DObjects	Localizable
Top Bump File                     	1	3DObjects	Top Texture File | Top Texture Layer
Top Bump Layer                    	1	3DObjects	Top Texture File | Top Texture Layer | Top Bump File
Top MATERIAL                      	1	3DObjects	SIDE MATERIAL | BEVEL MATERIAL | FRONT MATERIAL | BACK MATERIAL
Top Material                      	1	3DObjects	Material | Front Material | Back Material | Left Material
Top Texture File                  	1	3DObjects	
Top Texture Layer                 	1	3DObjects	Top Texture File
Top to Bottom                     	1	BCCPlus.dll	Alpha Masked | Rounded Rectangle | Mocha Spline | AE Host Mask | Circular | Strip
Top-Left                          	1	BCCPlus.dll	Region | regionGroup
Top-to-bottom                     	1	BCCPlus.dll	Circle | Half Circle | Absolute Value | Solid | Gradient
Total Scale                       	1	BCCPlus.dll	
TrackKern                         	1	BCCPlus.dll	StartKernPairs | StartKernPairs0 | StartKernPairs1 | StartTrackKern
Transform Order                   	1	BCCPlus.dll	surface | Surface
Transformations                   	1	3DObjects	
Transition                        	1	BCCPlus.dll	Start -> End | transition
Triangle                          	1	BCCPlus.dll	|\ | {! | Bilinear
Tried to read a raw scanline from a deep image.	1	BCCPlus.dll	InputFile cannot handle pa
Tried to read a raw scanline from a tiled image.	1	BCCPlus.dll	Tried to read a raw scanli
Tropic Blue 1                     	1	BCCPlus.dll	Plum 1 | Plum 2 | Plum 3 | Grape 1 | Grape 2 | Grape 3
Tropic Blue 2                     	1	BCCPlus.dll	Plum 2 | Plum 3 | Grape 1 | Grape 2 | Grape 3 | Tropic Blue 1
Tropic Blue 3                     	1	BCCPlus.dll	Plum 3 | Grape 1 | Grape 2 | Grape 3 | Tropic Blue 1 | Tropic Blue 2
TrueType                          	1	BCCPlus.dll	.notdef | interpreter-version
Truncated compressed data in IDAT 	1	BCCPlus.dll	Not enough compressed data | No IDAT data (internal err
Trying to remove these directories...	1	BCCPlus.dll	Detected OpenCL cache dire
Tsmall                            	1	BCCPlus.dll	Nsmall | Osmall | Psmall | Qsmall | Rsmall | Ssmall
Two Strip                         	1	BCCPlus.dll	aO
Two-Sided Plane                   	1	3DObjects	Option Change |  [ | One-Sided Plane | Cube | Sphere | Cylinder
Type 42                           	1	BCCPlus.dll	
Type Off                          	1	3DObjects	Forward|Reverse|Random
Type On                           	1	3DObjects	Bottom Material | Type On Text
Type On Text                      	1	3DObjects	Right Material | Bottom Material
U U0U1U.U                         	1	BCCPlus.dll	P | T | U U0U,U | @ | P | T
UD WriteMachineInfo GPU enumeration failed	1	Common	AE | 19.0.0
UDCollectUsageData                	1	Common	?zaxis@p3f@OGL@@SA?AV12@XZ | BCCTextureLoader | Common | CommonSoftLinkError | GetOpenCLCardsInfo
UDGetFilenameAndCloseForUpload    	1	Common	BCCTextureLoader | Common | CommonSoftLinkError | GetOpenCLCardsInfo | UDCollectUsageData
UDLogCreateEvent                  	1	Common	Common | CommonSoftLinkError | GetOpenCLCardsInfo | UDCollectUsageData | UDGetFilenameAndCloseForUp
UDLogDestroyEvent                 	1	Common	GetOpenCLCardsInfo | UDCollectUsageData | UDGetFilenameAndCloseForUp | UDLogCreateEvent
UDMaybeLogParamEvent              	1	Common	UDCollectUsageData | UDGetFilenameAndCloseForUp | UDLogCreateEvent | UDLogDestroyEvent
UDMaybeWriteData                  	1	Common	UDGetFilenameAndCloseForUp | UDLogCreateEvent | UDLogDestroyEvent | UDMaybeLogParamEvent
UDParamSet                        	1	Common	UDLogCreateEvent | UDLogDestroyEvent | UDMaybeLogParamEvent | UDMaybeWriteData
UDSetHostInfo                     	1	Common	UDLogCreateEvent | UDLogDestroyEvent | UDMaybeLogParamEvent | UDMaybeWriteData | UDParamSet
UDUpdateRenderInfo                	1	Common	UDLogDestroyEvent | UDMaybeLogParamEvent | UDMaybeWriteData | UDParamSet | UDSetHostInfo
UIDBase                           	1	BCCPlus.dll	CIDFontVersion | CIDFontType | Registry | Ordering | Supplement
USER                              	1	Common	OSID | OS | RGSTRY | TZ | CNTRY | LANG
UUUUUUUUUUUUUUUU                  	1	BCCPlus.dll	3333333333333333
UV Map                            	1	BCCPlus.dll	N@ | Forward | Reverse | Image
UV Map Smoothness                 	1	BCCPlus.dll	Clamp Displace | clampDisplace | Limit Low Motion | suppressLowMotion
Uacute                            	1	BCCPlus.dll	Oacute | Ocircumflex | Odieresis | Ograve | Otilde | Scaron
Uacutesmall                       	1	BCCPlus.dll	Ocircumflexsmall | Otildesmall | Odieresissmall | OEsmall | Oslashsmall | Ugravesmall
Ucircumflex                       	1	BCCPlus.dll	Ocircumflex | Odieresis | Ograve | Otilde | Scaron | Uacute
Ucircumflexsmall                  	1	BCCPlus.dll	Otildesmall | Odieresissmall | OEsmall | Oslashsmall | Ugravesmall | Uacutesmall
Udieresis                         	1	BCCPlus.dll	Odieresis | Ograve | Otilde | Scaron | Uacute | Ucircumflex
Udieresissmall                    	1	BCCPlus.dll	Odieresissmall | OEsmall | Oslashsmall | Ugravesmall | Uacutesmall | Ucircumflexsmall
Ugrave                            	1	BCCPlus.dll	Ograve | Otilde | Scaron | Uacute | Ucircumflex | Udieresis
Ugravesmall                       	1	BCCPlus.dll	Oacutesmall | Ocircumflexsmall | Otildesmall | Odieresissmall | OEsmall | Oslashsmall
Ultra                             	1	BCCPlus.dll	Low | Medium | High
Unable to apply valid pixel format	1	3DObjects	Incompatible hardware or s
Unable to connect to %s           	1	Common	S_SubprocessShmem: connect
Unable to create gl context       	1	3DObjects	Unable to apply valid pixe
Unable to create gl overlay window	1	3DObjects	Renderer is in an invalid  | Geometric Primitive files
Unable to get hostids             	1	Common	Ether  :  | UUID   :  | USER   :  | HOST   :  | IP     :  | RLMID1 :
Uncircle                          	1	BCCPlus.dll	Ripple | Sine | Square | Sawtooth | Semicircle
Uncompressed 32-bit               	1	3DObjects	Full Frames (Uncompressed) | N\A
Under Source                      	1	BCCPlus.dll	pO
UnderlinePosition                 	1	BCCPlus.dll	version | Notice | FullName | FamilyName | ItalicAngle | isFixedPitch
UnderlineThickness                	1	BCCPlus.dll	FullName | FamilyName | ItalicAngle | isFixedPitch | UnderlinePosition
Undo Levels                       	1	3DObjects	Audio Scrubbing-Incoming | Audio Scrubbing-Outgoing | Render Fields as Frames
Unexpected EOF                    	1	BCCPlus.dll	sourceSignature_ != NULL | sourceSignatureSize_ > 0
Unexpected End-Of-File            	1	BCCPlus.dll	cv::JSONParser::getBase64R | Invalid value input | cv::JSONParser::parseValue
Unexpected attribute type.        	1	BCCPlus.dll	Invalid size field in head | Unexpected type for image
Unexpected character              	1	BCCPlus.dll	ptr is NULL | cv::JSONParser::parseSeq | '[' - left-brace of seq is
Unexpected data block length.     	1	BCCPlus.dll	requested or missing. | Invalid scan line
Unexpected data block y coordinate.	1	BCCPlus.dll	is missing. | Scan line
Unexpected end of file.           	1	BCCPlus.dll	requested bytes. |  out of  | Early end of file: read  | File output failed.
Unexpected end of line            	1	BCCPlus.dll	Comments are not allowed h | Invalid character in the s
Unexpected end of the stream      	1	BCCPlus.dll	Too long string literal | Invalid tag input | cv::XMLParser::parseTag
Unexpected null product.          	1	Common	Full license ( | Unexpected product and/or
Unexpected null type.             	1	Common	Unexpected product and/or  | Unexpected null product.
Unexpected part number            	1	BCCPlus.dll	) is missing. | Tile ( | , should be
Unexpected part number in readNextTileData	1	BCCPlus.dll	Unexpected tile y level nu | Unexpected tile block leng
Unexpected part number.           	1	BCCPlus.dll	This version of the librar
Unexpected tile block length.     	1	BCCPlus.dll	Unexpected tile y level nu
Unexpected tile x coordinate.     	1	BCCPlus.dll	) is missing. | Tile ( | , should be  | Unexpected part number
Unexpected tile x level number coordinate.	1	BCCPlus.dll	Unexpected tile x coordina | Unexpected tile y coordina
Unexpected tile y coordinate.     	1	BCCPlus.dll	Tile ( | , should be  | Unexpected part number  | Unexpected tile x coordina
Unexpected tile y level number coordinate.	1	BCCPlus.dll	Unexpected tile y coordina | Unexpected tile x level nu
Unfiltered Noise                  	1	BCCPlus.dll	
Unhandled compression scheme case 	1	BCCPlus.dll	RLE data corrupted | Bad DWA compression type d | DWA data corrupt
UnicodeWindowClass                	1	3DObjects	EDIT | Segoe UI | Alert Box | Something | Caution Box
Unified depth buffer should be disabled.	1	3DObjects	DualView Acceleration shou
UniqueCameraModel                 	1	BCCPlus.dll	StoNits | InteroperabilityIFDOffset | DNGVersion | DNGBackwardVersion
UniqueID                          	1	BCCPlus.dll	ItalicAngle | isFixedPitch | UnderlinePosition | UnderlineThickness | FSType
Unkeyed                           	1	BCCPlus.dll	Edge Cleaner
Unknown AC Compression            	1	BCCPlus.dll	Error uncompressing UNKNOW | AC data corrupt.
Unknown LevelMode format.         	1	BCCPlus.dll	Cannot determine current f | Bad level mode getting til
Unknown Name                      	1	3DObjects	
Unknown OpenGL error.             	1	Common	
Unknown compression type          	1	BCCPlus.dll	C@
Unknown compression type in image header.	1	BCCPlus.dll	Invalid line order in imag
Unknown custom filter method      	1	BCCPlus.dll	Can't add Average filter a | Can't add Paeth filter aft
Unknown data format %d for LogLuv compression	1	BCCPlus.dll	Y, L | XYZ, Luv | SGILog compression support
Unknown distribution type         	1	BCCPlus.dll	scaleFunc != 0
Unknown encoding %d for LogLuv compression	1	BCCPlus.dll	Unknown data format %d for
Unknown feature                   	1	BCCPlus.dll	OpenCV(%s) %s:%d: error: (
Unknown filter heuristic method   	1	BCCPlus.dll	Can't add Paeth filter aft | Unknown custom filter meth
Unknown function name %s after exectexturefunc	1	3DObjects	can't use exectexturefunc
Unknown pixel data type.          	1	BCCPlus.dll	Bad level mode getting til | Unknown LevelMode format. | Unknown pixel type.
Unknown pixel type.               	1	BCCPlus.dll	Bad level mode getting til | Unknown LevelMode format.
Unknown procedure argument %s     	1	3DObjects	destwidth | destheight | divdestwidth | divdestheight | hide | findChannelInParent
Unknown row filter for method 0   	1	BCCPlus.dll	internal write transform l
Unknown tag type                  	1	BCCPlus.dll	Tag should start with '<' | ptr[1] != '-' || ptr[2] !=
Unknown type of term criteria     	1	BCCPlus.dll	cvSetImageCOI | cvGetImageCOI | cvCloneImage | Bad image header | cvCheckTermCriteria
Unpremultiply                     	1	BCCPlus.dll	
Unrecognized IDmanifest version   	1	BCCPlus.dll	IDManifest too small for s | IDManifest too small for s
Unrecognized equation type for pCAL chunk	1	BCCPlus.dll	iTXt: uncompressed text to | Unrecognized unit type for
Unrecognized unit type for oFFs chunk	1	BCCPlus.dll	iTXt: invalid compression | iTXt: uncompressed text to
Unrecognized unit type for pHYs chunk	1	BCCPlus.dll	pCAL: invalid keyword | Can't write sCAL (buffer t
Unrecognized value                	1	BCCPlus.dll	Invalid escape character | Value 'null' is not suppor
Unshare Project                   	1	3DObjects	Switch to 3D Render | Switch to 2D Composite | Share Project
Unspecified Critical Error        	1	3DObjects	Copy | .h264 | .h265 | .hevc
Unsupported file storage format   	1	BCCPlus.dll	%YAML | <?xml | buf | Input file is invalid
Unsupported input depth           	1	BCCPlus.dll	ddepth == CV_16S || ddepth | _dst.channels() == _src.ch
Unsupported matrix type.          	1	BCCPlus.dll	cv::detail::depthDispatch
Unsupported model                 	1	Common	Texture Rectangle:  | Driver Version:     | OpenGL Version:     | Graphics Card:
Unsupported type                  	1	BCCPlus.dll	elemSize | len % elemSize == 0 | Null data pointer
Unterminated named capture.       	1	BCCPlus.dll	An invalid or unterminated
Unused                            	1	BCCPlus.dll	showGraph | Audio Samplers | samplers
UpRes ML                          	1	BCCPlus.dll	
UpdateOffScreen                   	1	3DObjects	finished CPreviewWindow::U
Upper-Right                       	1	BCCPlus.dll	Type | type | size | angle | Upper-Left | ul
UsageLog                          	1	Common	GetFilenameAndCloseForUplo | BorisFX
Use All                           	1	BCCPlus.dll	lightWrapSpillOnly | lightWrapSpillOnBlack | Mocha Mask | Host Mask
Use Background Alpha              	1	BCCPlus.dll	Alpha Composite | opacity | applyMix
Use External ST Map               	1	BCCPlus.dll	Target Layer | ST Map
Use Percent Done                  	1	3DObjects	Host Mode: Adobe UI Mode | Launch BCC Title Studio
Use SLT Blur                      	1	BCCPlus.dll	
Use Snap to Guides                	1	3DObjects	Enable Snap to Grid | Snap to Grid Sense X | Snap to Grid Sense Y
Use Sticky Tools                  	1	3DObjects	Material Style Frame Size | Font Style Frame Size | OGL Render Option
Use Time Accurate Draft Playback  	1	3DObjects	Show Project Settings on L | Show Project Settings on L
Use Tooltips                      	1	3DObjects	Style Apply Mode | Text Window Display Scale | Style Display Mode
Use Velocity Engine               	1	3DObjects	Material Style Category | Font Style Category | Enable MMX | Enable MP
User                              	1	3DObjects	Bogus | Front | Back
UserActivity                      	1	Common	WritePluginData invalid fi
UserComment                       	1	BCCPlus.dll	MeteringMode | LightSource | Flash | FocalLength | SubjectArea | MakerNote
UserPrefsOptionsMap               	1	Common	FilterPrefsOptionsMap | BrowserPrefsOptionsMap
Usmall                            	1	BCCPlus.dll	Osmall | Psmall | Qsmall | Rsmall | Ssmall | Tsmall
V V0V1V.V                         	1	BCCPlus.dll	P | X | V V0V,V | @ | P | X
VEINS                             	1	3DObjects	generating convolution mat | NOISE
VERBOSE                           	1	BCCPlus.dll	UUUUUUUUUUUUUUUU | := | DEBUG | ERROR | FATAL | SILENT
VSX3                              	1	BCCPlus.dll	AVX512BITALG | AVX512VPOPCNTDQ | AVX5124VNNIW | AVX5124FMAPS | NEON | VSX
VSfloat                           	1	3DObjects	cubmapz+ | cubmapz- | pack4 | pack2 | pack3 | pack3+1
VVector                           	1	BCCPlus.dll	StartKernPairs0 | StartKernPairs1 | StartTrackKern | TrackKern | VV
Valid palette required for paletted images	1	BCCPlus.dll	Writing zero-length unknow | profile matches sRGB but w
Values                            	1	3DObjects	ChartContainer | Legend
Vanishing Point                   	1	BCCPlus.dll	DeFog
Variable                          	1	BCCPlus.dll	Fixed
Vector Displacement               	1	3DObjects	Displacement Map | Polar Displacement
VectorArg                         	1	3DObjects	%g | PointArg
Vegas                             	1	3DObjects	" | "? | Prem
Velocity Remap                    	1	3DObjects	Polar Displacement | Vector Displacement | DeGrain | Match Grain | Film Process
Version                           	1	BCCPlus.dll	StartKernPairs1 | StartTrackKern | TrackKern | VV | VVector
Version                           	1	BCCPlus.dll	not supported for deepsca
Vert. Displacement                	1	BCCPlus.dll	amountX | refLevelX | channelY
Vertical Map                      	1	BCCPlus.dll	sourceMap | Processed Map | processedMap | Horizontal Map | horizMap
Vertical Streaks                  	1	BCCPlus.dll	0? | Streaks | Horizontal Streaks
Vertical Strip                    	1	BCCPlus.dll	Horizontal Strip
Vertical Variance                 	1	BCCPlus.dll	colorVariance | posVariance
Vibrance                          	1	BCCPlus.dll	White-point | Black-point | Auto-Equalize | Recovery | Fill Light | Blacks
Video 2                           	1	3DObjects	Use Percent Done | Enable Percent Done Contro | Video Err
Video 3                           	1	3DObjects	Enable Percent Done Contro | Video Err | Video 2
Video 4                           	1	3DObjects	Video Err | Video 2 | Video 3
Video 5                           	1	3DObjects	Video Err | Video 2 | Video 3 | Video 4
Video 6                           	1	3DObjects	Video Err | Video 2 | Video 3 | Video 4 | Video 5
Video 7                           	1	3DObjects	Video Err | Video 2 | Video 3 | Video 4 | Video 5 | Video 6
Video Aspect                      	1	3DObjects	Crop Line Color | Back Color | Render Background | Toggle Thumbnail Backgroun
Video Err                         	1	3DObjects	Use Percent Done | Enable Percent Done Contro
Video Glitch                      	1	BCCPlus.dll	greenScale | greenScaleXY | blueScale | blueScaleXY
Video Glitch Dissolve             	1	BCCPlus.dll	Camera Shake Dissolve | Light Leaks Dissolve | BCC Warp | bccunitwarp
View Layer                        	1	BCCPlus.dll	Map Layer Orig | Z Map | Focus Map | Mask Defocused Pixels | Noisy Iris
View Matte Source                 	1	BCCPlus.dll	Matte Post Process
View Rays                         	1	BCCPlus.dll	Pre Glow | Post Glow | Smoky Rays | View Smoke Matte
View Smoke Matte                  	1	BCCPlus.dll	Ambient Light | Pre Glow | Post Glow | Smoky Rays
View Smoky Rays                   	1	BCCPlus.dll	Pre Glow | Post Glow | Smoky Rays | View Smoke Matte | View Rays
Vignette Wipe                     	1	BCCPlus.dll	bccunitwarp | Video Glitch Dissolve | avx,ofx | Swish Pan | Radial Wipe
VignetteWipe                      	1	BCCPlus.dll	
Vivid Light                       	1	BCCPlus.dll	Soft Light | Hard Light
Volume                            	1	3DObjects	Last Filter | More Filters
Volumetric Rays                   	1	BCCPlus.dll	Pre/Post Flicker | order
Vsmall                            	1	BCCPlus.dll	Psmall | Qsmall | Rsmall | Ssmall | Tsmall | Usmall
W W0W1W.W                         	1	BCCPlus.dll	W W0W,W | @ | P | W W0W,W | @ | P
WAVE                              	1	BCCPlus.dll	Attempt to access an unini | RIFF | FORM
WINHTTP.dll                       	1	Common	1 | WinHttpOpen | ' | WinHttpGetProxyForUrl | & | WinHttpGetIEProxyConfigFor
WRITE                             	1	BCCPlus.dll	Channel: shared header is  | READ
WSAIoctl                          	1	Common	I | WSASend | 6
WSARecv                           	1	Common	I | WSASend | 6 | WSAIoctl | D
WSASend                           	1	Common	I
WSASocketW                        	1	Common	WSASend | 6 | WSAIoctl | D | WSARecv | S
Waited for DS but got nothing     	1	3DObjects	RingBuffer: DS just finish
Waiting for client...             	1	BCCPlus.dll	server shmem fs= | Timed out waiting for clie | Client connected.
We can only process version 1     	1	BCCPlus.dll	or  | The following are supporte | is not a supported image t
Weekday is out of range 0..6      	1	BCCPlus.dll	could not convert calendar
WeightVector                      	1	BCCPlus.dll	Private | BlendDesignPositions | BlendDesignMap | BlendAxisTypes
White Clip                        	1	BCCPlus.dll	matteBlend | Black Clip | clipBlack
White-point                       	1	BCCPlus.dll	5]
WhiteBalance                      	1	BCCPlus.dll	FileSource | SceneType | CFAPattern | CustomRendered | ExposureMode
WhiteLevel                        	1	BCCPlus.dll	BlackLevelRepeatDim | BlackLevel | BlackLevelDeltaH | BlackLevelDeltaV
Wide Angle Lens                   	1	BCCPlus.dll	
Width is too large for libpng to process pixels	1	BCCPlus.dll	Invalid image width in IHD | Invalid image height in IH
WinHttpGetIEProxyConfigForCurrentUser	1	Common	WinHttpGetDefaultProxyConf | 1 | WinHttpOpen | ' | WinHttpGetProxyForUrl | &
Window                            	1	3DObjects	Tools | File | Edit | Composition | Filters
WindowBounds %d %d %d %d          	1	3DObjects	midDepth | focalDepth | blend%d
Windows FNT                       	1	BCCPlus.dll	Bold Italic
Windows OS Version UNKNOWN        	1	Common	Unknown | 1.0 | Software\Microsoft\Windows | ProductName | %d.%d | %s %s
With Black Background             	1	BCCPlus.dll	grain.* | postcc.* | orbs.* | alphaComposite.* | Atmospheric Glow
Witness Protection ML             	1	BCCPlus.dll	Face Detection ML
Working...                        	1	3DObjects	Insufficient memory for im |  Proceed Anyway? | .DDS
Wrap Edges                        	1	BCCPlus.dll	displaceSource
Wrap On Black                     	1	BCCPlus.dll	Wrap Only
Wrap Only                         	1	BCCPlus.dll	
Wrap X                            	1	BCCPlus.dll	CenterXY | Inner Radius | Outer Radius | Radius Offset | Radius Offset Speed
Wrap Y                            	1	BCCPlus.dll	CenterXY | Inner Radius | Outer Radius | Radius Offset | Radius Offset Speed | Wrap X
Write Error                       	1	BCCPlus.dll	Call to NULL write functio
Write-on                          	1	3DObjects	Split Contours | Reverse Contour | Next Key | Previous Key | Delete Key
Writing zero-length unknown chunk 	1	BCCPlus.dll	Call to NULL write functio | Write Error
Wsmall                            	1	BCCPlus.dll	Qsmall | Rsmall | Ssmall | Tsmall | Usmall | Vsmall
X Axis                            	1	BCCPlus.dll	
X Bias                            	1	BCCPlus.dll	
X Correction                      	1	BCCPlus.dll	Warp | warp
X Offset                          	1	BCCPlus.dll	
X X0X1X.X                         	1	BCCPlus.dll	X X0X,X | @ | P | X X0X,X | @ | P
X-Ray                             	1	BCCPlus.dll	bccunitartlooks
XClipPathUnits                    	1	BCCPlus.dll	ExtraSamples | SampleFormat | SMinSampleValue | SMaxSampleValue | ClipPath
XHeight                           	1	BCCPlus.dll	W0Y | W1 | W1X | W1Y | WX | WY
XML declaration not well-formed   	1	BCCPlus.dll	must not undeclare prefix | incomplete markup in param
XML or text declaration not at start of entity	1	BCCPlus.dll	reference to binary entity | reference to external enti
XMLPacket                         	1	BCCPlus.dll	YCbCrCoefficients | YCbCrSubsampling | YCbCrPositioning | ReferenceBlackWhite
XUID                              	1	BCCPlus.dll	CIDFontType | Registry | Ordering | Supplement | UIDBase
XingInfo                          	1	BCCPlus.dll	G | G | G | G
Xray                              	1	BCCPlus.dll	After Incoming | After Both | Film Grunge | Invert Monochrome
Xsmall                            	1	BCCPlus.dll	Rsmall | Ssmall | Tsmall | Usmall | Vsmall | Wsmall
Y Axis                            	1	BCCPlus.dll	X Axis
Y Bias                            	1	BCCPlus.dll	X Bias
Y Correction                      	1	BCCPlus.dll	Warp | warp | X Correction
Y Y0Y1Y.Y                         	1	BCCPlus.dll	P | X | Y Y0Y,Y | @ | P | X
YCbCr                             	1	BCCPlus.dll	RGB color | palette color (RGB from co | transparency mask | separated
YClipPathUnits                    	1	BCCPlus.dll	SMinSampleValue | SMaxSampleValue | ClipPath | XClipPathUnits
Yacute                            	1	BCCPlus.dll	Otilde | Scaron | Uacute | Ucircumflex | Udieresis | Ugrave
Yacutesmall                       	1	BCCPlus.dll	OEsmall | Oslashsmall | Ugravesmall | Uacutesmall | Ucircumflexsmall | Udieresissmall
Ydieresis                         	1	BCCPlus.dll	Scaron | Uacute | Ucircumflex | Udieresis | Ugrave | Yacute
Ydieresissmall                    	1	BCCPlus.dll	Ugravesmall | Uacutesmall | Ucircumflexsmall | Udieresissmall | Yacutesmall | Thornsmall
Yellow 1                          	1	BCCPlus.dll	Pink 5 | Red 1 | Red 2 | Red 3 | Red 4 | Red 5
Yellow 2                          	1	BCCPlus.dll	Red 1 | Red 2 | Red 3 | Red 4 | Red 5 | Yellow 1
Yellow 3                          	1	BCCPlus.dll	Red 2 | Red 3 | Red 4 | Red 5 | Yellow 1 | Yellow 2
Yellow 4                          	1	BCCPlus.dll	Red 3 | Red 4 | Red 5 | Yellow 1 | Yellow 2 | Yellow 3
Yellow 5                          	1	BCCPlus.dll	Red 4 | Red 5 | Yellow 1 | Yellow 2 | Yellow 3 | Yellow 4
Ysmall                            	1	BCCPlus.dll	Ssmall | Tsmall | Usmall | Vsmall | Wsmall | Xsmall
Z 2i                              	1	AE_8Bit.dll	
Z C2                              	1	AE_16Bit.dll	
Z Gamma                           	1	BCCPlus.dll	focalPoint
Z Position                        	1	BCCPlus.dll	Transform | transform | detail
Z XC                              	1	AE_Float.dll	
Z Z0Z1Z.Z                         	1	BCCPlus.dll	P | X | Z Z0Z,Z | @ | P | X
Z0E1                              	1	AE_8Bit.dll	
ZBack                             	1	BCCPlus.dll	
ZIPDecode                         	1	BCCPlus.dll	%s: Seek error at scanline | %s: Write error at scanlin | ZIPSetupDecode
ZIPEncode                         	1	BCCPlus.dll	%s: Write error at scanlin | ZIPSetupDecode | ZIPDecode | ZIPSetupEncode
ZIPPostEncode                     	1	BCCPlus.dll	ZIPSetupDecode | ZIPDecode | ZIPSetupEncode | ZIPEncode
ZIPSetupDecode                    	1	BCCPlus.dll	%s: Seek error at scanline | %s: Write error at scanlin
ZIPSetupEncode                    	1	BCCPlus.dll	%s: Write error at scanlin | ZIPSetupDecode | ZIPDecode
ZIPVSetField                      	1	BCCPlus.dll	ZIPSetupDecode | ZIPDecode | ZIPSetupEncode | ZIPEncode | ZIPPostEncode
ZPhr                              	1	AE_8Bit.dll	G{
ZPuB                              	1	AE_8Bit.dll	
Zcaron                            	1	BCCPlus.dll	Uacute | Ucircumflex | Udieresis | Ugrave | Yacute | Ydieresis
Zcaronsmall                       	1	BCCPlus.dll	rupiah | Tildesmall | exclamdownsmall | centoldstyle | Lslashsmall | Scaronsmall
Zero                              	1	BCCPlus.dll	vector<bool> too long
Zone                              	1	BCCPlus.dll	zone5 | zone6 | zone7 | zone8 | zone9 | zone10
Zsmall                            	1	BCCPlus.dll	Tsmall | Usmall | Vsmall | Wsmall | Xsmall | Ysmall
